season,date,home_team,away_team,home_score,away_score,result_code,source,odds_home_pinnacle,odds_draw_pinnacle,odds_away_pinnacle,odds_home_max,odds_draw_max,odds_away_max,odds_home_avg,odds_draw_avg,odds_away_avg,imp_home_pinnacle,imp_draw_pinnacle,imp_away_pinnacle,overround_pinnacle,imp_home_max,imp_draw_max,imp_away_max,overround_max,imp_home_avg,imp_draw_avg,imp_away_avg,overround_avg
2012/2013,2012-07-21,Chiapas,Tigres UANL,0,4,-1,football-data,2.93,3.34,2.6,2.95,3.5,2.64,2.74,3.1,2.51,0.341296928327645,0.29940119760479045,0.3846153846153846,0.02531351054782016,0.3389830508474576,0.2857142857142857,0.3787878787878788,0.003485215349622095,0.36496350364963503,0.3225806451612903,0.39840637450199207,0.08595052331291742
2012/2013,2012-07-21,Cruz Azul,Morelia,0,0,0,football-data,2.02,3.53,4.13,2.1,3.7,4.13,2.0,3.26,3.56,0.49504950495049505,0.28328611898017,0.24213075060532688,0.02046637453599187,0.47619047619047616,0.27027027027027023,0.24213075060532688,-0.0114085029339267,0.5,0.3067484662576687,0.2808988764044944,0.08764734266216312
2012/2013,2012-07-21,Queretaro,Leon,0,2,-1,football-data,3.82,3.25,2.22,3.82,3.35,2.29,3.26,3.18,2.16,0.2617801047120419,0.3076923076923077,0.4504504504504504,0.019922862854799828,0.2617801047120419,0.29850746268656714,0.4366812227074236,-0.003031209893967435,0.3067484662576687,0.31446540880503143,0.4629629629629629,0.08417683802566289
2012/2013,2012-07-21,Tijuana,Puebla,2,0,1,football-data,1.91,3.58,4.49,2.24,3.58,4.49,1.93,3.26,3.83,0.5235602094240838,0.27932960893854747,0.22271714922048996,0.0256069675831212,0.4464285714285714,0.27932960893854747,0.22271714922048996,-0.05152467041239106,0.5181347150259068,0.3067484662576687,0.2610966057441253,0.08597978702770082
2012/2013,2012-07-22,Atlas,Pumas UNAM,1,1,0,football-data,2.63,3.23,2.98,2.71,3.25,2.98,2.53,3.04,2.76,0.3802281368821293,0.30959752321981426,0.33557046979865773,0.02539612990060136,0.36900369003690037,0.3076923076923077,0.33557046979865773,0.012266467527865865,0.3952569169960475,0.32894736842105265,0.3623188405797102,0.08652312599681045
2012/2013,2012-07-22,Monterrey,America,0,0,0,football-data,1.85,3.87,4.5,2.1,3.87,4.5,1.92,3.37,3.79,0.5405405405405405,0.25839793281653745,0.2222222222222222,0.021160695579300004,0.47619047619047616,0.25839793281653745,0.2222222222222222,-0.04318936877076418,0.5208333333333334,0.29673590504451036,0.2638522427440633,0.08142148112190695
2012/2013,2012-07-22,Santos Laguna,Atl. San Luis,2,1,1,football-data,1.71,3.85,5.62,1.72,4.4,5.75,1.63,3.63,5.06,0.5847953216374269,0.2597402597402597,0.17793594306049823,0.022471524438184787,0.5813953488372093,0.22727272727272727,0.17391304347826086,-0.017418880411802506,0.6134969325153374,0.27548209366391185,0.19762845849802374,0.08660748467727308
2012/2013,2012-07-22,Toluca,Guadalajara,2,1,1,football-data,2.52,3.33,3.06,2.61,3.33,3.06,2.47,3.09,2.79,0.3968253968253968,0.3003003003003003,0.32679738562091504,0.023923082746612145,0.3831417624521073,0.3003003003003003,0.32679738562091504,0.01023944837332258,0.4048582995951417,0.3236245954692557,0.35842293906810035,0.08690583413249775
2012/2013,2012-07-23,Atlante,Pachuca,0,0,0,football-data,2.65,3.38,2.84,2.7,3.38,2.84,2.6,3.11,2.65,0.37735849056603776,0.2958579881656805,0.35211267605633806,0.025329154788056307,0.37037037037037035,0.2958579881656805,0.35211267605633806,0.018341034592388894,0.3846153846153846,0.3215434083601286,0.37735849056603776,0.08351728354155097
2012/2013,2012-07-28,America,Chiapas,4,2,1,football-data,1.67,4.12,5.46,1.75,4.12,5.46,1.66,3.59,4.79,0.5988023952095809,0.24271844660194175,0.18315018315018314,0.0246710249617057,0.5714285714285714,0.24271844660194175,0.18315018315018314,-0.0027027988193036867,0.6024096385542169,0.2785515320334262,0.20876826722338204,0.08972943781102516
2012/2013,2012-07-28,Leon,Tijuana,4,0,1,football-data,1.95,3.38,4.32,2.0,3.5,4.59,1.88,3.29,3.99,0.5128205128205129,0.2958579881656805,0.23148148148148145,0.040159982467674826,0.5,0.2857142857142857,0.2178649237472767,0.003579209461562316,0.5319148936170213,0.303951367781155,0.2506265664160401,0.0864928278142163
2012/2013,2012-07-28,Morelia,Monterrey,1,0,1,football-data,2.85,3.16,2.75,2.85,3.33,2.75,2.6,3.13,2.6,0.3508771929824561,0.3164556962025316,0.36363636363636365,0.030969252821351212,0.3508771929824561,0.3003003003003003,0.36363636363636365,0.014813856919120072,0.3846153846153846,0.3194888178913738,0.3846153846153846,0.0887195871221429
2012/2013,2012-07-29,Atl. San Luis,Cruz Azul,1,2,-1,football-data,3.15,3.33,2.45,3.15,3.33,2.46,2.9,3.14,2.34,0.31746031746031744,0.3003003003003003,0.4081632653061224,0.025923883066740094,0.31746031746031744,0.3003003003003003,0.4065040650406504,0.024264682801268034,0.3448275862068966,0.3184713375796178,0.4273504273504274,0.09064935113694172
2012/2013,2012-07-29,Guadalajara,Santos Laguna,0,1,-1,football-data,2.45,3.42,3.08,2.68,3.31,3.1,2.39,3.13,2.87,0.4081632653061224,0.29239766081871343,0.3246753246753247,0.025236250800160454,0.3731343283582089,0.3021148036253776,0.3225806451612903,-0.0021702228551232494,0.41841004184100417,0.3194888178913738,0.3484320557491289,0.08633091548150684
2012/2013,2012-07-29,Pachuca,Atlas,0,3,-1,football-data,1.81,3.7,4.97,1.91,3.8,4.97,1.81,3.38,4.2,0.5524861878453039,0.27027027027027023,0.2012072434607646,0.02396370157633876,0.5235602094240838,0.2631578947368421,0.2012072434607646,-0.012074652378309514,0.5524861878453039,0.2958579881656805,0.23809523809523808,0.08643941410622258
2012/2013,2012-07-29,Puebla,Toluca,1,3,-1,football-data,2.45,3.36,3.18,2.54,3.36,3.18,2.41,3.15,2.8,0.4081632653061224,0.2976190476190476,0.31446540880503143,0.020247721730201507,0.39370078740157477,0.2976190476190476,0.31446540880503143,0.0057852438256538186,0.41493775933609955,0.31746031746031744,0.35714285714285715,0.08954093393927409
2012/2013,2012-07-29,Pumas UNAM,Queretaro,3,0,1,football-data,1.61,3.97,6.77,1.66,3.97,6.77,1.57,3.69,5.6,0.6211180124223602,0.2518891687657431,0.14771048744460857,0.02071766863271174,0.6024096385542169,0.2518891687657431,0.14771048744460857,0.002009294764568459,0.6369426751592356,0.2710027100271003,0.17857142857142858,0.08651681375776454
2012/2013,2012-07-29,Tigres UANL,Atlante,2,1,1,football-data,1.47,4.46,8.44,1.47,4.8,8.5,1.43,4.04,7.19,0.6802721088435374,0.2242152466367713,0.11848341232227488,0.02297076780258367,0.6802721088435374,0.20833333333333334,0.11764705882352941,0.006252501000400201,0.6993006993006994,0.24752475247524752,0.13908205841446453,0.08590751019041143
2012/2013,2012-08-04,Cruz Azul,Guadalajara,0,0,0,football-data,2.04,3.53,3.98,2.04,3.53,4.04,1.98,3.27,3.59,0.49019607843137253,0.28328611898017,0.25125628140703515,0.024738478818577603,0.49019607843137253,0.28328611898017,0.24752475247524752,0.021006949886789972,0.5050505050505051,0.3058103975535168,0.2785515320334262,0.08941243463744808
2012/2013,2012-08-04,Morelia,Atl. San Luis,3,3,0,football-data,1.79,3.65,5.32,1.79,3.91,5.89,1.67,3.54,4.86,0.5586592178770949,0.273972602739726,0.18796992481203006,0.02060174542885096,0.5586592178770949,0.2557544757033248,0.16977928692699493,-0.015807019492585228,0.5988023952095809,0.2824858757062147,0.20576131687242796,0.08704958778822358
2012/2013,2012-08-04,Queretaro,Pachuca,0,1,-1,football-data,3.58,3.53,2.16,3.58,3.53,2.29,3.15,3.26,2.17,0.27932960893854747,0.28328611898017,0.4629629629629629,0.02557869088168019,0.27932960893854747,0.28328611898017,0.4366812227074236,-0.0007030493738590105,0.31746031746031744,0.3067484662576687,0.4608294930875576,0.08503827680554377
2012/2013,2012-08-04,Santos Laguna,Puebla,2,2,0,football-data,1.41,5.01,8.6,1.5,5.01,8.6,1.44,4.15,6.64,0.7092198581560284,0.1996007984031936,0.11627906976744186,0.025099726326663907,0.6666666666666666,0.1996007984031936,0.11627906976744186,-0.017453465162697857,0.6944444444444444,0.24096385542168672,0.15060240963855423,0.08601070950468537
2012/2013,2012-08-04,Tijuana,Pumas UNAM,1,0,1,football-data,2.69,3.17,2.96,2.75,3.25,3.12,2.55,3.05,2.72,0.3717472118959108,0.31545741324921134,0.33783783783783783,0.02504246298295998,0.36363636363636365,0.3076923076923077,0.3205128205128205,-0.00815850815850816,0.3921568627450981,0.3278688524590164,0.3676470588235294,0.08767277402764395
2012/2013,2012-08-05,Atlas,Tigres UANL,0,0,0,football-data,3.12,3.24,2.52,3.25,3.24,2.52,2.9,3.13,2.37,0.3205128205128205,0.30864197530864196,0.3968253968253968,0.025980192646859246,0.3076923076923077,0.30864197530864196,0.3968253968253968,0.013159679826346471,0.3448275862068966,0.3194888178913738,0.42194092827004215,0.08625733236831246
2012/2013,2012-08-05,Monterrey,Chiapas,2,1,1,football-data,1.54,4.24,7.01,1.6,4.24,7.01,1.53,3.88,5.82,0.6493506493506493,0.23584905660377356,0.14265335235378032,0.027853058308203282,0.625,0.23584905660377356,0.14265335235378032,0.0035024089575539374,0.6535947712418301,0.2577319587628866,0.1718213058419244,0.08314803584664121
2012/2013,2012-08-05,Toluca,Leon,2,1,1,football-data,2.83,3.34,2.72,2.88,3.35,2.9,2.56,3.16,2.63,0.35335689045936397,0.29940119760479045,0.3676470588235294,0.0204051468876838,0.3472222222222222,0.29850746268656714,0.3448275862068966,-0.009442728884314078,0.390625,0.3164556962025316,0.3802281368821293,0.08730883308466098
2012/2013,2012-08-06,Atlante,America,2,2,0,football-data,2.85,3.59,2.54,3.1,3.59,2.62,2.9,3.23,2.32,0.3508771929824561,0.2785515320334262,0.39370078740157477,0.023129512417457088,0.3225806451612903,0.2785515320334262,0.38167938931297707,-0.017188433492306476,0.3448275862068966,0.30959752321981426,0.4310344827586207,0.08545959218533161
2012/2013,2012-08-11,America,Atlas,1,1,0,football-data,1.77,3.82,5.17,1.8,3.82,5.2,1.72,3.47,4.65,0.5649717514124294,0.2617801047120419,0.19342359767891684,0.020175453803388255,0.5555555555555556,0.2617801047120419,0.1923076923076923,0.009643352575289699,0.5813953488372093,0.2881844380403458,0.2150537634408602,0.08463355031841546
2012/2013,2012-08-11,Chiapas,Atlante,1,2,-1,football-data,2.0,3.7,3.87,2.04,3.7,4.0,1.94,3.38,3.59,0.5,0.27027027027027023,0.25839793281653745,0.02866820308680751,0.49019607843137253,0.27027027027027023,0.25,0.010466348701642758,0.5154639175257733,0.2958579881656805,0.2785515320334262,0.08987343772487999
2012/2013,2012-08-11,Leon,Santos Laguna,3,0,1,football-data,2.02,3.71,3.8,2.2,3.71,3.8,2.06,3.37,3.31,0.49504950495049505,0.2695417789757412,0.2631578947368421,0.027749178663078355,0.45454545454545453,0.2695417789757412,0.2631578947368421,-0.012754871741962104,0.4854368932038835,0.29673590504451036,0.3021148036253776,0.08428760187377149
2012/2013,2012-08-12,Atl. San Luis,Monterrey,1,1,0,football-data,3.66,3.57,2.12,3.66,3.7,2.29,3.18,3.24,2.14,0.27322404371584696,0.2801120448179272,0.4716981132075471,0.025034201741321205,0.27322404371584696,0.27027027027027023,0.4366812227074236,-0.01982446330645915,0.31446540880503143,0.30864197530864196,0.4672897196261682,0.09039710373984167
2012/2013,2012-08-12,Pachuca,Tijuana,2,2,0,football-data,2.08,3.43,3.96,2.1,3.43,3.96,2.01,3.24,3.56,0.4807692307692307,0.29154518950437314,0.25252525252525254,0.02483967279885646,0.47619047619047616,0.29154518950437314,0.25252525252525254,0.020260918220101898,0.49751243781094534,0.30864197530864196,0.2808988764044944,0.08705328952408165
2012/2013,2012-08-12,Puebla,Cruz Azul,0,1,-1,football-data,3.07,3.39,2.5,3.07,3.41,2.52,2.79,3.17,2.42,0.32573289902280134,0.2949852507374631,0.4,0.020718149760264648,0.32573289902280134,0.29325513196480935,0.3968253968253968,0.01581342781300754,0.35842293906810035,0.31545741324921134,0.4132231404958678,0.08710349281317953
2012/2013,2012-08-12,Pumas UNAM,Toluca,1,2,-1,football-data,2.06,3.48,3.96,2.1,3.5,3.96,2.02,3.23,3.52,0.4854368932038835,0.28735632183908044,0.25252525252525254,0.02531846756821654,0.47619047619047616,0.2857142857142857,0.25252525252525254,0.01443001443001446,0.49504950495049505,0.30959752321981426,0.2840909090909091,0.08873793726121848
2012/2013,2012-08-12,Tigres UANL,Queretaro,2,2,0,football-data,1.35,5.25,10.6,1.35,5.32,11.16,1.32,4.62,9.09,0.7407407407407407,0.19047619047619047,0.09433962264150944,0.025556553858440578,0.7407407407407407,0.18796992481203006,0.08960573476702509,0.018316400319795978,0.7575757575757576,0.21645021645021645,0.11001100110011001,0.0840369751260841
2012/2013,2012-08-13,Guadalajara,Morelia,1,1,0,football-data,2.74,3.33,2.78,2.74,3.33,3.0,2.44,3.14,2.81,0.36496350364963503,0.3003003003003003,0.3597122302158274,0.024976034165762773,0.36496350364963503,0.3003003003003003,0.3333333333333333,-0.0014028627167312901,0.4098360655737705,0.3184713375796178,0.35587188612099646,0.08417928927438467
2012/2013,2012-08-18,Cruz Azul,Leon,1,1,0,football-data,2.59,3.44,2.88,2.59,3.44,3.1,2.35,3.21,2.85,0.3861003861003861,0.29069767441860467,0.3472222222222222,0.024020282741212817,0.3861003861003861,0.29069767441860467,0.3225806451612903,-0.0006212943197190235,0.425531914893617,0.3115264797507788,0.3508771929824561,0.08793558762685194
2012/2013,2012-08-18,Morelia,Puebla,3,0,1,football-data,1.73,4.07,4.95,1.75,4.07,5.5,1.66,3.64,4.82,0.5780346820809249,0.24570024570024568,0.20202020202020202,0.02575512980137251,0.5714285714285714,0.24570024570024568,0.18181818181818182,-0.0010530010530009903,0.6024096385542169,0.2747252747252747,0.20746887966804978,0.08460379294754139
2012/2013,2012-08-18,Queretaro,America,0,4,-1,football-data,3.95,3.85,1.95,4.15,3.85,2.1,3.68,3.39,1.93,0.2531645569620253,0.2597402597402597,0.5128205128205129,0.025725329522797935,0.24096385542168672,0.2597402597402597,0.47619047619047616,-0.023105408647577375,0.2717391304347826,0.2949852507374631,0.5181347150259068,0.08485909619815257
2012/2013,2012-08-18,Tijuana,Tigres UANL,2,1,1,football-data,2.95,3.21,2.67,2.95,3.3,2.67,2.8,3.08,2.44,0.3389830508474576,0.3115264797507788,0.37453183520599254,0.025041365804229,0.3389830508474576,0.30303030303030304,0.37453183520599254,0.01654518908375313,0.35714285714285715,0.3246753246753247,0.4098360655737705,0.09165424739195238
2012/2013,2012-08-19,Atl. San Luis,Guadalajara,0,1,-1,football-data,2.87,3.3,2.67,2.91,3.3,3.05,2.56,3.11,2.68,0.3484320557491289,0.30303030303030304,0.37453183520599254,0.025994193985424463,0.3436426116838488,0.30303030303030304,0.3278688524590164,-0.025458232826831684,0.390625,0.3215434083601286,0.3731343283582089,0.08530273671833744
2012/2013,2012-08-19,Atlas,Chiapas,1,1,0,football-data,2.19,3.43,3.61,2.29,3.43,3.75,2.05,3.23,3.45,0.4566210045662101,0.29154518950437314,0.2770083102493075,0.025174504319890767,0.4366812227074236,0.29154518950437314,0.26666666666666666,-0.005106921121536656,0.48780487804878053,0.30959752321981426,0.2898550724637681,0.08725747373236281
2012/2013,2012-08-19,Monterrey,Atlante,1,1,0,football-data,1.65,3.98,5.96,1.69,4.2,8.0,1.53,3.84,5.92,0.6060606060606061,0.25125628140703515,0.16778523489932887,0.02510212236697007,0.591715976331361,0.23809523809523808,0.125,-0.045188785573401,0.6535947712418301,0.2604166666666667,0.16891891891891891,0.08293035682741556
2012/2013,2012-08-19,Santos Laguna,Pumas UNAM,1,2,-1,football-data,2.22,3.35,3.62,2.24,3.4,4.05,2.02,3.27,3.56,0.4504504504504504,0.29850746268656714,0.27624309392265195,0.025201007059669545,0.4464285714285714,0.29411764705882354,0.2469135802469136,-0.012540201265691442,0.49504950495049505,0.3058103975535168,0.2808988764044944,0.08175877890850636
2012/2013,2012-08-19,Toluca,Pachuca,1,0,1,football-data,2.33,3.43,3.27,2.36,3.43,3.5,2.15,3.2,3.22,0.4291845493562232,0.29154518950437314,0.3058103975535168,0.026540136414113125,0.42372881355932207,0.29154518950437314,0.2857142857142857,0.0009882887779810723,0.46511627906976744,0.3125,0.3105590062111801,0.08817528528094742
2012/2013,2012-08-25,America,Tijuana,0,1,-1,football-data,1.88,3.67,4.54,1.93,3.75,4.65,1.79,3.5,4.15,0.5319148936170213,0.2724795640326976,0.22026431718061673,0.024658774830335517,0.5181347150259068,0.26666666666666666,0.2150537634408602,-0.00014485486656634627,0.5586592178770949,0.2857142857142857,0.24096385542168672,0.08533735901306727
2012/2013,2012-08-25,Chiapas,Queretaro,2,1,1,football-data,1.58,4.4,6.05,1.7,4.4,6.05,1.62,3.77,4.98,0.6329113924050632,0.22727272727272727,0.1652892561983471,0.025473375876137627,0.5882352941176471,0.22727272727272727,0.1652892561983471,-0.019202722411278517,0.6172839506172839,0.26525198938992045,0.2008032128514056,0.08333915285861004
2012/2013,2012-08-25,Leon,Morelia,1,3,-1,football-data,1.91,3.82,4.17,2.15,3.82,4.17,1.97,3.36,3.58,0.5235602094240838,0.2617801047120419,0.23980815347721823,0.025148467613343994,0.46511627906976744,0.2617801047120419,0.23980815347721823,-0.0332954627409725,0.5076142131979695,0.2976190476190476,0.27932960893854747,0.0845628697555647
2012/2013,2012-08-26,Guadalajara,Monterrey,1,2,-1,football-data,2.54,3.37,2.96,2.63,3.5,2.96,2.52,3.15,2.7,0.39370078740157477,0.29673590504451036,0.33783783783783783,0.028274530283923127,0.3802281368821293,0.2857142857142857,0.33783783783783783,0.0037802604342527246,0.3968253968253968,0.31746031746031744,0.37037037037037035,0.08465608465608465
2012/2013,2012-08-26,Pachuca,Santos Laguna,0,0,0,football-data,2.29,3.58,3.22,2.46,3.58,3.22,2.25,3.26,2.97,0.4366812227074236,0.27932960893854747,0.3105590062111801,0.026569837857151057,0.4065040650406504,0.27932960893854747,0.3105590062111801,-0.003607319809622034,0.4444444444444444,0.3067484662576687,0.33670033670033667,0.08789324740244986
2012/2013,2012-08-26,Puebla,Atl. San Luis,1,0,1,football-data,2.71,3.25,2.87,2.74,3.4,3.1,2.42,3.18,2.8,0.36900369003690037,0.3076923076923077,0.3484320557491289,0.02512805347833691,0.36496350364963503,0.29411764705882354,0.3225806451612903,-0.018338204130251112,0.4132231404958678,0.31446540880503143,0.35714285714285715,0.08483140644375631
2012/2013,2012-08-26,Pumas UNAM,Cruz Azul,0,1,-1,football-data,2.79,3.26,2.76,2.8,3.3,3.25,2.5,3.1,2.76,0.35842293906810035,0.3067484662576687,0.3623188405797102,0.027490245905479327,0.35714285714285715,0.30303030303030304,0.3076923076923077,-0.0321345321345321,0.4,0.3225806451612903,0.3623188405797102,0.08489948574100059
2012/2013,2012-08-26,Tigres UANL,Toluca,1,1,0,football-data,1.93,3.66,4.29,1.95,4.0,4.4,1.85,3.45,3.88,0.5181347150259068,0.27322404371584696,0.2331002331002331,0.024458991841986855,0.5128205128205129,0.25,0.22727272727272727,-0.009906759906759821,0.5405405405405405,0.2898550724637681,0.2577319587628866,0.08812757176719521
2012/2013,2012-08-27,Atlante,Atlas,1,0,1,football-data,2.06,3.61,3.81,2.25,3.61,3.81,2.13,3.25,3.24,0.4854368932038835,0.2770083102493075,0.26246719160104987,0.02491239505424092,0.4444444444444444,0.2770083102493075,0.26246719160104987,-0.01608005370519816,0.4694835680751174,0.3076923076923077,0.30864197530864196,0.08581785107606699
2012/2013,2012-09-01,Cruz Azul,Pachuca,1,1,0,football-data,1.85,3.7,4.69,1.9,3.7,4.7,1.83,3.44,4.03,0.5405405405405405,0.27027027027027023,0.21321961620469082,0.02403042701550162,0.5263157894736842,0.27027027027027023,0.2127659574468085,0.009352017190763062,0.5464480874316939,0.29069767441860467,0.24813895781637715,0.08528471966667572
2012/2013,2012-09-01,Morelia,Pumas UNAM,0,1,-1,football-data,1.96,3.58,4.23,2.04,3.7,5.2,1.94,3.34,3.71,0.5102040816326531,0.27932960893854747,0.23640661938534277,0.025940309956543173,0.49019607843137253,0.27027027027027023,0.1923076923076923,-0.04722595899066495,0.5154639175257733,0.29940119760479045,0.2695417789757412,0.08440689410630497
2012/2013,2012-09-01,Queretaro,Atlante,0,1,-1,football-data,3.58,3.62,2.12,3.58,3.62,2.2,3.28,3.29,2.1,0.27932960893854747,0.27624309392265195,0.4716981132075471,0.027270816068746484,0.27932960893854747,0.27624309392265195,0.45454545454545453,0.010118157406654005,0.3048780487804878,0.303951367781155,0.47619047619047616,0.08501989275211885
2012/2013,2012-09-01,Tijuana,Chiapas,2,0,1,football-data,1.99,3.39,4.38,2.02,3.7,5.5,1.87,3.35,4.01,0.5025125628140703,0.2949852507374631,0.22831050228310504,0.025808315834638496,0.49504950495049505,0.27027027027027023,0.18181818181818182,-0.0528620429610529,0.53475935828877,0.29850746268656714,0.24937655860349128,0.08264337957882839
2012/2013,2012-09-02,Atl. San Luis,Leon,0,2,-1,football-data,3.3,3.65,2.23,3.4,3.74,2.35,3.06,3.27,2.21,0.30303030303030304,0.273972602739726,0.4484304932735426,0.02543339904357156,0.29411764705882354,0.267379679144385,0.425531914893617,-0.01297075890317445,0.32679738562091504,0.3058103975535168,0.45248868778280543,0.08509647095723727
2012/2013,2012-09-02,Guadalajara,Puebla,1,1,0,football-data,1.81,3.73,4.86,1.9,3.73,5.0,1.82,3.37,4.18,0.5524861878453039,0.2680965147453083,0.20576131687242796,0.026344019463040214,0.5263157894736842,0.2680965147453083,0.2,-0.0055876957810074845,0.5494505494505494,0.29673590504451036,0.23923444976076558,0.08542090425582538
2012/2013,2012-09-02,Monterrey,Atlas,1,1,0,football-data,1.61,4.32,5.82,1.63,4.32,6.4,1.56,3.78,5.62,0.6211180124223602,0.23148148148148145,0.1718213058419244,0.024420799745766164,0.6134969325153374,0.23148148148148145,0.15625,0.0012284139968188335,0.641025641025641,0.2645502645502646,0.17793594306049823,0.08351184863640393
2012/2013,2012-09-02,Santos Laguna,Tigres UANL,3,1,1,football-data,2.94,3.36,2.59,2.94,3.36,2.9,2.57,3.17,2.64,0.3401360544217687,0.2976190476190476,0.3861003861003861,0.023855488141202308,0.3401360544217687,0.2976190476190476,0.3448275862068966,-0.017417311752287112,0.38910505836575876,0.31545741324921134,0.3787878787878788,0.08335035040284877
2012/2013,2012-09-02,Toluca,America,1,1,0,football-data,2.46,3.55,2.97,2.52,3.55,3.2,2.34,3.22,2.88,0.4065040650406504,0.28169014084507044,0.33670033670033667,0.02489454258605761,0.3968253968253968,0.28169014084507044,0.3125,-0.00898446232953276,0.4273504273504274,0.3105590062111801,0.3472222222222222,0.08513165578382953
2012/2013,2012-09-15,America,Santos Laguna,2,0,1,football-data,1.82,4.04,4.34,2.04,4.04,4.34,1.84,3.58,3.86,0.5494505494505494,0.24752475247524752,0.2304147465437788,0.027390048469575712,0.49019607843137253,0.24752475247524752,0.2304147465437788,-0.03186442254960109,0.5434782608695652,0.27932960893854747,0.2590673575129534,0.08187522732106611
2012/2013,2012-09-15,Chiapas,Toluca,2,0,1,football-data,2.54,3.38,2.96,2.85,3.45,2.96,2.57,3.2,2.62,0.39370078740157477,0.2958579881656805,0.33783783783783783,0.027396613405092918,0.3508771929824561,0.2898550724637681,0.33783783783783783,-0.02142989671593798,0.38910505836575876,0.3125,0.38167938931297707,0.08328444767873577
2012/2013,2012-09-15,Leon,Guadalajara,1,2,-1,football-data,1.63,4.08,5.97,1.83,4.08,6.0,1.67,3.61,4.84,0.6134969325153374,0.24509803921568626,0.16750418760469013,0.02609915933571383,0.5464480874316939,0.24509803921568626,0.16666666666666666,-0.04178720668595315,0.5988023952095809,0.2770083102493075,0.2066115702479339,0.08242227570682226
2012/2013,2012-09-15,Pachuca,Morelia,3,2,1,football-data,2.44,3.32,3.18,2.5,3.5,3.2,2.36,3.13,2.93,0.4098360655737705,0.30120481927710846,0.31446540880503143,0.025506293655910284,0.4,0.2857142857142857,0.3125,-0.0017857142857142794,0.42372881355932207,0.3194888178913738,0.341296928327645,0.08451455977834099
2012/2013,2012-09-16,Atlas,Queretaro,0,0,0,football-data,1.6,4.01,6.59,1.65,4.2,6.59,1.58,3.64,5.62,0.625,0.24937655860349128,0.15174506828528073,0.026121626888772065,0.6060606060606061,0.23809523809523808,0.15174506828528073,-0.004099087558875114,0.6329113924050632,0.2747252747252747,0.17793594306049823,0.08557261019083628
2012/2013,2012-09-16,Puebla,Monterrey,2,3,-1,football-data,4.04,3.45,2.04,4.04,3.46,2.2,3.41,3.24,2.07,0.24752475247524752,0.2898550724637681,0.49019607843137253,0.027575903370388177,0.24752475247524752,0.28901734104046245,0.45454545454545453,-0.008912451938835497,0.29325513196480935,0.30864197530864196,0.48309178743961356,0.08498889471306503
2012/2013,2012-09-16,Pumas UNAM,Atl. San Luis,0,1,-1,football-data,1.82,3.74,4.82,1.83,3.74,5.5,1.74,3.46,4.55,0.5494505494505494,0.267379679144385,0.20746887966804978,0.024299108262984204,0.5464480874316939,0.267379679144385,0.18181818181818182,-0.0043540516057392065,0.5747126436781609,0.28901734104046245,0.21978021978021978,0.08351020449884317
2012/2013,2012-09-16,Tigres UANL,Cruz Azul,2,0,1,football-data,2.18,3.51,3.55,2.2,3.51,4.0,2.05,3.23,3.49,0.4587155963302752,0.2849002849002849,0.28169014084507044,0.025306022075630485,0.45454545454545453,0.2849002849002849,0.25,-0.010554260554260564,0.48780487804878053,0.30959752321981426,0.28653295128939826,0.08393535255799289
2012/2013,2012-09-17,Atlante,Tijuana,1,2,-1,football-data,2.17,3.36,3.75,2.29,3.4,3.75,2.16,3.17,3.25,0.4608294930875576,0.2976190476190476,0.26666666666666666,0.025115207373271886,0.4366812227074236,0.29411764705882354,0.26666666666666666,-0.002534463567086309,0.4629629629629629,0.31545741324921134,0.3076923076923077,0.0861126839044819
2012/2013,2012-09-22,Cruz Azul,America,1,1,0,football-data,2.46,3.44,3.05,2.5,3.44,3.05,2.34,3.2,2.9,0.4065040650406504,0.29069767441860467,0.3278688524590164,0.025070591918271656,0.4,0.29069767441860467,0.3278688524590164,0.018566526877620948,0.4273504273504274,0.3125,0.3448275862068966,0.08467801355732396
2012/2013,2012-09-22,Morelia,Tigres UANL,1,1,0,football-data,2.4,3.31,3.26,3.07,3.45,3.26,2.63,3.15,2.63,0.4166666666666667,0.3021148036253776,0.3067484662576687,0.025529936549713028,0.32573289902280134,0.2898550724637681,0.3067484662576687,-0.07766356225576176,0.3802281368821293,0.31746031746031744,0.3802281368821293,0.07791659122457606
2012/2013,2012-09-22,Puebla,Leon,1,1,0,football-data,3.67,3.5,2.14,4.2,3.7,2.2,3.55,3.3,2.0,0.2724795640326976,0.2857142857142857,0.4672897196261682,0.025483569373151438,0.23809523809523808,0.27027027027027023,0.45454545454545453,-0.0370890370890371,0.28169014084507044,0.30303030303030304,0.5,0.08472044387537347
2012/2013,2012-09-23,Atl. San Luis,Pachuca,1,0,1,football-data,2.74,3.26,2.83,2.75,3.3,2.83,2.6,3.13,2.62,0.36496350364963503,0.3067484662576687,0.35335689045936397,0.025068860366667778,0.36363636363636365,0.30303030303030304,0.35335689045936397,0.020023557126030767,0.3846153846153846,0.3194888178913738,0.38167938931297707,0.08578359181973538
2012/2013,2012-09-23,Guadalajara,Pumas UNAM,0,0,0,football-data,2.45,3.2,3.28,2.5,3.3,3.3,2.36,3.03,3.03,0.4081632653061224,0.3125,0.3048780487804878,0.02554131408661031,0.4,0.30303030303030304,0.30303030303030304,0.0060606060606061,0.42372881355932207,0.33003300330033003,0.33003300330033003,0.08379482015998208
2012/2013,2012-09-23,Monterrey,Queretaro,3,2,1,football-data,1.38,5.22,9.0,1.38,5.22,12.0,1.34,4.58,8.52,0.7246376811594204,0.19157088122605365,0.1111111111111111,0.02731967349658526,0.7246376811594204,0.19157088122605365,0.08333333333333333,-0.00045810428119252844,0.7462686567164178,0.2183406113537118,0.11737089201877934,0.08198016008890896
2012/2013,2012-09-23,Santos Laguna,Chiapas,0,0,0,football-data,2.0,3.79,3.79,2.02,3.79,4.75,1.83,3.54,3.94,0.5,0.2638522427440633,0.2638522427440633,0.02770448548812654,0.49504950495049505,0.2638522427440633,0.21052631578947367,-0.030571936515968012,0.5464480874316939,0.2824858757062147,0.25380710659898476,0.08274106973689355
2012/2013,2012-09-23,Tijuana,Atlas,1,1,0,football-data,1.81,3.72,4.91,1.9,3.8,5.09,1.81,3.41,4.25,0.5524861878453039,0.26881720430107525,0.20366598778004072,0.0249693799264199,0.5263157894736842,0.2631578947368421,0.19646365422396858,-0.014062661565505064,0.5524861878453039,0.29325513196480935,0.23529411764705882,0.08103543745717201
2012/2013,2012-09-23,Toluca,Atlante,1,0,1,football-data,1.93,3.58,4.41,1.95,3.58,4.55,1.87,3.37,3.99,0.5181347150259068,0.27932960893854747,0.22675736961451246,0.024221693578966752,0.5128205128205129,0.27932960893854747,0.21978021978021978,0.011930341539279965,0.53475935828877,0.29673590504451036,0.2506265664160401,0.08212182974932047
2012/2013,2012-09-29,America,Morelia,1,1,0,football-data,2.27,3.45,3.4,2.27,3.51,4.0,2.06,3.25,3.46,0.44052863436123346,0.2898550724637681,0.29411764705882354,0.02450135388382524,0.44052863436123346,0.2849002849002849,0.25,-0.024571080738481577,0.4854368932038835,0.3076923076923077,0.28901734104046245,0.0821465419366536
2012/2013,2012-09-29,Chiapas,Cruz Azul,1,0,1,football-data,3.31,3.42,2.31,3.31,3.42,2.54,2.87,3.14,2.38,0.3021148036253776,0.29239766081871343,0.4329004329004329,0.027412897344524012,0.3021148036253776,0.29239766081871343,0.39370078740157477,-0.011786748154334115,0.3484320557491289,0.3184713375796178,0.42016806722689076,0.08707146055563753
2012/2013,2012-09-29,Leon,Monterrey,2,0,1,football-data,1.96,3.63,4.17,2.15,3.63,4.34,2.03,3.27,3.54,0.5102040816326531,0.27548209366391185,0.23980815347721823,0.025494328773783215,0.46511627906976744,0.27548209366391185,0.2304147465437788,-0.028986880722541852,0.4926108374384237,0.3058103975535168,0.2824858757062147,0.08090711069815515
2012/2013,2012-09-29,Queretaro,Tijuana,0,1,-1,football-data,3.2,3.32,2.43,3.7,3.35,2.43,3.27,3.11,2.2,0.3125,0.30120481927710846,0.4115226337448559,0.025227453021964275,0.27027027027027023,0.29850746268656714,0.4115226337448559,-0.019699633298306818,0.3058103975535168,0.3215434083601286,0.45454545454545453,0.08189926045910001
2012/2013,2012-09-30,Atlas,Toluca,1,3,-1,football-data,2.91,3.22,2.7,2.91,3.3,2.8,2.64,3.08,2.61,0.3436426116838488,0.3105590062111801,0.37037037037037035,0.02457198826539919,0.3436426116838488,0.30303030303030304,0.35714285714285715,0.003815771857009098,0.3787878787878788,0.3246753246753247,0.3831417624521073,0.08660496591531075
2012/2013,2012-09-30,Pachuca,Guadalajara,1,0,1,football-data,2.22,3.29,3.66,2.31,3.3,3.66,2.21,3.12,3.21,0.4504504504504504,0.303951367781155,0.27322404371584696,0.027625861947452535,0.4329004329004329,0.30303030303030304,0.27322404371584696,0.009154779646582956,0.45248868778280543,0.3205128205128205,0.3115264797507788,0.08452798804640471
2012/2013,2012-09-30,Pumas UNAM,Puebla,2,1,1,football-data,1.85,3.68,4.62,1.91,3.68,4.65,1.83,3.35,4.21,0.5405405405405405,0.2717391304347826,0.21645021645021645,0.028729887425539502,0.5235602094240838,0.2717391304347826,0.2150537634408602,0.010353103299726607,0.5464480874316939,0.29850746268656714,0.23752969121140144,0.08248524132966262
2012/2013,2012-09-30,Tigres UANL,Atl. San Luis,0,0,0,football-data,1.52,4.21,7.64,1.54,4.3,8.19,1.48,3.83,6.76,0.6578947368421053,0.23752969121140144,0.13089005235602094,0.026314480409527663,0.6493506493506493,0.23255813953488372,0.12210012210012211,0.004008910985655145,0.6756756756756757,0.2610966057441253,0.14792899408284024,0.08470127550264128
2012/2013,2012-10-01,Atlante,Santos Laguna,1,3,-1,football-data,2.63,3.62,2.71,2.77,3.7,2.8,2.5,3.22,2.67,0.3802281368821293,0.27624309392265195,0.36900369003690037,0.02547492084168157,0.36101083032490977,0.27027027027027023,0.35714285714285715,-0.011576042261962849,0.4,0.3105590062111801,0.37453183520599254,0.08509084141717271
2012/2013,2012-10-03,Atl. San Luis,America,1,2,-1,football-data,3.83,3.47,2.11,3.83,3.5,2.4,3.19,3.26,2.18,0.2610966057441253,0.2881844380403458,0.47393364928909953,0.023214693073570603,0.2610966057441253,0.2857142857142857,0.4166666666666667,-0.03652244187492237,0.31347962382445144,0.3067484662576687,0.4587155963302752,0.07894368641239535
2012/2013,2012-10-03,Guadalajara,Tigres UANL,2,1,1,football-data,3.15,3.28,2.48,3.3,3.35,2.6,2.92,3.1,2.4,0.31746031746031744,0.3048780487804878,0.40322580645161293,0.025564172692418285,0.30303030303030304,0.29850746268656714,0.3846153846153846,-0.013846849667745298,0.3424657534246575,0.3225806451612903,0.4166666666666667,0.08171306525261457
2012/2013,2012-10-04,Cruz Azul,Atlante,4,0,1,football-data,1.7,3.75,5.82,1.77,3.75,5.82,1.67,3.55,4.95,0.5882352941176471,0.26666666666666666,0.1718213058419244,0.02672326662623825,0.5649717514124294,0.26666666666666666,0.1718213058419244,0.0034597239210205633,0.5988023952095809,0.28169014084507044,0.20202020202020202,0.08251273807485338
2012/2013,2012-10-04,Leon,Pumas UNAM,2,1,1,football-data,1.61,3.98,6.53,1.7,4.0,6.53,1.64,3.67,5.06,0.6211180124223602,0.25125628140703515,0.15313935681470137,0.02551365064409672,0.5882352941176471,0.25,0.15313935681470137,-0.008625349067651555,0.6097560975609756,0.2724795640326976,0.19762845849802374,0.07986412009169697
2012/2013,2012-10-04,Monterrey,Tijuana,1,1,0,football-data,2.0,3.44,4.21,2.04,3.6,4.33,1.89,3.34,3.95,0.5,0.29069767441860467,0.23752969121140144,0.02822736563000605,0.49019607843137253,0.2777777777777778,0.23094688221709006,-0.0010792615737597044,0.5291005291005292,0.29940119760479045,0.2531645569620253,0.08166628366734496
2012/2013,2012-10-04,Puebla,Pachuca,2,0,1,football-data,3.14,3.24,2.5,3.14,3.3,2.6,2.8,3.15,2.43,0.3184713375796178,0.30864197530864196,0.4,0.02711331288825969,0.3184713375796178,0.30303030303030304,0.3846153846153846,0.00611702522530555,0.35714285714285715,0.31746031746031744,0.4115226337448559,0.08612580834803052
2012/2013,2012-10-04,Santos Laguna,Atlas,2,1,1,football-data,1.9,3.63,4.49,1.95,3.63,4.84,1.8,3.45,4.24,0.5263157894736842,0.27548209366391185,0.22271714922048996,0.024515032358086053,0.5128205128205129,0.27548209366391185,0.2066115702479339,-0.005085823267641398,0.5555555555555556,0.2898550724637681,0.23584905660377356,0.0812596846230973
2012/2013,2012-10-04,Toluca,Queretaro,4,1,1,football-data,1.4,4.84,9.4,1.4,5.5,11.0,1.37,4.47,7.96,0.7142857142857143,0.2066115702479339,0.10638297872340426,0.02728026325705235,0.7142857142857143,0.18181818181818182,0.09090909090909091,-0.012987012987012991,0.7299270072992701,0.2237136465324385,0.12562814070351758,0.07926879453522617
2012/2013,2012-10-05,Morelia,Chiapas,1,1,0,football-data,1.82,3.77,4.75,2.0,3.77,5.3,1.81,3.46,4.16,0.5494505494505494,0.26525198938992045,0.21052631578947367,0.02522885462994351,0.5,0.26525198938992045,0.18867924528301888,-0.04606876532706061,0.5524861878453039,0.28901734104046245,0.24038461538461536,0.08188814427038182
2012/2013,2012-10-06,America,Guadalajara,1,3,-1,football-data,1.87,3.57,4.72,1.96,3.6,4.72,1.87,3.37,3.95,0.53475935828877,0.2801120448179272,0.21186440677966104,0.026735809886358153,0.5102040816326531,0.2777777777777778,0.21186440677966104,-0.0001537338099081298,0.53475935828877,0.29673590504451036,0.2531645569620253,0.08465982029530572
2012/2013,2012-10-07,Atlas,Cruz Azul,1,1,0,football-data,3.56,3.33,2.25,3.56,3.33,2.75,3.04,3.13,2.3,0.2808988764044944,0.3003003003003003,0.4444444444444444,0.025643621149239237,0.2808988764044944,0.3003003003003003,0.36363636363636365,-0.05516445965884165,0.32894736842105265,0.3194888178913738,0.4347826086956522,0.0832187950080785
2012/2013,2012-10-07,Chiapas,Atl. San Luis,4,0,1,football-data,1.97,3.65,4.09,2.02,3.65,4.15,1.95,3.38,3.65,0.5076142131979695,0.273972602739726,0.24449877750611249,0.02608559344380801,0.49504950495049505,0.273972602739726,0.24096385542168672,0.009985963111907692,0.5128205128205129,0.2958579881656805,0.273972602739726,0.08265110372591944
2012/2013,2012-10-07,Pachuca,Leon,1,1,0,football-data,2.75,3.4,2.72,2.75,3.5,2.75,2.56,3.2,2.6,0.36363636363636365,0.29411764705882354,0.3676470588235294,0.025401069518716568,0.36363636363636365,0.2857142857142857,0.36363636363636365,0.012987012987013102,0.390625,0.3125,0.3846153846153846,0.08774038461538458
2012/2013,2012-10-07,Pumas UNAM,Monterrey,3,2,1,football-data,2.33,3.27,3.42,2.4,3.35,3.42,2.3,3.14,2.99,0.4291845493562232,0.3058103975535168,0.29239766081871343,0.027392607728453422,0.4166666666666667,0.29850746268656714,0.29239766081871343,0.007571790171947423,0.4347826086956522,0.3184713375796178,0.33444816053511706,0.08770210681038715
2012/2013,2012-10-07,Queretaro,Santos Laguna,1,1,0,football-data,3.89,3.59,2.04,4.59,3.7,2.04,3.6,3.34,1.96,0.2570694087403599,0.2785515320334262,0.49019607843137253,0.025817019205158553,0.2178649237472767,0.27027027027027023,0.49019607843137253,-0.021668727551080513,0.2777777777777778,0.29940119760479045,0.5102040816326531,0.08738305701522142
2012/2013,2012-10-07,Tigres UANL,Puebla,1,2,-1,football-data,1.47,4.65,7.83,1.55,4.65,7.9,1.48,3.94,6.41,0.6802721088435374,0.2150537634408602,0.1277139208173691,0.023039793101766737,0.6451612903225806,0.2150537634408602,0.12658227848101264,-0.013202667755546571,0.6756756756756757,0.25380710659898476,0.15600624024961,0.08548902252427037
2012/2013,2012-10-08,Atlante,Morelia,2,2,0,football-data,3.3,3.28,2.41,3.3,3.4,2.41,3.04,3.16,2.27,0.30303030303030304,0.3048780487804878,0.41493775933609955,0.02284611114689028,0.30303030303030304,0.29411764705882354,0.41493775933609955,0.012085709425226021,0.32894736842105265,0.3164556962025316,0.44052863436123346,0.08593169898481756
2012/2013,2012-10-08,Tijuana,Toluca,1,0,1,football-data,2.29,3.4,3.39,2.35,3.45,3.6,2.23,3.23,3.08,0.4366812227074236,0.29411764705882354,0.2949852507374631,0.02578412050371015,0.425531914893617,0.2898550724637681,0.2777777777777778,-0.006835234864837059,0.4484304932735426,0.30959752321981426,0.3246753246753247,0.0827033411686815
2012/2013,2012-10-13,Cruz Azul,Queretaro,3,2,1,football-data,1.34,5.08,10.42,1.4,5.5,11.0,1.33,4.64,8.74,0.7462686567164178,0.19685039370078738,0.09596928982725528,0.03908834024446062,0.7142857142857143,0.18181818181818182,0.09090909090909091,-0.012987012987012991,0.7518796992481203,0.21551724137931036,0.11441647597254004,0.08181341659997066
2012/2013,2012-10-14,Atl. San Luis,Atlante,2,2,0,football-data,2.7,3.27,2.86,2.71,3.35,2.94,2.51,3.13,2.73,0.37037037037037035,0.3058103975535168,0.3496503496503497,0.02583111757423673,0.36900369003690037,0.29850746268656714,0.3401360544217687,0.007647207145236257,0.39840637450199207,0.3194888178913738,0.3663003663003663,0.08419555869373219
2012/2013,2012-10-14,Guadalajara,Chiapas,1,1,0,football-data,2.17,3.41,3.67,2.19,3.41,3.9,2.03,3.25,3.51,0.4608294930875576,0.29325513196480935,0.2724795640326976,0.026564189085064527,0.4566210045662101,0.29325513196480935,0.25641025641025644,0.0062863929412757535,0.4926108374384237,0.3076923076923077,0.2849002849002849,0.08520343003101627
2012/2013,2012-10-14,Leon,Tigres UANL,2,0,1,football-data,1.78,3.73,5.11,1.81,3.8,5.6,1.73,3.48,4.57,0.5617977528089888,0.2680965147453083,0.19569471624266144,0.02558898379695851,0.5524861878453039,0.2631578947368421,0.17857142857142858,-0.005784488846425351,0.5780346820809249,0.28735632183908044,0.2188183807439825,0.08420938466398775
2012/2013,2012-10-14,Pumas UNAM,Pachuca,1,0,1,football-data,1.99,3.48,4.3,2.02,3.5,4.5,1.92,3.3,3.86,0.5025125628140703,0.28735632183908044,0.23255813953488372,0.02242702418803444,0.49504950495049505,0.2857142857142857,0.2222222222222222,0.0029860128870029534,0.5208333333333334,0.30303030303030304,0.2590673575129534,0.08293099387658986
2012/2013,2012-10-14,Santos Laguna,Tijuana,2,2,0,football-data,2.47,3.48,3.0,2.47,3.5,3.35,2.25,3.26,3.04,0.4048582995951417,0.28735632183908044,0.3333333333333333,0.025547954767555447,0.4048582995951417,0.2857142857142857,0.29850746268656714,-0.010919952004005529,0.4444444444444444,0.3067484662576687,0.32894736842105265,0.08014027912316579
2012/2013,2012-10-20,America,Leon,2,1,1,football-data,2.5,3.57,2.88,2.5,3.6,2.96,2.42,3.22,2.77,0.4,0.2801120448179272,0.3472222222222222,0.027334267040149296,0.4,0.2777777777777778,0.33783783783783783,0.015615615615615752,0.4132231404958678,0.3105590062111801,0.36101083032490977,0.08479297703195776
2012/2013,2012-10-20,Chiapas,Puebla,2,0,1,football-data,1.71,3.87,5.3,1.8,3.87,5.5,1.71,3.55,4.57,0.5847953216374269,0.25839793281653745,0.18867924528301888,0.03187249973698325,0.5555555555555556,0.25839793281653745,0.18181818181818182,-0.0042283298097252064,0.5847953216374269,0.28169014084507044,0.2188183807439825,0.08530384322647988
2012/2013,2012-10-20,Queretaro,Morelia,1,2,-1,football-data,4.55,3.87,1.83,4.75,3.95,1.83,4.27,3.57,1.76,0.21978021978021978,0.25839793281653745,0.5464480874316939,0.024626240028451152,0.21052631578947367,0.2531645569620253,0.5464480874316939,0.010138960183192935,0.234192037470726,0.2801120448179272,0.5681818181818182,0.08248590047047144
2012/2013,2012-10-20,Tijuana,Cruz Azul,2,2,0,football-data,2.33,3.1,3.64,2.41,3.3,3.64,2.22,3.13,3.21,0.4291845493562232,0.3225806451612903,0.2747252747252747,0.026490469242788084,0.41493775933609955,0.30303030303030304,0.2747252747252747,-0.007306662908322714,0.4504504504504504,0.3194888178913738,0.3115264797507788,0.0814657480926031
2012/2013,2012-10-21,Atlas,Atl. San Luis,2,3,-1,football-data,1.98,3.46,4.32,2.04,3.5,4.32,1.96,3.27,3.73,0.5050505050505051,0.28901734104046245,0.23148148148148145,0.025549327572448988,0.49019607843137253,0.2857142857142857,0.23148148148148145,0.0073918456271395705,0.5102040816326531,0.3058103975535168,0.2680965147453083,0.08411099393147814
2012/2013,2012-10-21,Pachuca,Monterrey,1,1,0,football-data,2.56,3.3,3.0,2.58,3.4,3.0,2.46,3.09,2.81,0.390625,0.30303030303030304,0.3333333333333333,0.026988636363636243,0.38759689922480617,0.29411764705882354,0.3333333333333333,0.015047879616963078,0.4065040650406504,0.3236245954692557,0.35587188612099646,0.08600054663090262
2012/2013,2012-10-21,Tigres UANL,Pumas UNAM,5,0,1,football-data,1.98,3.37,4.47,2.0,3.6,4.48,1.9,3.3,3.94,0.5050505050505051,0.29673590504451036,0.2237136465324385,0.025500056627453915,0.5,0.2777777777777778,0.2232142857142857,0.0009920634920634885,0.5263157894736842,0.30303030303030304,0.25380710659898476,0.08315319910297214
2012/2013,2012-10-21,Toluca,Santos Laguna,4,1,1,football-data,2.06,3.67,3.71,2.11,3.67,3.77,1.99,3.39,3.5,0.4854368932038835,0.2724795640326976,0.2695417789757412,0.02745823621232235,0.47393364928909953,0.2724795640326976,0.26525198938992045,0.011665202711717448,0.5025125628140703,0.2949852507374631,0.2857142857142857,0.08321209926581918
2012/2013,2012-10-22,Atlante,Guadalajara,3,1,1,football-data,2.5,3.3,3.1,2.7,3.3,3.1,2.49,3.09,2.77,0.4,0.30303030303030304,0.3225806451612903,0.025610948191593375,0.37037037037037035,0.30303030303030304,0.3225806451612903,-0.004018681438036298,0.4016064257028112,0.3236245954692557,0.36101083032490977,0.08624185149697672
2012/2013,2012-10-24,Morelia,Atlas,2,0,1,football-data,1.71,3.77,5.72,1.71,4.09,7.0,1.58,3.7,5.63,0.5847953216374269,0.26525198938992045,0.17482517482517484,0.02487248585252222,0.5847953216374269,0.24449877750611249,0.14285714285714285,-0.027848757999317852,0.6329113924050632,0.27027027027027023,0.17761989342806395,0.08080155610339745
2012/2013,2012-10-26,Puebla,America,0,1,-1,football-data,4.76,3.84,1.8,4.76,3.84,2.1,3.92,3.53,1.85,0.21008403361344538,0.2604166666666667,0.5555555555555556,0.02605625583566762,0.21008403361344538,0.2604166666666667,0.47619047619047616,-0.0533088235294118,0.25510204081632654,0.28328611898017,0.5405405405405405,0.07892870033703714
2012/2013,2012-10-27,Atl. San Luis,Queretaro,0,0,0,football-data,1.77,3.92,4.84,1.8,4.01,5.7,1.67,3.6,4.87,0.5649717514124294,0.25510204081632654,0.2066115702479339,0.026685362476689845,0.5555555555555556,0.24937655860349128,0.17543859649122806,-0.019629289349725076,0.5988023952095809,0.2777777777777778,0.2053388090349076,0.08191898202226633
2012/2013,2012-10-27,Cruz Azul,Toluca,3,0,1,football-data,2.34,3.47,3.23,2.34,3.47,3.5,2.16,3.25,3.21,0.4273504273504274,0.2881844380403458,0.30959752321981426,0.02513238861058742,0.4273504273504274,0.2881844380403458,0.2857142857142857,0.0012491511050587434,0.4629629629629629,0.3076923076923077,0.3115264797507788,0.08218175040604936
2012/2013,2012-10-27,Leon,Chiapas,4,1,1,football-data,1.74,3.99,4.98,1.77,4.15,5.2,1.68,3.65,4.73,0.5747126436781609,0.2506265664160401,0.2008032128514056,0.026142422945606647,0.5649717514124294,0.24096385542168672,0.1923076923076923,-0.0017567008581915733,0.5952380952380952,0.273972602739726,0.2114164904862579,0.08062718846407924
2012/2013,2012-10-28,Guadalajara,Atlas,2,0,1,football-data,2.15,3.34,3.83,2.19,3.34,4.2,1.97,3.21,3.74,0.46511627906976744,0.29940119760479045,0.2610966057441253,0.025614082418683237,0.4566210045662101,0.29940119760479045,0.23809523809523808,-0.005882559733761283,0.5076142131979695,0.3115264797507788,0.267379679144385,0.08652037209313335
2012/2013,2012-10-28,Monterrey,Santos Laguna,3,2,1,football-data,1.91,3.72,4.26,2.4,4.15,8.38,1.86,3.44,4.06,0.5235602094240838,0.26881720430107525,0.2347417840375587,0.02711919776271765,0.4166666666666667,0.24096385542168672,0.11933174224343675,-0.22303773566820984,0.5376344086021505,0.29069767441860467,0.24630541871921185,0.07463750173996697
2012/2013,2012-10-28,Morelia,Tijuana,1,1,0,football-data,2.04,3.62,3.86,2.15,3.7,4.0,2.03,3.29,3.46,0.49019607843137253,0.27624309392265195,0.2590673575129534,0.02550652986697788,0.46511627906976744,0.27027027027027023,0.25,-0.014613450659962335,0.4926108374384237,0.303951367781155,0.28901734104046245,0.08557954626004105
2012/2013,2012-10-28,Pachuca,Tigres UANL,1,0,1,football-data,3.03,3.2,2.61,3.5,3.5,2.8,2.83,3.04,2.52,0.33003300330033003,0.3125,0.3831417624521073,0.025674765752437434,0.2857142857142857,0.2857142857142857,0.35714285714285715,-0.0714285714285714,0.35335689045936397,0.32894736842105265,0.3968253968253968,0.07912965570581343
2012/2013,2012-10-28,Puebla,Atlante,1,2,-1,football-data,2.78,3.24,2.81,2.89,3.3,2.95,2.55,3.11,2.71,0.3597122302158274,0.30864197530864196,0.35587188612099646,0.02422609164546574,0.3460207612456747,0.30303030303030304,0.3389830508474576,-0.011965884876564692,0.3921568627450981,0.3215434083601286,0.36900369003690037,0.08270396114212719
2012/2013,2012-10-28,Pumas UNAM,America,0,1,-1,football-data,3.06,3.28,2.54,3.06,3.3,2.85,2.73,3.11,2.53,0.32679738562091504,0.3048780487804878,0.39370078740157477,0.025376221802977605,0.32679738562091504,0.30303030303030304,0.3508771929824561,-0.019295118366325803,0.3663003663003663,0.3215434083601286,0.3952569169960475,0.08310069165654221
2012/2013,2012-11-03,America,Pachuca,4,0,1,football-data,1.82,3.72,4.82,1.84,3.72,4.82,1.76,3.45,4.41,0.5494505494505494,0.26881720430107525,0.20746887966804978,0.02573663341967447,0.5434782608695652,0.26881720430107525,0.20746887966804978,0.019764344838690162,0.5681818181818182,0.2898550724637681,0.22675736961451246,0.08479426026009884
2012/2013,2012-11-03,Chiapas,Pumas UNAM,3,0,1,football-data,2.04,3.6,3.85,2.1,3.6,4.0,2.03,3.27,3.51,0.49019607843137253,0.2777777777777778,0.2597402597402597,0.02771411594941009,0.47619047619047616,0.2777777777777778,0.25,0.003968253968253954,0.4926108374384237,0.3058103975535168,0.2849002849002849,0.08332151989222547
2012/2013,2012-11-03,Queretaro,Guadalajara,0,1,-1,football-data,4.28,3.31,2.04,4.69,3.4,2.04,4.05,3.26,1.89,0.2336448598130841,0.3021148036253776,0.49019607843137253,0.02595574186983418,0.21321961620469082,0.29411764705882354,0.49019607843137253,-0.0024666583051131674,0.2469135802469136,0.3067484662576687,0.5291005291005292,0.08276257560511135
2012/2013,2012-11-03,Santos Laguna,Cruz Azul,2,1,1,football-data,2.68,3.29,2.87,2.68,3.42,3.0,2.4,3.2,2.83,0.3731343283582089,0.303951367781155,0.3484320557491289,0.025517751888492812,0.3731343283582089,0.29239766081871343,0.3333333333333333,-0.0011346774897442735,0.4166666666666667,0.3125,0.35335689045936397,0.08252355712603077
2012/2013,2012-11-04,Atlas,Puebla,2,2,0,football-data,2.2,3.32,3.71,2.22,3.35,3.71,2.11,3.17,3.34,0.45454545454545453,0.30120481927710846,0.2695417789757412,0.025292052798304265,0.4504504504504504,0.29850746268656714,0.2695417789757412,0.018499692112758703,0.47393364928909953,0.31545741324921134,0.29940119760479045,0.08879226014310149
2012/2013,2012-11-04,Monterrey,Tigres UANL,0,1,-1,football-data,2.57,3.19,3.1,2.57,3.35,3.8,2.29,3.11,3.09,0.38910505836575876,0.31347962382445144,0.3225806451612903,0.025165327351500455,0.38910505836575876,0.29850746268656714,0.2631578947368421,-0.04922958421083212,0.4366812227074236,0.3215434083601286,0.3236245954692557,0.08184922653680804
2012/2013,2012-11-04,Tijuana,Atl. San Luis,0,0,0,football-data,1.53,4.11,7.66,1.58,4.4,8.8,1.53,3.74,6.1,0.6535947712418301,0.24330900243309,0.13054830287206265,0.027452076546982784,0.6329113924050632,0.22727272727272727,0.11363636363636363,-0.02617951668584584,0.6535947712418301,0.267379679144385,0.1639344262295082,0.08490887661572333
2012/2013,2012-11-04,Toluca,Morelia,0,0,0,football-data,2.17,3.52,3.58,2.29,3.52,3.58,2.13,3.22,3.27,0.4608294930875576,0.2840909090909091,0.27932960893854747,0.024250011117014303,0.4366812227074236,0.2840909090909091,0.27932960893854747,0.00010174073688018481,0.4694835680751174,0.3105590062111801,0.3058103975535168,0.08585297183981444
2012/2013,2012-11-05,Atlante,Leon,2,3,-1,football-data,2.93,3.34,2.6,2.95,4.25,2.6,2.81,3.23,2.38,0.341296928327645,0.29940119760479045,0.3846153846153846,0.02531351054782016,0.3389830508474576,0.23529411764705882,0.3846153846153846,-0.04110744689009893,0.35587188612099646,0.30959752321981426,0.42016806722689076,0.08563747656770149
2012/2013,2012-11-08,Monterrey,Toluca,2,2,0,football-data,1.91,3.68,4.34,1.91,3.68,4.75,1.81,3.44,4.21,0.5235602094240838,0.2717391304347826,0.2304147465437788,0.025714086402645275,0.5235602094240838,0.2717391304347826,0.21052631578947367,0.0058256556483400335,0.5524861878453039,0.29069767441860467,0.23752969121140144,0.08071355347530984
2012/2013,2012-11-10,Cruz Azul,Monterrey,1,1,0,football-data,2.21,3.45,3.53,2.24,3.52,3.55,2.12,3.27,3.25,0.45248868778280543,0.2898550724637681,0.28328611898017,0.025629879226743535,0.4464285714285714,0.2840909090909091,0.28169014084507044,0.01220962136455106,0.4716981132075471,0.3058103975535168,0.3076923076923077,0.08520081845337169
2012/2013,2012-11-10,Leon,Atlas,3,1,1,football-data,1.39,5.32,8.34,1.41,6.0,10.5,1.38,4.49,7.3,0.7194244604316548,0.18796992481203006,0.11990407673860912,0.027298461982293798,0.7092198581560284,0.16666666666666666,0.09523809523809523,-0.028875379939209744,0.7246376811594204,0.22271714922048996,0.136986301369863,0.08434113174977353
2012/2013,2012-11-10,Morelia,Santos Laguna,2,0,1,football-data,2.06,3.68,3.7,2.2,3.69,4.2,2.06,3.33,3.35,0.4854368932038835,0.2717391304347826,0.27027027027027023,0.02744629390893638,0.45454545454545453,0.2710027100271003,0.23809523809523808,-0.036356597332207086,0.4854368932038835,0.3003003003003003,0.29850746268656714,0.08424465619075105
2012/2013,2012-11-11,Atl. San Luis,Toluca,0,2,-1,football-data,3.54,3.49,2.19,3.55,3.49,2.29,3.17,3.23,2.18,0.2824858757062147,0.28653295128939826,0.4566210045662101,0.025639831561822923,0.28169014084507044,0.28653295128939826,0.4366812227074236,0.004904314841892354,0.31545741324921134,0.30959752321981426,0.4587155963302752,0.0837705327993008
2012/2013,2012-11-11,Guadalajara,Tijuana,0,2,-1,football-data,2.83,3.09,2.87,2.83,3.2,3.05,2.53,3.03,2.78,0.35335689045936397,0.3236245954692557,0.3484320557491289,0.025413541677748563,0.35335689045936397,0.3125,0.3278688524590164,-0.00627425708161955,0.3952569169960475,0.33003300330033003,0.3597122302158274,0.08500215051220494
2012/2013,2012-11-11,Pachuca,Chiapas,2,1,1,football-data,2.99,3.23,2.63,3.0,3.3,2.65,2.72,3.12,2.52,0.33444816053511706,0.30959752321981426,0.3802281368821293,0.024273820637060517,0.3333333333333333,0.30303030303030304,0.37735849056603776,0.013722126929674117,0.3676470588235294,0.3205128205128205,0.3968253968253968,0.08498527616174667
2012/2013,2012-11-11,Puebla,Queretaro,0,1,-1,football-data,1.87,3.78,4.44,1.91,3.78,5.0,1.76,3.42,4.53,0.53475935828877,0.2645502645502646,0.2252252252252252,0.024534848064259762,0.5235602094240838,0.2645502645502646,0.2,-0.011889526025651742,0.5681818181818182,0.29239766081871343,0.22075055187637968,0.08133003087691137
2012/2013,2012-11-11,Pumas UNAM,Atlante,3,2,1,football-data,2.04,3.51,3.99,2.1,3.51,4.0,2.0,3.28,3.57,0.49019607843137253,0.2849002849002849,0.2506265664160401,0.02572292974769752,0.47619047619047616,0.2849002849002849,0.25,0.011090761090761125,0.5,0.3048780487804878,0.2801120448179272,0.08499009359841514
2012/2013,2012-11-11,Tigres UANL,America,1,1,0,football-data,2.23,3.44,3.49,2.33,3.44,3.49,2.23,3.19,3.1,0.4484304932735426,0.29069767441860467,0.28653295128939826,0.02566111898154544,0.4291845493562232,0.29069767441860467,0.28653295128939826,0.006415175064226286,0.4484304932735426,0.31347962382445144,0.3225806451612903,0.08449076225928431
2012/2013,2012-11-15,Cruz Azul,Leon,2,1,1,football-data,2.43,3.43,3.1,2.45,3.44,3.1,2.34,3.21,2.9,0.4115226337448559,0.29154518950437314,0.3225806451612903,0.025648468410519376,0.4081632653061224,0.29069767441860467,0.3225806451612903,0.02144158488601744,0.4273504273504274,0.3115264797507788,0.3448275862068966,0.08370449330810281
2012/2013,2012-11-15,Morelia,America,0,2,-1,football-data,2.23,3.38,3.56,2.4,3.38,3.56,2.24,3.2,3.08,0.4484304932735426,0.2958579881656805,0.2808988764044944,0.025187357843717617,0.4166666666666667,0.2958579881656805,0.2808988764044944,-0.006576468763158427,0.4464285714285714,0.3125,0.3246753246753247,0.08360389610389607
2012/2013,2012-11-16,Guadalajara,Toluca,1,2,-1,football-data,2.7,3.09,3.01,3.05,3.25,3.01,2.73,3.04,2.59,0.37037037037037035,0.3236245954692557,0.33222591362126247,0.02622087946088847,0.3278688524590164,0.3076923076923077,0.33222591362126247,-0.03221292622741334,0.3663003663003663,0.32894736842105265,0.3861003861003861,0.0813481208218052
2012/2013,2012-11-16,Monterrey,Tijuana,0,1,-1,football-data,2.19,3.44,3.6,2.45,3.44,3.6,2.23,3.18,3.12,0.4566210045662101,0.29069767441860467,0.2777777777777778,0.025096456762592645,0.4081632653061224,0.29069767441860467,0.2777777777777778,-0.02336128249749514,0.4484304932735426,0.31446540880503143,0.3205128205128205,0.08340872259139465
2012/2013,2012-11-17,America,Morelia,1,2,-1,football-data,2.13,3.53,3.56,2.2,3.8,3.75,2.12,3.32,3.22,0.4694835680751174,0.28328611898017,0.2808988764044944,0.03366856345978175,0.45454545454545453,0.2631578947368421,0.26666666666666666,-0.01562998405103677,0.4716981132075471,0.30120481927710846,0.3105590062111801,0.08346193869583574
2012/2013,2012-11-18,Leon,Cruz Azul,3,0,1,football-data,1.86,3.76,4.5,1.91,3.8,4.65,1.86,3.41,3.98,0.5376344086021505,0.26595744680851063,0.2222222222222222,0.025814077632883237,0.5235602094240838,0.2631578947368421,0.2150537634408602,0.001771867601786159,0.5376344086021505,0.29325513196480935,0.25125628140703515,0.082145821973995
2012/2013,2012-11-18,Toluca,Guadalajara,3,1,1,football-data,1.99,3.46,4.3,2.02,3.6,5.0,1.84,3.34,4.2,0.5025125628140703,0.28901734104046245,0.23255813953488372,0.02408804338941639,0.49504950495049505,0.2777777777777778,0.2,-0.027172717271727098,0.5434782608695652,0.29940119760479045,0.23809523809523808,0.08097469656959366
2012/2013,2012-11-19,Tijuana,Monterrey,1,1,0,football-data,2.25,3.36,3.5,2.25,3.5,3.9,2.11,3.22,3.38,0.4444444444444444,0.2976190476190476,0.2857142857142857,0.02777777777777768,0.4444444444444444,0.2857142857142857,0.25641025641025644,-0.013431013431013383,0.47393364928909953,0.3105590062111801,0.2958579881656805,0.08035064366596001
2012/2013,2012-11-23,America,Toluca,0,2,-1,football-data,1.92,3.58,4.45,2.0,3.59,4.75,1.93,3.33,3.73,0.5208333333333334,0.27932960893854747,0.2247191011235955,0.024882043395476394,0.5,0.2785515320334262,0.21052631578947367,-0.01092215217710013,0.5181347150259068,0.3003003003003003,0.2680965147453083,0.08653153007151548
2012/2013,2012-11-23,Leon,Tijuana,2,0,1,football-data,1.85,3.72,4.65,1.85,3.72,5.4,1.77,3.47,4.36,0.5405405405405405,0.26881720430107525,0.2150537634408602,0.024411508282475847,0.5405405405405405,0.26881720430107525,0.18518518518518517,-0.005457069973199058,0.5649717514124294,0.2881844380403458,0.2293577981651376,0.08251398761791284
2012/2013,2012-11-25,Toluca,America,1,2,-1,football-data,2.42,3.62,2.99,2.52,3.62,3.15,2.27,3.35,2.9,0.4132231404958678,0.27624309392265195,0.33444816053511706,0.023914394953636897,0.3968253968253968,0.27624309392265195,0.31746031746031744,-0.009471191791633804,0.44052863436123346,0.29850746268656714,0.3448275862068966,0.08386368325469729
2012/2013,2012-11-26,Tijuana,Leon,3,0,1,football-data,2.23,3.47,3.45,2.4,3.48,3.55,2.13,3.28,3.24,0.4484304932735426,0.2881844380403458,0.2898550724637681,0.026470003777656625,0.4166666666666667,0.28735632183908044,0.28169014084507044,-0.014286870649182326,0.4694835680751174,0.3048780487804878,0.30864197530864196,0.08300359216424713
2012/2013,2012-11-30,Tijuana,Toluca,2,1,1,football-data,2.31,3.27,3.5,2.35,3.3,3.6,2.21,3.13,3.18,0.4329004329004329,0.3058103975535168,0.2857142857142857,0.024425116168235395,0.425531914893617,0.30303030303030304,0.2777777777777778,0.006339995701697854,0.45248868778280543,0.3194888178913738,0.31446540880503143,0.08644291447921071
2012/2013,2012-12-03,Toluca,Tijuana,0,2,-1,football-data,1.96,3.63,4.16,2.0,3.63,4.2,1.92,3.37,3.78,0.5102040816326531,0.27548209366391185,0.24038461538461536,0.026070790681180345,0.5,0.27548209366391185,0.23809523809523808,0.01357733175914988,0.5208333333333334,0.29673590504451036,0.2645502645502646,0.08211950292810832
2012/2013,2013-01-05,America,Monterrey,2,1,1,football-data,1.97,3.69,4.05,2.1,3.69,4.05,1.97,3.31,3.64,0.5076142131979695,0.2710027100271003,0.2469135802469136,0.02553050347198349,0.47619047619047616,0.2710027100271003,0.2469135802469136,-0.005893233535509967,0.5076142131979695,0.3021148036253776,0.2747252747252747,0.08445429154862172
2012/2013,2013-01-05,Morelia,Cruz Azul,3,3,0,football-data,2.35,3.39,3.28,2.41,3.39,3.45,2.25,3.17,3.09,0.425531914893617,0.2949852507374631,0.3048780487804878,0.02539521441156789,0.41493775933609955,0.2949852507374631,0.2898550724637681,-0.00022191746266919665,0.4444444444444444,0.31545741324921134,0.3236245954692557,0.08352645316291163
2012/2013,2013-01-06,Atl. San Luis,Santos Laguna,1,1,0,football-data,3.45,3.5,2.23,3.45,3.5,2.6,3.08,3.23,2.24,0.2898550724637681,0.2857142857142857,0.4484304932735426,0.023999851451596443,0.2898550724637681,0.2857142857142857,0.3846153846153846,-0.03981525720656154,0.3246753246753247,0.30959752321981426,0.4464285714285714,0.08070141932371033
2012/2013,2013-01-06,Guadalajara,Toluca,1,1,0,football-data,2.54,3.3,3.04,2.6,3.4,3.04,2.47,3.11,2.8,0.39370078740157477,0.30303030303030304,0.32894736842105265,0.025678458852930408,0.3846153846153846,0.29411764705882354,0.32894736842105265,0.007680400095260831,0.4048582995951417,0.3215434083601286,0.35714285714285715,0.08354456509812747
2012/2013,2013-01-06,Leon,Queretaro,2,2,0,football-data,1.33,5.4,11.65,1.5,5.8,11.65,1.29,5.01,9.46,0.7518796992481203,0.18518518518518517,0.08583690987124463,0.02290179430454997,0.6666666666666666,0.1724137931034483,0.08583690987124463,-0.07508263035864049,0.7751937984496123,0.1996007984031936,0.10570824524312895,0.08050284209593506
2012/2013,2013-01-06,Pachuca,Atlante,2,0,1,football-data,1.96,3.62,4.16,1.96,3.75,4.2,1.9,3.35,3.87,0.5102040816326531,0.27624309392265195,0.24038461538461536,0.026831790939920497,0.5102040816326531,0.26666666666666666,0.23809523809523808,0.014965986394557929,0.5263157894736842,0.29850746268656714,0.25839793281653745,0.08322118497678876
2012/2013,2013-01-06,Puebla,Tijuana,1,2,-1,football-data,3.53,3.34,2.25,3.53,3.4,2.5,3.08,3.14,2.27,0.28328611898017,0.29940119760479045,0.4444444444444444,0.027131761029404844,0.28328611898017,0.29411764705882354,0.4,-0.022596233961006518,0.3246753246753247,0.3184713375796178,0.44052863436123346,0.08367529661617601
2012/2013,2013-01-06,Pumas UNAM,Atlas,1,1,0,football-data,1.93,3.64,4.3,1.95,3.65,4.87,1.81,3.31,4.39,0.5181347150259068,0.2747252747252747,0.23255813953488372,0.025418129286065128,0.5128205128205129,0.273972602739726,0.2053388090349076,-0.007868075404853458,0.5524861878453039,0.3021148036253776,0.22779043280182235,0.0823914242725039
2012/2013,2013-01-06,Tigres UANL,Chiapas,3,0,1,football-data,1.7,3.87,5.54,1.85,3.9,5.54,1.71,3.53,4.69,0.5882352941176471,0.25839793281653745,0.18050541516245489,0.0271386420966393,0.5405405405405405,0.25641025641025644,0.18050541516245489,-0.022543787886748157,0.5847953216374269,0.28328611898017,0.21321961620469082,0.08130105682228761
2012/2013,2013-01-12,Chiapas,America,0,2,-1,football-data,3.54,3.61,2.14,3.54,3.61,2.45,3.17,3.28,2.17,0.2824858757062147,0.2770083102493075,0.4672897196261682,0.026783905581690526,0.2824858757062147,0.2770083102493075,0.4081632653061224,-0.03234254873835529,0.31545741324921134,0.3048780487804878,0.4608294930875576,0.08116495511725663
2012/2013,2013-01-12,Cruz Azul,Atl. San Luis,2,1,1,football-data,1.54,4.28,6.97,1.6,4.45,7.0,1.52,3.9,6.07,0.6493506493506493,0.2336448598130841,0.14347202295552366,0.02646753211925712,0.625,0.2247191011235955,0.14285714285714285,-0.007423756019261596,0.6578947368421053,0.25641025641025644,0.16474464579901152,0.0790496390513733
2012/2013,2013-01-12,Queretaro,Pumas UNAM,2,1,1,football-data,2.95,3.22,2.66,3.15,3.45,2.66,2.92,3.1,2.4,0.3389830508474576,0.3105590062111801,0.37593984962406013,0.025481906682697897,0.31746031746031744,0.2898550724637681,0.37593984962406013,-0.016744760451854357,0.3424657534246575,0.3225806451612903,0.4166666666666667,0.08171306525261457
2012/2013,2013-01-12,Santos Laguna,Guadalajara,2,0,1,football-data,1.91,3.49,4.63,2.0,3.5,4.63,1.89,3.31,4.0,0.5235602094240838,0.28653295128939826,0.2159827213822894,0.026075882095771385,0.5,0.2857142857142857,0.2159827213822894,0.001697007096575165,0.5291005291005292,0.3021148036253776,0.25,0.08121533272590686
2012/2013,2013-01-13,Atlas,Pachuca,2,0,1,football-data,3.02,3.29,2.56,3.02,3.4,3.0,2.65,3.07,2.65,0.33112582781456956,0.303951367781155,0.390625,0.02570219559572462,0.33112582781456956,0.29411764705882354,0.3333333333333333,-0.041423191793273695,0.37735849056603776,0.32573289902280134,0.37735849056603776,0.08044988015487675
2012/2013,2013-01-13,Monterrey,Morelia,1,0,1,football-data,2.58,3.32,2.97,2.58,3.45,3.35,2.32,3.14,3.03,0.38759689922480617,0.30120481927710846,0.33670033670033667,0.02550205520225135,0.38759689922480617,0.2898550724637681,0.29850746268656714,-0.024040565624858568,0.4310344827586207,0.3184713375796178,0.33003300330033003,0.07953882363856857
2012/2013,2013-01-13,Tijuana,Leon,1,0,1,football-data,1.98,3.47,4.29,2.22,3.5,4.29,2.03,3.27,3.56,0.5050505050505051,0.2881844380403458,0.2331002331002331,0.026335176191083942,0.4504504504504504,0.2857142857142857,0.2331002331002331,-0.03073503073503081,0.4926108374384237,0.3058103975535168,0.2808988764044944,0.0793201113964348
2012/2013,2013-01-13,Toluca,Puebla,1,1,0,football-data,1.65,3.95,6.06,1.68,4.09,6.2,1.61,3.67,5.31,0.6060606060606061,0.2531645569620253,0.16501650165016502,0.024241664672796315,0.5952380952380952,0.24449877750611249,0.16129032258064516,0.0010271953248528476,0.6211180124223602,0.2724795640326976,0.18832391713747648,0.08192149359253431
2012/2013,2013-01-14,Atlante,Tigres UANL,1,3,-1,football-data,4.08,3.5,2.02,4.08,3.5,2.2,3.53,3.25,2.04,0.24509803921568626,0.2857142857142857,0.49504950495049505,0.025861829880466924,0.24509803921568626,0.2857142857142857,0.45454545454545453,-0.014642220524573535,0.28328611898017,0.3076923076923077,0.49019607843137253,0.08117450510385016
2012/2013,2013-01-19,America,Atlante,4,0,1,football-data,1.38,4.98,10.09,1.5,4.98,10.11,1.38,4.41,7.86,0.7246376811594204,0.2008032128514056,0.09910802775024777,0.024548921761073705,0.6666666666666666,0.2008032128514056,0.09891196834817013,-0.03361815213375763,0.7246376811594204,0.22675736961451246,0.1272264631043257,0.07862151387825844
2012/2013,2013-01-19,Chiapas,Monterrey,1,1,0,football-data,2.63,3.23,2.97,2.8,3.3,2.97,2.54,3.15,2.7,0.3802281368821293,0.30959752321981426,0.33670033670033667,0.026525996802280183,0.35714285714285715,0.30303030303030304,0.33670033670033667,-0.0031265031265030885,0.39370078740157477,0.31746031746031744,0.37037037037037035,0.08153147523226245
2012/2013,2013-01-19,Leon,Toluca,1,2,-1,football-data,2.1,3.46,3.85,2.1,3.6,4.0,1.98,3.29,3.64,0.47619047619047616,0.28901734104046245,0.2597402597402597,0.024948076971198496,0.47619047619047616,0.2777777777777778,0.25,0.003968253968253954,0.5050505050505051,0.303951367781155,0.2747252747252747,0.08372714755693478
2012/2013,2013-01-20,Atl. San Luis,Morelia,1,2,-1,football-data,3.78,3.43,2.13,3.78,3.43,2.35,3.21,3.18,2.2,0.2645502645502646,0.29154518950437314,0.4694835680751174,0.025579022129754936,0.2645502645502646,0.29154518950437314,0.425531914893617,-0.01837263105174536,0.3115264797507788,0.31446540880503143,0.45454545454545453,0.08053734310126481
2012/2013,2013-01-20,Guadalajara,Cruz Azul,1,1,0,football-data,3.11,3.2,2.56,3.11,3.3,2.7,2.82,3.05,2.5,0.3215434083601286,0.3125,0.390625,0.024668408360128513,0.3215434083601286,0.30303030303030304,0.37037037037037035,-0.005055918239197932,0.3546099290780142,0.3278688524590164,0.4,0.0824787815370307
2012/2013,2013-01-20,Pachuca,Queretaro,1,1,0,football-data,1.81,3.83,4.75,1.83,3.83,5.55,1.7,3.51,4.81,0.5524861878453039,0.2610966057441253,0.21052631578947367,0.024109109378902982,0.5464480874316939,0.2610966057441253,0.1801801801801802,-0.012275126644000545,0.5882352941176471,0.2849002849002849,0.2079002079002079,0.08103578691813995
2012/2013,2013-01-20,Puebla,Santos Laguna,2,1,1,football-data,2.91,3.51,2.52,3.05,3.51,2.6,2.77,3.19,2.45,0.3436426116838488,0.2849002849002849,0.3968253968253968,0.025368293409530507,0.3278688524590164,0.2849002849002849,0.3846153846153846,-0.002615478025314033,0.36101083032490977,0.31347962382445144,0.4081632653061224,0.08265371945548372
2012/2013,2013-01-20,Pumas UNAM,Tijuana,1,2,-1,football-data,2.94,3.27,2.64,3.0,3.3,2.7,2.72,3.06,2.57,0.3401360544217687,0.3058103975535168,0.3787878787878788,0.024734330763164447,0.3333333333333333,0.30303030303030304,0.37037037037037035,0.006734006734006703,0.3676470588235294,0.32679738562091504,0.38910505836575876,0.08354950281020312
2012/2013,2013-01-20,Tigres UANL,Atlas,1,0,1,football-data,1.56,4.34,6.41,1.56,4.34,7.0,1.5,3.89,6.41,0.641025641025641,0.2304147465437788,0.15600624024961,0.027446627819029734,0.641025641025641,0.2304147465437788,0.14285714285714285,0.014297530426562677,0.6666666666666666,0.2570694087403599,0.15600624024961,0.07974231565663659
2012/2013,2013-01-26,Cruz Azul,Puebla,4,0,1,football-data,1.61,4.19,6.08,1.65,4.19,6.2,1.6,3.7,5.4,0.6211180124223602,0.2386634844868735,0.16447368421052633,0.024255181119759994,0.6060606060606061,0.2386634844868735,0.16129032258064516,0.006014413128124785,0.625,0.27027027027027023,0.18518518518518517,0.0804554554554553
2012/2013,2013-01-26,Morelia,Guadalajara,1,1,0,football-data,2.09,3.39,3.96,2.13,3.4,4.3,1.97,3.28,3.73,0.47846889952153115,0.2949852507374631,0.25252525252525254,0.02597940278424682,0.4694835680751174,0.29411764705882354,0.23255813953488372,-0.003840645331175452,0.5076142131979695,0.3048780487804878,0.2680965147453083,0.08058877672376563
2012/2013,2013-01-26,Queretaro,Tigres UANL,0,2,-1,football-data,4.12,3.47,2.0,4.4,3.6,2.04,3.71,3.29,1.97,0.24271844660194175,0.2881844380403458,0.5,0.03090288464228763,0.22727272727272727,0.2777777777777778,0.49019607843137253,-0.004753416518122444,0.2695417789757412,0.303951367781155,0.5076142131979695,0.08110735995486573
2012/2013,2013-01-26,Santos Laguna,Leon,2,0,1,football-data,2.31,3.36,3.37,2.31,3.8,3.7,2.12,3.28,3.28,0.4329004329004329,0.2976190476190476,0.29673590504451036,0.027255385563990986,0.4329004329004329,0.2631578947368421,0.27027027027027023,-0.033671402092454894,0.4716981132075471,0.3048780487804878,0.3048780487804878,0.08145421076852277
2012/2013,2013-01-27,Atlas,America,2,1,1,football-data,4.45,3.64,1.9,4.7,3.75,2.0,3.9,3.4,1.88,0.2247191011235955,0.2747252747252747,0.5263157894736842,0.025760165322554318,0.2127659574468085,0.26666666666666666,0.5,-0.020567375886524797,0.25641025641025644,0.29411764705882354,0.5319148936170213,0.08244279708610125
2012/2013,2013-01-27,Monterrey,Atl. San Luis,3,2,1,football-data,1.57,4.34,6.31,1.6,4.34,6.8,1.55,3.77,5.8,0.6369426751592356,0.2304147465437788,0.1584786053882726,0.02583602709128696,0.625,0.2304147465437788,0.14705882352941177,0.0024735700731906007,0.6451612903225806,0.26525198938992045,0.1724137931034483,0.08282707281594925
2012/2013,2013-01-27,Tijuana,Pachuca,2,0,1,football-data,1.68,3.89,5.82,1.72,3.89,5.82,1.67,3.55,4.96,0.5952380952380952,0.2570694087403599,0.1718213058419244,0.02412880982037957,0.5813953488372093,0.2570694087403599,0.1718213058419244,0.010286063419493674,0.5988023952095809,0.28169014084507044,0.20161290322580647,0.08210543928045788
2012/2013,2013-01-27,Toluca,Pumas UNAM,0,1,-1,football-data,1.93,3.76,4.12,1.97,3.76,4.55,1.85,3.39,4.08,0.5181347150259068,0.26595744680851063,0.24271844660194175,0.026810608436359296,0.5076142131979695,0.26595744680851063,0.21978021978021978,-0.006648120213300079,0.5405405405405405,0.2949852507374631,0.24509803921568626,0.08062383049368993
2012/2013,2013-01-28,Atlante,Chiapas,4,3,1,football-data,2.42,3.33,3.21,2.45,3.36,3.21,2.34,3.14,2.96,0.4132231404958678,0.3003003003003003,0.3115264797507788,0.02504992054694699,0.4081632653061224,0.2976190476190476,0.3115264797507788,0.01730879267594876,0.4273504273504274,0.3184713375796178,0.33783783783783783,0.08365960276788309
2012/2013,2013-02-02,America,Queretaro,3,0,1,football-data,1.31,5.71,11.56,1.35,5.9,12.0,1.28,5.07,9.69,0.7633587786259541,0.17513134851138354,0.08650519031141868,0.02499531744875627,0.7407407407407407,0.1694915254237288,0.08333333333333333,-0.006434400502197124,0.78125,0.1972386587771203,0.10319917440660475,0.08168783318372519
2012/2013,2013-02-02,Chiapas,Atlas,1,2,-1,football-data,2.17,3.39,3.71,2.25,3.4,3.71,2.16,3.21,3.29,0.4608294930875576,0.2949852507374631,0.2695417789757412,0.02535652280076195,0.4444444444444444,0.29411764705882354,0.2695417789757412,0.00810387047900929,0.4629629629629629,0.3115264797507788,0.303951367781155,0.0784408104948966
2012/2013,2013-02-03,Guadalajara,Atl. San Luis,1,1,0,football-data,1.88,3.62,4.59,1.91,3.62,4.8,1.79,3.38,4.39,0.5319148936170213,0.27624309392265195,0.2178649237472767,0.02602291128694989,0.5235602094240838,0.27624309392265195,0.20833333333333334,0.008136636680069032,0.5586592178770949,0.2958579881656805,0.22779043280182235,0.0823076388445978
2012/2013,2013-02-03,Leon,Cruz Azul,2,2,0,football-data,2.44,3.44,3.08,2.44,3.52,3.25,2.32,3.19,2.94,0.4098360655737705,0.29069767441860467,0.3246753246753247,0.0252090646676999,0.4098360655737705,0.2840909090909091,0.3076923076923077,0.0016192823569873838,0.4310344827586207,0.31347962382445144,0.3401360544217687,0.08465016100484091
2012/2013,2013-02-03,Pachuca,Toluca,1,0,1,football-data,2.31,3.29,3.41,2.4,3.4,3.42,2.24,3.15,3.15,0.4329004329004329,0.303951367781155,0.29325513196480935,0.03010693264639719,0.4166666666666667,0.29411764705882354,0.29239766081871343,0.0031819745442036584,0.4464285714285714,0.31746031746031744,0.31746031746031744,0.08134920634920628
2012/2013,2013-02-03,Puebla,Morelia,3,1,1,football-data,3.55,3.34,2.25,3.65,3.34,2.45,3.09,3.19,2.25,0.28169014084507044,0.29940119760479045,0.4444444444444444,0.025535782894305248,0.273972602739726,0.29940119760479045,0.4081632653061224,-0.018462934349361193,0.3236245954692557,0.31347962382445144,0.4444444444444444,0.0815486637381515
2012/2013,2013-02-03,Pumas UNAM,Santos Laguna,0,0,0,football-data,2.39,3.29,3.2,2.4,3.3,3.36,2.28,3.17,3.03,0.41841004184100417,0.303951367781155,0.3125,0.03486140962215911,0.4166666666666667,0.30303030303030304,0.2976190476190476,0.017316017316017396,0.4385964912280702,0.31545741324921134,0.33003300330033003,0.08408690777761163
2012/2013,2013-02-03,Tigres UANL,Tijuana,2,2,0,football-data,1.9,3.44,4.8,2.12,3.5,4.8,1.98,3.21,3.82,0.5263157894736842,0.29069767441860467,0.20833333333333334,0.025346797225622053,0.4716981132075471,0.2857142857142857,0.20833333333333334,-0.034254267744833755,0.5050505050505051,0.3115264797507788,0.2617801047120419,0.07835708951332565
2012/2013,2013-02-04,Atlante,Monterrey,3,1,1,football-data,3.34,3.44,2.29,3.4,3.5,2.34,3.03,3.21,2.25,0.29940119760479045,0.29069767441860467,0.4366812227074236,0.02678009473081877,0.29411764705882354,0.2857142857142857,0.4273504273504274,0.007182360123536569,0.33003300330033003,0.3115264797507788,0.4444444444444444,0.0860039274955533
2012/2013,2013-02-09,Cruz Azul,Pumas UNAM,1,1,0,football-data,1.81,3.74,4.84,1.81,3.8,5.0,1.76,3.43,4.5,0.5524861878453039,0.267379679144385,0.2066115702479339,0.02647743723762286,0.5524861878453039,0.2631578947368421,0.2,0.015644082582146,0.5681818181818182,0.29154518950437314,0.2222222222222222,0.08194922990841347
2012/2013,2013-02-09,Morelia,Leon,1,0,1,football-data,1.94,3.7,4.13,2.25,3.7,4.13,2.0,3.35,3.57,0.5154639175257733,0.27027027027027023,0.24213075060532688,0.027864938401370498,0.4444444444444444,0.27027027027027023,0.24213075060532688,-0.043154534679958556,0.5,0.29850746268656714,0.2801120448179272,0.0786195075044942
2012/2013,2013-02-09,Queretaro,Chiapas,1,1,0,football-data,2.64,3.21,2.98,2.65,3.3,3.0,2.45,3.08,2.85,0.3787878787878788,0.3115264797507788,0.33557046979865773,0.025884828337315202,0.37735849056603776,0.30303030303030304,0.3333333333333333,0.013722126929674117,0.4081632653061224,0.3246753246753247,0.3508771929824561,0.08371578296390325
2012/2013,2013-02-10,Atl. San Luis,Puebla,1,3,-1,football-data,2.37,3.36,3.28,2.37,3.4,3.35,2.25,3.18,3.09,0.42194092827004215,0.2976190476190476,0.3048780487804878,0.024438024669577674,0.42194092827004215,0.29411764705882354,0.29850746268656714,0.01456603801543288,0.4444444444444444,0.31446540880503143,0.3236245954692557,0.08253444871873139
2012/2013,2013-02-10,Atlas,Atlante,2,1,1,football-data,1.99,3.59,4.09,2.04,3.59,4.09,1.97,3.29,3.69,0.5025125628140703,0.2785515320334262,0.24449877750611249,0.02556287235360899,0.49019607843137253,0.2785515320334262,0.24449877750611249,0.013246387970911266,0.5076142131979695,0.303951367781155,0.2710027100271003,0.08256829100622465
2012/2013,2013-02-10,Monterrey,Guadalajara,0,1,-1,football-data,1.85,3.76,4.57,1.95,3.76,4.57,1.86,3.41,4.02,0.5405405405405405,0.26595744680851063,0.2188183807439825,0.025316368093033503,0.5128205128205129,0.26595744680851063,0.2188183807439825,-0.002403659626993959,0.5376344086021505,0.29325513196480935,0.24875621890547267,0.07964575947243246
2012/2013,2013-02-10,Santos Laguna,Pachuca,0,1,-1,football-data,2.04,3.33,4.25,2.04,3.5,4.3,1.97,3.24,3.75,0.49019607843137253,0.3003003003003003,0.23529411764705882,0.025790496378731653,0.49019607843137253,0.2857142857142857,0.23255813953488372,0.008468503680541861,0.5076142131979695,0.30864197530864196,0.26666666666666666,0.08292285517327813
2012/2013,2013-02-10,Tijuana,America,1,2,-1,football-data,2.38,3.33,3.28,2.4,3.33,3.3,2.3,3.15,3.02,0.42016806722689076,0.3003003003003003,0.3048780487804878,0.025346416307678865,0.4166666666666667,0.3003003003003003,0.30303030303030304,0.019997269997269917,0.4347826086956522,0.31746031746031744,0.33112582781456956,0.08336875397053922
2012/2013,2013-02-10,Toluca,Tigres UANL,1,4,-1,football-data,2.88,3.26,2.69,3.1,3.26,2.75,2.67,3.09,2.59,0.3472222222222222,0.3067484662576687,0.3717472118959108,0.025717900375801683,0.3225806451612903,0.3067484662576687,0.36363636363636365,-0.007034524944677378,0.37453183520599254,0.3236245954692557,0.3861003861003861,0.08425681677563435
2012/2013,2013-02-16,America,Toluca,2,2,0,football-data,1.55,4.26,6.87,1.6,4.26,6.87,1.54,3.84,5.74,0.6451612903225806,0.2347417840375587,0.14556040756914118,0.025463481929280496,0.625,0.2347417840375587,0.14556040756914118,0.00530219160669998,0.6493506493506493,0.2604166666666667,0.17421602787456444,0.08398334389188045
2012/2013,2013-02-16,Chiapas,Tijuana,2,0,1,football-data,2.68,3.28,2.88,3.02,3.28,2.88,2.7,3.12,2.58,0.3731343283582089,0.3048780487804878,0.3472222222222222,0.025234599360918875,0.33112582781456956,0.3048780487804878,0.3472222222222222,-0.016773901182720485,0.37037037037037035,0.3205128205128205,0.38759689922480617,0.07848009010799695
2012/2013,2013-02-17,Atlas,Monterrey,2,1,1,football-data,2.39,3.33,3.26,2.45,3.4,3.26,2.34,3.16,2.94,0.41841004184100417,0.3003003003003003,0.3067484662576687,0.025458808398973076,0.4081632653061224,0.29411764705882354,0.3067484662576687,0.009029378622614548,0.4273504273504274,0.3164556962025316,0.3401360544217687,0.08394217797472758
2012/2013,2013-02-17,Leon,Atl. San Luis,2,0,1,football-data,1.68,4.03,5.54,1.73,4.03,5.54,1.67,3.63,4.81,0.5952380952380952,0.24813895781637715,0.18050541516245489,0.02388246821692741,0.5780346820809249,0.24813895781637715,0.18050541516245489,0.006679055059756855,0.5988023952095809,0.27548209366391185,0.2079002079002079,0.08218469677370077
2012/2013,2013-02-17,Pachuca,Cruz Azul,2,1,1,football-data,2.9,3.25,2.68,2.9,3.25,2.88,2.61,3.12,2.63,0.3448275862068966,0.3076923076923077,0.3731343283582089,0.025654222257413206,0.3448275862068966,0.3076923076923077,0.3472222222222222,-0.00025788387857350603,0.3831417624521073,0.3205128205128205,0.3802281368821293,0.08388271984705709
2012/2013,2013-02-17,Puebla,Guadalajara,1,1,0,football-data,2.5,3.33,3.06,2.6,3.37,3.06,2.45,3.13,2.81,0.4,0.3003003003003003,0.32679738562091504,0.02709768592121531,0.3846153846153846,0.29673590504451036,0.32679738562091504,0.00814867528080998,0.4081632653061224,0.3194888178913738,0.35587188612099646,0.0835239693184926
2012/2013,2013-02-17,Pumas UNAM,Morelia,1,0,1,football-data,2.62,3.26,2.97,2.62,3.31,3.15,2.39,3.12,2.9,0.38167938931297707,0.3067484662576687,0.33670033670033667,0.025128192270982508,0.38167938931297707,0.3021148036253776,0.31746031746031744,0.0012545103986720818,0.41841004184100417,0.3205128205128205,0.3448275862068966,0.08375044856072122
2012/2013,2013-02-17,Tigres UANL,Santos Laguna,1,1,0,football-data,1.79,3.82,4.84,1.79,3.95,5.4,1.68,3.6,4.79,0.5586592178770949,0.2617801047120419,0.2066115702479339,0.02705089283707074,0.5586592178770949,0.2531645569620253,0.18518518518518517,-0.0029910399756947204,0.5952380952380952,0.2777777777777778,0.20876826722338204,0.08178414023925518
2012/2013,2013-02-18,Atlante,Queretaro,1,1,0,football-data,1.89,3.63,4.49,1.9,3.73,4.5,1.81,3.43,4.17,0.5291005291005292,0.27548209366391185,0.22271714922048996,0.027299771984931054,0.5263157894736842,0.2680965147453083,0.2222222222222222,0.01663452644121488,0.5524861878453039,0.29154518950437314,0.23980815347721823,0.08383953082689533
2012/2013,2013-02-23,Cruz Azul,Tigres UANL,1,2,-1,football-data,2.7,3.25,2.88,2.7,3.3,2.98,2.47,3.11,2.78,0.37037037037037035,0.3076923076923077,0.3472222222222222,0.02528490028490027,0.37037037037037035,0.30303030303030304,0.33557046979865773,0.008971143199331122,0.4048582995951417,0.3215434083601286,0.3597122302158274,0.08611393817109758
2012/2013,2013-02-23,Morelia,Pachuca,3,2,1,football-data,1.93,3.5,4.53,2.23,3.5,4.53,1.99,3.22,3.75,0.5181347150259068,0.2857142857142857,0.22075055187637968,0.024599552616572096,0.4484304932735426,0.2857142857142857,0.22075055187637968,-0.04510466913579192,0.5025125628140703,0.3105590062111801,0.26666666666666666,0.07973823569191696
2012/2013,2013-02-23,Queretaro,Atlas,0,0,0,football-data,2.39,3.19,3.41,2.95,3.2,3.5,2.5,3.04,2.86,0.41841004184100417,0.31347962382445144,0.29325513196480935,0.025144797630265003,0.3389830508474576,0.3125,0.2857142857142857,-0.06280266343825669,0.4,0.32894736842105265,0.3496503496503497,0.07859771807140237
2012/2013,2013-02-23,Santos Laguna,America,1,0,1,football-data,2.58,3.33,2.96,2.89,3.34,3.06,2.61,3.2,2.6,0.38759689922480617,0.3003003003003003,0.33783783783783783,0.025735037362944357,0.3460207612456747,0.29940119760479045,0.32679738562091504,-0.027780655528619747,0.3831417624521073,0.3125,0.3846153846153846,0.08025714706749199
2012/2013,2013-02-24,Atl. San Luis,Pumas UNAM,0,2,-1,football-data,3.78,3.36,2.16,3.78,3.36,2.6,3.14,3.14,2.26,0.2645502645502646,0.2976190476190476,0.4629629629629629,0.025132275132275117,0.2645502645502646,0.2976190476190476,0.3846153846153846,-0.05321530321530321,0.3184713375796178,0.3184713375796178,0.4424778761061947,0.07942055126543046
2012/2013,2013-02-24,Guadalajara,Leon,2,1,1,football-data,2.2,3.28,3.19,2.65,3.29,3.25,2.34,3.11,2.96,0.45454545454545453,0.3048780487804878,0.31347962382445144,0.07290312715039371,0.37735849056603776,0.303951367781155,0.3076923076923077,-0.01099783396049947,0.4273504273504274,0.3215434083601286,0.33783783783783783,0.08673167354839384
2012/2013,2013-02-24,Monterrey,Puebla,3,0,1,football-data,1.64,4.29,5.45,1.75,4.29,5.5,1.64,3.71,4.95,0.6097560975609756,0.2331002331002331,0.18348623853211007,0.026342569193318788,0.5714285714285714,0.2331002331002331,0.18181818181818182,-0.013653013653013746,0.6097560975609756,0.2695417789757412,0.20202020202020202,0.08131807855691875
2012/2013,2013-02-24,Tijuana,Atlante,2,0,1,football-data,1.5,4.5,7.5,1.62,4.5,7.52,1.51,3.93,6.2,0.6666666666666666,0.2222222222222222,0.13333333333333333,0.022222222222222143,0.6172839506172839,0.2222222222222222,0.13297872340425532,-0.027515103756238557,0.6622516556291391,0.2544529262086514,0.16129032258064516,0.07799490441843582
2012/2013,2013-02-24,Toluca,Chiapas,2,1,1,football-data,2.08,3.67,3.61,2.1,3.67,3.85,1.99,3.29,3.58,0.4807692307692307,0.2724795640326976,0.2770083102493075,0.03025710505123591,0.47619047619047616,0.2724795640326976,0.2597402597402597,0.008410299963433454,0.5025125628140703,0.303951367781155,0.27932960893854747,0.08579353953377278
2012/2013,2013-03-02,America,Cruz Azul,3,0,1,football-data,1.89,3.68,4.41,1.95,3.68,4.41,1.83,3.47,4.05,0.5291005291005292,0.2717391304347826,0.22675736961451246,0.027597029149824204,0.5128205128205129,0.2717391304347826,0.22675736961451246,0.011317012869807908,0.5464480874316939,0.2881844380403458,0.2469135802469136,0.08154610571895327
2012/2013,2013-03-02,Chiapas,Santos Laguna,1,3,-1,football-data,2.49,3.47,2.98,2.65,3.47,2.98,2.44,3.2,2.76,0.4016064257028112,0.2881844380403458,0.33557046979865773,0.0253613335418148,0.37735849056603776,0.2881844380403458,0.33557046979865773,0.0011133984050413215,0.4098360655737705,0.3125,0.3623188405797102,0.0846549061534807
2012/2013,2013-03-02,Queretaro,Monterrey,1,0,1,football-data,3.2,3.41,2.38,3.25,3.41,2.4,2.98,3.17,2.31,0.3125,0.29325513196480935,0.42016806722689076,0.025923199191700164,0.3076923076923077,0.29325513196480935,0.4166666666666667,0.017614106323783796,0.33557046979865773,0.31545741324921134,0.4329004329004329,0.08392831594830197
2012/2013,2013-03-03,Atlas,Tijuana,1,0,1,football-data,3.16,3.19,2.52,3.16,3.2,2.78,2.74,3.06,2.55,0.3164556962025316,0.31347962382445144,0.3968253968253968,0.026760716852379796,0.3164556962025316,0.3125,0.3597122302158274,-0.011332073581641122,0.36496350364963503,0.32679738562091504,0.3921568627450981,0.083917752015648
2012/2013,2013-03-03,Leon,Puebla,0,1,-1,football-data,1.7,4.0,5.37,1.73,4.0,5.5,1.67,3.58,4.89,0.5882352941176471,0.25,0.186219739292365,0.024455033410011984,0.5780346820809249,0.25,0.18181818181818182,0.009852863899106667,0.5988023952095809,0.27932960893854747,0.20449897750511248,0.0826309816532409
2012/2013,2013-03-03,Pachuca,Atl. San Luis,2,1,1,football-data,1.67,3.93,5.86,1.67,3.93,6.25,1.59,3.59,5.67,0.5988023952095809,0.2544529262086514,0.1706484641638225,0.02390378558205475,0.5988023952095809,0.2544529262086514,0.16,0.013255321418232269,0.6289308176100629,0.2785515320334262,0.1763668430335097,0.08384919267699864
2012/2013,2013-03-03,Pumas UNAM,Guadalajara,1,1,0,football-data,2.06,3.37,4.07,2.25,3.37,4.24,2.01,3.2,3.67,0.4854368932038835,0.29673590504451036,0.24570024570024568,0.027873043948639653,0.4444444444444444,0.29673590504451036,0.23584905660377356,-0.02297059390727163,0.49751243781094534,0.3125,0.2724795640326976,0.0824920018436428
2012/2013,2013-03-03,Tigres UANL,Morelia,1,1,0,football-data,1.79,3.94,4.68,1.85,3.94,4.76,1.74,3.54,4.42,0.5586592178770949,0.25380710659898476,0.2136752136752137,0.026141538151293275,0.5405405405405405,0.25380710659898476,0.21008403361344538,0.004431680752970513,0.5747126436781609,0.2824858757062147,0.22624434389140272,0.08344286327577843
2012/2013,2013-03-04,Atlante,Toluca,0,1,-1,football-data,2.69,3.26,2.88,2.88,3.5,2.88,2.58,3.13,2.66,0.3717472118959108,0.3067484662576687,0.3472222222222222,0.025717900375801683,0.3472222222222222,0.2857142857142857,0.3472222222222222,-0.019841269841269882,0.38759689922480617,0.3194888178913738,0.37593984962406013,0.0830255667402402
2012/2013,2013-03-09,Cruz Azul,Chiapas,1,1,0,football-data,1.7,4.0,5.33,1.75,4.0,5.33,1.69,3.58,4.7,0.5882352941176471,0.25,0.18761726078799248,0.025852554905639646,0.5714285714285714,0.25,0.18761726078799248,0.009045832216563854,0.591715976331361,0.27932960893854747,0.2127659574468085,0.08381154271671698
2012/2013,2013-03-09,Morelia,America,1,1,0,football-data,2.85,3.32,2.69,2.98,3.38,2.69,2.74,3.18,2.48,0.3508771929824561,0.30120481927710846,0.3717472118959108,0.023829224155475393,0.33557046979865773,0.2958579881656805,0.3717472118959108,0.0031756698602489752,0.36496350364963503,0.31446540880503143,0.40322580645161293,0.0826547189062794
2012/2013,2013-03-10,Atl. San Luis,Tigres UANL,1,2,-1,football-data,4.76,3.79,1.81,4.99,3.79,1.95,4.33,3.41,1.8,0.21008403361344538,0.2638522427440633,0.5524861878453039,0.02642246420281258,0.2004008016032064,0.2638522427440633,0.5128205128205129,-0.022926442832217342,0.23094688221709006,0.29325513196480935,0.5555555555555556,0.07975756973745485
2012/2013,2013-03-10,Guadalajara,Pachuca,1,0,1,football-data,2.4,3.3,3.22,2.4,3.34,3.3,2.26,3.13,3.11,0.4166666666666667,0.30303030303030304,0.3105590062111801,0.030255975908149768,0.4166666666666667,0.29940119760479045,0.30303030303030304,0.01909816730176006,0.4424778761061947,0.3194888178913738,0.3215434083601286,0.08351010235769696
2012/2013,2013-03-10,Monterrey,Leon,2,1,1,football-data,1.97,3.61,4.13,2.04,3.61,4.13,1.94,3.33,3.74,0.5076142131979695,0.2770083102493075,0.24213075060532688,0.02675327405260397,0.49019607843137253,0.2770083102493075,0.24213075060532688,0.009335139286007044,0.5154639175257733,0.3003003003003003,0.267379679144385,0.08314389697045854
2012/2013,2013-03-10,Puebla,Pumas UNAM,0,1,-1,football-data,3.38,3.2,2.39,3.38,3.3,2.6,2.95,3.1,2.39,0.2958579881656805,0.3125,0.41841004184100417,0.026768030006684596,0.2958579881656805,0.30303030303030304,0.3846153846153846,-0.016496324188631895,0.3389830508474576,0.3225806451612903,0.41841004184100417,0.07997373784975204
2012/2013,2013-03-10,Santos Laguna,Atlante,2,1,1,football-data,1.5,4.5,7.23,1.55,4.5,7.23,1.5,3.94,6.23,0.6666666666666666,0.2222222222222222,0.1383125864453665,0.02720147533425532,0.6451612903225806,0.2222222222222222,0.1383125864453665,0.005696098990169318,0.6666666666666666,0.25380710659898476,0.16051364365971107,0.08098741692536238
2012/2013,2013-03-10,Tijuana,Queretaro,0,1,-1,football-data,1.55,4.16,7.11,1.61,4.16,7.4,1.53,3.75,6.23,0.6451612903225806,0.24038461538461536,0.14064697609001406,0.02619288179720991,0.6211180124223602,0.24038461538461536,0.13513513513513511,-0.0033622370578894056,0.6535947712418301,0.26666666666666666,0.16051364365971107,0.08077508156820778
2012/2013,2013-03-10,Toluca,Atlas,0,1,-1,football-data,2.25,3.4,3.47,2.25,3.4,3.75,2.13,3.19,3.33,0.4444444444444444,0.29411764705882354,0.2881844380403458,0.026746529543613784,0.4444444444444444,0.29411764705882354,0.26666666666666666,0.005228758169934622,0.4694835680751174,0.31347962382445144,0.3003003003003003,0.08326349219986895
2012/2013,2013-03-16,America,Atl. San Luis,1,1,0,football-data,1.28,6.16,12.56,1.3,6.2,13.0,1.26,5.32,10.28,0.78125,0.16233766233766234,0.07961783439490445,0.023205496732566777,0.7692307692307692,0.16129032258064516,0.07692307692307693,0.007444168734491274,0.7936507936507936,0.18796992481203006,0.09727626459143969,0.0788969830542634
2012/2013,2013-03-16,Chiapas,Morelia,1,1,0,football-data,3.03,3.39,2.49,3.12,3.39,2.65,2.82,3.12,2.46,0.33003300330033003,0.2949852507374631,0.4016064257028112,0.02662467974060423,0.3205128205128205,0.2949852507374631,0.37735849056603776,-0.007143438183678685,0.3546099290780142,0.3205128205128205,0.4065040650406504,0.08162681463148513
2012/2013,2013-03-16,Queretaro,Toluca,1,0,1,football-data,2.77,3.24,2.81,2.77,3.28,2.98,2.54,3.08,2.74,0.36101083032490977,0.30864197530864196,0.35587188612099646,0.02552469175454819,0.36101083032490977,0.3048780487804878,0.33557046979865773,0.001459348904055302,0.39370078740157477,0.3246753246753247,0.36496350364963503,0.08333961572653448
2012/2013,2013-03-17,Atlas,Santos Laguna,1,2,-1,football-data,2.45,3.36,3.14,2.5,3.36,3.3,2.35,3.14,2.95,0.4081632653061224,0.2976190476190476,0.3184713375796178,0.024253650504787894,0.4,0.2976190476190476,0.30303030303030304,0.0006493506493505663,0.425531914893617,0.3184713375796178,0.3389830508474576,0.08298630332069257
2012/2013,2013-03-17,Pachuca,Puebla,2,1,1,football-data,1.71,3.8,5.59,1.75,3.9,5.75,1.7,3.51,4.84,0.5847953216374269,0.2631578947368421,0.17889087656529518,0.026844092939564135,0.5714285714285714,0.25641025641025644,0.17391304347826086,0.00175187131708876,0.5882352941176471,0.2849002849002849,0.2066115702479339,0.0797471492658659
2012/2013,2013-03-17,Pumas UNAM,Leon,0,0,0,football-data,2.29,3.33,3.44,2.29,3.35,3.95,2.08,3.15,3.54,0.4366812227074236,0.3003003003003003,0.29069767441860467,0.027679197426328628,0.4366812227074236,0.29850746268656714,0.2531645569620253,-0.01164675764398404,0.4807692307692307,0.31746031746031744,0.2824858757062147,0.08071542393576281
2012/2013,2013-03-17,Tigres UANL,Guadalajara,1,1,0,football-data,1.81,3.85,4.65,1.85,3.85,5.0,1.76,3.41,4.52,0.5524861878453039,0.2597402597402597,0.2150537634408602,0.027280211026423862,0.5405405405405405,0.2597402597402597,0.2,0.00028080028080013086,0.5681818181818182,0.29325513196480935,0.22123893805309736,0.08267588819972493
2012/2013,2013-03-17,Tijuana,Monterrey,2,2,0,football-data,2.04,3.41,4.15,2.13,3.65,4.75,1.92,3.34,3.85,0.49019607843137253,0.29325513196480935,0.24096385542168672,0.024415065817868564,0.4694835680751174,0.273972602739726,0.21052631578947367,-0.04601751339568294,0.5208333333333334,0.29940119760479045,0.2597402597402597,0.07997479067838364
2012/2013,2013-03-18,Atlante,Cruz Azul,0,3,-1,football-data,3.03,3.36,2.52,3.05,3.36,2.54,2.83,3.18,2.4,0.33003300330033003,0.2976190476190476,0.3968253968253968,0.02447744774477445,0.3278688524590164,0.2976190476190476,0.39370078740157477,0.019188687479638755,0.35335689045936397,0.31446540880503143,0.4166666666666667,0.08448896593106214
2012/2013,2013-03-30,Cruz Azul,Atlas,1,2,-1,football-data,1.98,3.49,4.28,2.1,3.5,4.29,2.01,3.23,3.64,0.5050505050505051,0.28653295128939826,0.2336448598130841,0.025228316152987373,0.47619047619047616,0.2857142857142857,0.2331002331002331,-0.004995004995005048,0.49751243781094534,0.30959752321981426,0.2747252747252747,0.08183523575603435
2012/2013,2013-03-30,Toluca,Tijuana,1,0,1,football-data,2.48,3.25,3.18,2.54,3.25,3.2,2.43,3.05,2.91,0.40322580645161293,0.3076923076923077,0.31446540880503143,0.025383522948952075,0.39370078740157477,0.3076923076923077,0.3125,0.01389309509388248,0.4115226337448559,0.3278688524590164,0.3436426116838488,0.08303409788772109
2012/2013,2013-03-31,Atl. San Luis,Chiapas,3,0,1,football-data,2.39,3.23,3.37,2.62,3.26,3.37,2.36,3.13,2.95,0.41841004184100417,0.30959752321981426,0.29673590504451036,0.024743470105328846,0.38167938931297707,0.3067484662576687,0.29673590504451036,-0.014836239384843797,0.42372881355932207,0.3194888178913738,0.3389830508474576,0.08220068229815336
2012/2013,2013-03-31,Leon,Pachuca,0,0,0,football-data,1.92,3.68,4.32,2.11,3.68,4.32,1.98,3.34,3.63,0.5208333333333334,0.2717391304347826,0.23148148148148145,0.024053945249597364,0.47393364928909953,0.2717391304347826,0.23148148148148145,-0.02284573879463636,0.5050505050505051,0.29940119760479045,0.27548209366391185,0.0799337963192075
2012/2013,2013-03-31,Monterrey,Pumas UNAM,3,0,1,football-data,2.29,3.31,3.49,2.31,3.35,3.75,2.17,3.17,3.26,0.4366812227074236,0.3021148036253776,0.28653295128939826,0.025328977622199655,0.4329004329004329,0.29850746268656714,0.26666666666666666,-0.0019254377463333583,0.4608294930875576,0.31545741324921134,0.3067484662576687,0.08303537259443772
2012/2013,2013-03-31,Morelia,Atlante,4,0,1,football-data,1.58,4.0,6.94,1.65,4.2,6.94,1.58,3.66,5.71,0.6329113924050632,0.25,0.1440922190201729,0.027003611425236107,0.6060606060606061,0.23809523809523808,0.1440922190201729,-0.011751936823983011,0.6329113924050632,0.27322404371584696,0.17513134851138354,0.08126678463229364
2012/2013,2013-03-31,Puebla,Tigres UANL,1,2,-1,football-data,3.65,3.32,2.23,3.65,3.32,2.25,3.32,3.16,2.16,0.273972602739726,0.30120481927710846,0.4484304932735426,0.02360791529037698,0.273972602739726,0.30120481927710846,0.4444444444444444,0.019621866461278836,0.30120481927710846,0.3164556962025316,0.4629629629629629,0.08062347844260298
2012/2013,2013-03-31,Santos Laguna,Queretaro,1,1,0,football-data,1.61,4.16,6.09,1.7,4.16,6.09,1.63,3.63,5.16,0.6211180124223602,0.24038461538461536,0.16420361247947454,0.025706240286450077,0.5882352941176471,0.24038461538461536,0.16420361247947454,-0.007176478018263044,0.6134969325153374,0.27548209366391185,0.19379844961240308,0.0827774757916524
2012/2013,2013-04-01,Guadalajara,America,0,2,-1,football-data,3.0,3.36,2.54,3.2,3.36,2.54,2.93,3.1,2.37,0.3333333333333333,0.2976190476190476,0.39370078740157477,0.0246531683539557,0.3125,0.2976190476190476,0.39370078740157477,0.003819835020622442,0.341296928327645,0.3225806451612903,0.42194092827004215,0.08581850175897743
2012/2013,2013-04-06,Chiapas,Guadalajara,3,2,1,football-data,2.65,3.3,2.9,2.74,3.3,2.94,2.54,3.11,2.72,0.37735849056603776,0.30303030303030304,0.3448275862068966,0.025216379803237432,0.36496350364963503,0.30303030303030304,0.3401360544217687,0.008129861101706659,0.39370078740157477,0.3215434083601286,0.3676470588235294,0.08289125458523272
2012/2013,2013-04-07,America,Puebla,1,1,0,football-data,1.4,4.9,9.3,1.45,5.0,10.0,1.37,4.37,8.3,0.7142857142857143,0.2040816326530612,0.1075268817204301,0.025894228659205654,0.6896551724137931,0.2,0.1,-0.010344827586206917,0.7299270072992701,0.22883295194508008,0.12048192771084336,0.07924188695519341
2012/2013,2013-04-07,Atlas,Morelia,0,0,0,football-data,2.67,3.19,2.96,2.67,3.3,3.3,2.37,3.1,2.97,0.37453183520599254,0.31347962382445144,0.33783783783783783,0.025849296868281968,0.37453183520599254,0.30303030303030304,0.30303030303030304,-0.019407558733401498,0.42194092827004215,0.3225806451612903,0.33670033670033667,0.08122191013166913
2012/2013,2013-04-07,Pachuca,Pumas UNAM,1,2,-1,football-data,2.39,3.28,3.29,2.4,3.3,3.4,2.22,3.13,3.18,0.41841004184100417,0.3048780487804878,0.303951367781155,0.027239458402646965,0.4166666666666667,0.30303030303030304,0.29411764705882354,0.013814616755793319,0.4504504504504504,0.3194888178913738,0.31446540880503143,0.08440467714685562
2012/2013,2013-04-07,Queretaro,Cruz Azul,1,2,-1,football-data,3.03,3.24,2.58,3.03,3.3,2.6,2.83,3.09,2.46,0.33003300330033003,0.30864197530864196,0.38759689922480617,0.026271877833778268,0.33003300330033003,0.30303030303030304,0.3846153846153846,0.017678690946017594,0.35335689045936397,0.3236245954692557,0.4065040650406504,0.08348555096927002
2012/2013,2013-04-07,Tigres UANL,Leon,0,0,0,football-data,1.58,4.16,6.58,1.65,4.2,6.8,1.56,3.75,5.72,0.6329113924050632,0.24038461538461536,0.1519756838905775,0.025271691680256003,0.6060606060606061,0.23809523809523808,0.14705882352941177,-0.008785332314744099,0.641025641025641,0.26666666666666666,0.17482517482517484,0.08251748251748237
2012/2013,2013-04-07,Tijuana,Santos Laguna,0,0,0,football-data,1.86,3.66,4.66,2.2,3.66,4.66,1.98,3.31,3.69,0.5376344086021505,0.27322404371584696,0.2145922746781116,0.025450726996109063,0.45454545454545453,0.27322404371584696,0.2145922746781116,-0.057638227060586966,0.5050505050505051,0.3021148036253776,0.2710027100271003,0.07816801870298296
2012/2013,2013-04-07,Toluca,Monterrey,1,0,1,football-data,2.23,3.42,3.49,2.45,3.42,3.5,2.22,3.17,3.15,0.4484304932735426,0.29239766081871343,0.28653295128939826,0.027361105381654482,0.4081632653061224,0.29239766081871343,0.2857142857142857,-0.01372478816087852,0.4504504504504504,0.31545741324921134,0.31746031746031744,0.08336818115997913
2012/2013,2013-04-08,Atlante,Atl. San Luis,0,1,-1,football-data,2.16,3.26,3.9,2.25,3.27,3.9,2.15,3.14,3.34,0.4629629629629629,0.3067484662576687,0.25641025641025644,0.026121685630888125,0.4444444444444444,0.3058103975535168,0.25641025641025644,0.006665098408217718,0.46511627906976744,0.3184713375796178,0.29940119760479045,0.0829888142541757
2012/2013,2013-04-13,Cruz Azul,Tijuana,5,0,1,football-data,2.33,3.31,3.4,2.4,3.31,3.44,2.2,3.15,3.22,0.4291845493562232,0.3021148036253776,0.29411764705882354,0.025417000040424353,0.4166666666666667,0.3021148036253776,0.29069767441860467,0.009479144710649035,0.45454545454545453,0.31746031746031744,0.3105590062111801,0.08256477821695207
2012/2013,2013-04-13,Morelia,Queretaro,1,0,1,football-data,1.61,4.05,6.35,1.67,4.05,6.35,1.61,3.66,5.34,0.6211180124223602,0.2469135802469136,0.15748031496062992,0.02551190762990374,0.5988023952095809,0.2469135802469136,0.15748031496062992,0.0031962904171243256,0.6211180124223602,0.27322404371584696,0.18726591760299627,0.08160797374120343
2012/2013,2013-04-13,Santos Laguna,Toluca,2,1,1,football-data,2.24,3.4,3.51,2.31,3.43,3.6,2.13,3.22,3.31,0.4464285714285714,0.29411764705882354,0.2849002849002849,0.025446503387679842,0.4329004329004329,0.29154518950437314,0.2777777777777778,0.0022234001825838234,0.4694835680751174,0.3105590062111801,0.3021148036253776,0.0821573779116751
2012/2013,2013-04-14,Atl. San Luis,Atlas,2,2,0,football-data,2.64,3.22,2.98,3.2,3.25,2.98,2.79,3.09,2.52,0.3787878787878788,0.3105590062111801,0.33557046979865773,0.024917354797716618,0.3125,0.3076923076923077,0.33557046979865773,-0.04423722250903461,0.35842293906810035,0.3236245954692557,0.3968253968253968,0.07887293136275275
2012/2013,2013-04-14,Guadalajara,Atlante,1,2,-1,football-data,1.79,3.65,5.15,1.82,3.72,5.5,1.71,3.49,4.73,0.5586592178770949,0.273972602739726,0.1941747572815534,0.026806577898374373,0.5494505494505494,0.26881720430107525,0.18181818181818182,8.593556980640571e-05,0.5847953216374269,0.28653295128939826,0.2114164904862579,0.08274476341308312
2012/2013,2013-04-14,Leon,America,1,1,0,football-data,3.08,3.3,2.52,3.1,3.3,2.52,2.95,3.13,2.35,0.3246753246753247,0.30303030303030304,0.3968253968253968,0.024531024531024404,0.3225806451612903,0.30303030303030304,0.3968253968253968,0.02243634501699021,0.3389830508474576,0.3194888178913738,0.425531914893617,0.08400378363244831
2012/2013,2013-04-14,Monterrey,Pachuca,2,0,1,football-data,1.81,3.66,5.01,2.0,3.7,5.01,1.84,3.41,4.07,0.5524861878453039,0.27322404371584696,0.1996007984031936,0.025311029964344423,0.5,0.27027027027027023,0.1996007984031936,-0.030128931326536268,0.5434782608695652,0.29325513196480935,0.24570024570024568,0.08243363853462027
2012/2013,2013-04-14,Puebla,Chiapas,1,2,-1,football-data,1.98,3.52,4.26,2.04,3.52,4.26,1.96,3.31,3.71,0.5050505050505051,0.2840909090909091,0.2347417840375587,0.023883198178972886,0.49019607843137253,0.2840909090909091,0.2347417840375587,0.009028771559840276,0.5102040816326531,0.3021148036253776,0.2695417789757412,0.08186066423377203
2012/2013,2013-04-14,Pumas UNAM,Tigres UANL,2,1,1,football-data,2.97,3.26,2.6,3.0,3.26,2.66,2.73,3.07,2.55,0.33670033670033667,0.3067484662576687,0.3846153846153846,0.02806418757339002,0.3333333333333333,0.3067484662576687,0.37593984962406013,0.016021649215061995,0.3663003663003663,0.32573289902280134,0.3921568627450981,0.08419012806826576
2012/2013,2013-04-20,Chiapas,Leon,2,2,0,football-data,2.84,3.31,2.69,3.2,3.31,2.69,2.79,3.1,2.48,0.35211267605633806,0.3021148036253776,0.3717472118959108,0.02597469157762644,0.3125,0.3021148036253776,0.3717472118959108,-0.013637984478711562,0.35842293906810035,0.3225806451612903,0.40322580645161293,0.08422939068100366
2012/2013,2013-04-20,Queretaro,Atl. San Luis,2,1,1,football-data,2.39,3.35,3.25,2.39,3.35,3.4,2.21,3.16,3.18,0.41841004184100417,0.29850746268656714,0.3076923076923077,0.024609812219879013,0.41841004184100417,0.29850746268656714,0.29411764705882354,0.011035151586394898,0.45248868778280543,0.3164556962025316,0.31446540880503143,0.08340979279036853
2012/2013,2013-04-20,Santos Laguna,Monterrey,1,0,1,football-data,2.47,3.25,3.21,2.47,3.3,3.65,2.2,3.14,3.24,0.4048582995951417,0.3076923076923077,0.3115264797507788,0.024077087038228306,0.4048582995951417,0.30303030303030304,0.273972602739726,-0.01813879463482926,0.45454545454545453,0.3184713375796178,0.30864197530864196,0.08165876743371436
2012/2013,2013-04-21,America,Pumas UNAM,1,0,1,football-data,1.95,3.43,4.51,1.96,3.6,5.0,1.81,3.39,4.3,0.5128205128205129,0.29154518950437314,0.22172949002217296,0.026095192347058926,0.5102040816326531,0.2777777777777778,0.2,-0.012018140589569182,0.5524861878453039,0.2949852507374631,0.23255813953488372,0.08002957811765077
2012/2013,2013-04-21,Atlante,Puebla,2,0,1,football-data,2.27,3.33,3.43,2.4,3.38,3.43,2.25,3.18,3.09,0.44052863436123346,0.3003003003003003,0.29154518950437314,0.03237412416590679,0.4166666666666667,0.2958579881656805,0.29154518950437314,0.0040698443367204185,0.4444444444444444,0.31446540880503143,0.3236245954692557,0.08253444871873139
2012/2013,2013-04-21,Atlas,Guadalajara,1,0,1,football-data,2.4,3.35,3.24,2.4,3.35,3.35,2.24,3.11,3.15,0.4166666666666667,0.29850746268656714,0.30864197530864196,0.023816104661875892,0.4166666666666667,0.29850746268656714,0.29850746268656714,0.013681592039801016,0.4464285714285714,0.3215434083601286,0.31746031746031744,0.08543229724901735
2012/2013,2013-04-21,Tigres UANL,Pachuca,3,1,1,football-data,1.61,4.18,6.15,1.72,4.18,6.2,1.63,3.64,5.24,0.6211180124223602,0.23923444976076558,0.16260162601626016,0.022954088199385936,0.5813953488372093,0.23923444976076558,0.16129032258064516,-0.018079878821379958,0.6134969325153374,0.2747252747252747,0.19083969465648853,0.0790619018971006
2012/2013,2013-04-21,Tijuana,Morelia,1,2,-1,football-data,2.12,3.35,3.92,2.17,3.35,3.92,2.04,3.22,3.53,0.4716981132075471,0.29850746268656714,0.25510204081632654,0.025307616710440684,0.4608294930875576,0.29850746268656714,0.25510204081632654,0.014438996590451225,0.49019607843137253,0.3105590062111801,0.28328611898017,0.08404120362272272
2012/2013,2013-04-21,Toluca,Cruz Azul,0,2,-1,football-data,2.79,3.35,2.7,2.8,3.36,2.9,2.53,3.14,2.7,0.35842293906810035,0.29850746268656714,0.37037037037037035,0.02730077212503801,0.35714285714285715,0.2976190476190476,0.3448275862068966,-0.0004105090311986581,0.3952569169960475,0.3184713375796178,0.37037037037037035,0.08409862494603582
2012/2013,2013-04-27,Cruz Azul,Santos Laguna,1,0,1,football-data,1.59,4.07,6.57,1.73,4.08,6.71,1.59,3.75,5.41,0.6289308176100629,0.24570024570024568,0.15220700152207,0.026838064832378494,0.5780346820809249,0.24509803921568626,0.14903129657228018,-0.027835982131108605,0.6289308176100629,0.26666666666666666,0.18484288354898337,0.08044036782571284
2012/2013,2013-04-27,Morelia,Toluca,2,1,1,football-data,1.99,3.43,4.32,2.06,3.45,4.65,1.92,3.26,3.96,0.5025125628140703,0.29154518950437314,0.23148148148148145,0.025539233799924954,0.4854368932038835,0.2898550724637681,0.2150537634408602,-0.009654270891488181,0.5208333333333334,0.3067484662576687,0.25252525252525254,0.08010705211625457
2012/2013,2013-04-28,Atl. San Luis,Tijuana,1,0,1,football-data,2.58,3.32,2.98,2.58,3.32,3.1,2.42,3.12,2.86,0.38759689922480617,0.30120481927710846,0.33557046979865773,0.024372188300572306,0.38759689922480617,0.30120481927710846,0.3225806451612903,0.011382363663204886,0.4132231404958678,0.3205128205128205,0.3496503496503497,0.08338631065903801
2012/2013,2013-04-28,Guadalajara,Queretaro,1,2,-1,football-data,1.98,3.45,4.25,2.35,3.3,4.0,2.15,3.13,3.3,0.5050505050505051,0.2898550724637681,0.23529411764705882,0.03019969516133214,0.425531914893617,0.30303030303030304,0.25,-0.021437782076079936,0.46511627906976744,0.3194888178913738,0.30303030303030304,0.08763539999144432
2012/2013,2013-04-28,Leon,Atlante,1,0,1,football-data,1.58,4.21,6.41,1.65,4.21,6.41,1.58,3.79,5.4,0.6329113924050632,0.23752969121140144,0.15600624024961,0.026447323866074735,0.6060606060606061,0.23752969121140144,0.15600624024961,-0.00040346247838252136,0.6329113924050632,0.2638522427440633,0.18518518518518517,0.08194882033431172
2012/2013,2013-04-28,Pachuca,America,2,4,-1,football-data,3.37,3.49,2.25,3.38,3.49,2.45,3.01,3.2,2.29,0.29673590504451036,0.28653295128939826,0.4444444444444444,0.02771330077835299,0.2958579881656805,0.28653295128939826,0.4081632653061224,-0.009445795238798738,0.33222591362126247,0.3125,0.4366812227074236,0.08140713632868612
2012/2013,2013-04-28,Puebla,Atlas,1,1,0,football-data,2.22,3.42,3.47,2.4,3.42,3.55,2.22,3.16,3.18,0.4504504504504504,0.29239766081871343,0.2881844380403458,0.031032549309509605,0.4166666666666667,0.29239766081871343,0.28169014084507044,-0.009245531669549445,0.4504504504504504,0.3164556962025316,0.31446540880503143,0.08137155545801344
2012/2013,2013-04-28,Pumas UNAM,Chiapas,3,0,1,football-data,1.66,3.88,6.02,1.7,3.9,6.02,1.63,3.58,5.21,0.6024096385542169,0.2577319587628866,0.16611295681063123,0.026254554127734808,0.5882352941176471,0.25641025641025644,0.16611295681063123,0.010758507338534784,0.6134969325153374,0.27932960893854747,0.19193857965451055,0.08476512110839551
2012/2013,2013-04-28,Tigres UANL,Monterrey,0,1,-1,football-data,1.99,3.57,4.12,1.99,3.57,4.5,1.87,3.32,4.04,0.5025125628140703,0.2801120448179272,0.24271844660194175,0.025343054233939233,0.5025125628140703,0.2801120448179272,0.2222222222222222,0.004846829854219692,0.53475935828877,0.30120481927710846,0.24752475247524752,0.0834889300411259
2012/2013,2013-05-04,America,Tigres UANL,0,2,-1,football-data,2.24,3.37,3.54,2.29,3.37,3.54,2.17,3.18,3.28,0.4464285714285714,0.29673590504451036,0.2824858757062147,0.025650352179296565,0.4366812227074236,0.29673590504451036,0.2824858757062147,0.015903003458148657,0.4608294930875576,0.31446540880503143,0.3048780487804878,0.08017295067307684
2012/2013,2013-05-04,Chiapas,Pachuca,2,1,1,football-data,2.5,3.42,3.0,2.5,3.42,3.2,2.41,3.19,2.82,0.4,0.29239766081871343,0.3333333333333333,0.025730994152046716,0.4,0.29239766081871343,0.3125,0.004897660818713456,0.41493775933609955,0.31347962382445144,0.3546099290780142,0.08302731223856519
2012/2013,2013-05-04,Tijuana,Guadalajara,4,0,1,football-data,1.99,3.42,4.36,2.0,3.42,4.7,1.91,3.27,3.95,0.5025125628140703,0.29239766081871343,0.2293577981651376,0.024268021797921424,0.5,0.29239766081871343,0.2127659574468085,0.005163618265521919,0.5235602094240838,0.3058103975535168,0.2531645569620253,0.0825351639396259
2012/2013,2013-05-05,Atlas,Leon,0,1,-1,football-data,1.98,3.41,4.41,1.98,3.5,4.65,1.85,3.33,4.19,0.5050505050505051,0.29325513196480935,0.22675736961451246,0.025063006629826967,0.5050505050505051,0.2857142857142857,0.2150537634408602,0.0058185542056510275,0.5405405405405405,0.3003003003003003,0.2386634844868735,0.07950432532771434
2012/2013,2013-05-05,Monterrey,Cruz Azul,1,5,-1,football-data,2.77,3.3,2.76,2.77,3.3,3.0,2.5,3.15,2.74,0.36101083032490977,0.30303030303030304,0.3623188405797102,0.026359973934922953,0.36101083032490977,0.30303030303030304,0.3333333333333333,-0.002625533311453987,0.4,0.31746031746031744,0.36496350364963503,0.08242382110995239
2012/2013,2013-05-05,Queretaro,Puebla,2,3,-1,football-data,2.14,3.41,3.76,2.2,3.55,4.0,2.05,3.28,3.49,0.4672897196261682,0.29325513196480935,0.26595744680851063,0.026502298399488255,0.45454545454545453,0.28169014084507044,0.25,-0.013764404609475034,0.48780487804878053,0.3048780487804878,0.28653295128939826,0.0792158781186667
2012/2013,2013-05-05,Santos Laguna,Morelia,1,2,-1,football-data,2.39,3.35,3.25,2.41,3.35,3.55,2.22,3.16,3.18,0.41841004184100417,0.29850746268656714,0.3076923076923077,0.024609812219879013,0.41493775933609955,0.29850746268656714,0.28169014084507044,-0.004864637132262928,0.4504504504504504,0.3164556962025316,0.31446540880503143,0.08137155545801344
2012/2013,2013-05-05,Toluca,Atl. San Luis,0,1,-1,football-data,1.74,3.7,5.57,1.95,3.75,5.57,1.75,3.46,4.53,0.5747126436781609,0.27027027027027023,0.17953321364452424,0.024516127592955295,0.5128205128205129,0.26666666666666666,0.17953321364452424,-0.04097960686829616,0.5714285714285714,0.28901734104046245,0.22075055187637968,0.0811964643454135
2012/2013,2013-05-06,Atlante,Pumas UNAM,1,2,-1,football-data,3.44,3.42,2.25,3.7,3.42,2.31,3.21,3.2,2.18,0.29069767441860467,0.29239766081871343,0.4444444444444444,0.027539779681762466,0.27027027027027023,0.29239766081871343,0.4329004329004329,-0.004431636010583384,0.3115264797507788,0.3125,0.4587155963302752,0.082742076081054
2012/2013,2013-05-09,Monterrey,Tigres UANL,1,0,1,football-data,2.62,3.29,2.94,2.75,3.29,2.94,2.54,3.06,2.75,0.38167938931297707,0.303951367781155,0.3401360544217687,0.025766811515900656,0.36363636363636365,0.303951367781155,0.3401360544217687,0.007723785839287345,0.39370078740157477,0.32679738562091504,0.36363636363636365,0.08413453665885351
2012/2013,2013-05-09,Pumas UNAM,America,0,1,-1,football-data,3.46,3.16,2.39,3.6,3.25,2.52,3.14,3.09,2.27,0.28901734104046245,0.3164556962025316,0.41841004184100417,0.023883079083998116,0.2777777777777778,0.3076923076923077,0.3968253968253968,-0.01770451770451764,0.3184713375796178,0.3236245954692557,0.44052863436123346,0.08262456741010693
2012/2013,2013-05-10,Cruz Azul,Morelia,4,2,1,football-data,2.23,3.43,3.5,2.34,3.43,4.09,2.05,3.21,3.55,0.4484304932735426,0.29154518950437314,0.2857142857142857,0.025689968492201398,0.4273504273504274,0.29154518950437314,0.24449877750611249,-0.03660560563908699,0.48780487804878053,0.3115264797507788,0.28169014084507044,0.08102149864462982
2012/2013,2013-05-10,Santos Laguna,Atlas,0,0,0,football-data,1.95,3.42,4.5,2.0,3.42,4.84,1.91,3.27,3.96,0.5128205128205129,0.29239766081871343,0.2222222222222222,0.02744039586144842,0.5,0.29239766081871343,0.2066115702479339,-0.0009907689333527037,0.5235602094240838,0.3058103975535168,0.25252525252525254,0.08189585950285316
2012/2013,2013-05-11,America,Pumas UNAM,2,1,1,football-data,2.02,3.4,4.24,2.06,3.54,4.51,1.9,3.27,4.02,0.49504950495049505,0.29411764705882354,0.23584905660377356,0.025016208613092283,0.4854368932038835,0.2824858757062147,0.22172949002217296,-0.010347741067728844,0.5263157894736842,0.3058103975535168,0.24875621890547267,0.0808824059326736
2012/2013,2013-05-12,Tigres UANL,Monterrey,1,1,0,football-data,1.85,3.7,4.68,1.93,3.7,4.68,1.81,3.37,4.28,0.5405405405405405,0.27027027027027023,0.2136752136752137,0.024486024486024327,0.5181347150259068,0.27027027027027023,0.2136752136752137,0.0020801989713907787,0.5524861878453039,0.29673590504451036,0.2336448598130841,0.08286695270289823
2012/2013,2013-05-13,Atlas,Santos Laguna,1,3,-1,football-data,2.61,3.32,2.89,2.66,3.32,3.4,2.38,3.11,2.95,0.3831417624521073,0.30120481927710846,0.3460207612456747,0.03036734297489052,0.37593984962406013,0.30120481927710846,0.29411764705882354,-0.02873768404000776,0.42016806722689076,0.3215434083601286,0.3389830508474576,0.08069452643447694
2012/2013,2013-05-13,Morelia,Cruz Azul,1,0,1,football-data,2.37,3.52,3.12,2.4,3.52,3.45,2.19,3.27,3.11,0.42194092827004215,0.2840909090909091,0.3205128205128205,0.026544657873771804,0.4166666666666667,0.2840909090909091,0.2898550724637681,-0.009387351778656017,0.4566210045662101,0.3058103975535168,0.3215434083601286,0.08397481047985567
2012/2013,2013-05-16,Monterrey,America,2,2,0,football-data,2.54,3.38,2.97,2.59,3.38,3.1,2.47,3.14,2.79,0.39370078740157477,0.2958579881656805,0.33670033670033667,0.026259112267591922,0.3861003861003861,0.2958579881656805,0.3225806451612903,0.004539019427356905,0.4048582995951417,0.3184713375796178,0.35842293906810035,0.08175257624285992
2012/2013,2013-05-17,Santos Laguna,Cruz Azul,0,3,-1,football-data,2.77,3.3,2.77,2.77,3.34,2.85,2.61,3.12,2.64,0.36101083032490977,0.30303030303030304,0.36101083032490977,0.025051963680122524,0.36101083032490977,0.29940119760479045,0.3508771929824561,0.011289220912156228,0.3831417624521073,0.3205128205128205,0.3787878787878788,0.08244246175280656
2012/2013,2013-05-18,America,Monterrey,2,1,1,football-data,1.78,3.91,4.8,2.0,3.91,4.8,1.83,3.46,4.03,0.5617977528089888,0.2557544757033248,0.20833333333333334,0.02588556184564683,0.5,0.2557544757033248,0.20833333333333334,-0.03591219096334186,0.5464480874316939,0.28901734104046245,0.24813895781637715,0.0836043862885334
2012/2013,2013-05-20,Cruz Azul,Santos Laguna,2,1,1,football-data,2.04,3.53,3.95,2.1,3.53,4.0,1.97,3.34,3.6,0.49019607843137253,0.28328611898017,0.2531645569620253,0.026646754373567783,0.47619047619047616,0.28328611898017,0.25,0.00947659517064614,0.5076142131979695,0.29940119760479045,0.2777777777777778,0.08479318858053775
2012/2013,2013-05-24,Cruz Azul,America,1,0,1,football-data,3.28,3.16,2.47,3.28,3.3,2.75,2.83,3.13,2.45,0.3048780487804878,0.3164556962025316,0.4048582995951417,0.026192044578161155,0.3048780487804878,0.30303030303030304,0.36363636363636365,-0.028455284552845517,0.35335689045936397,0.3194888178913738,0.4081632653061224,0.08100897365686022
2012/2013,2013-05-27,America,Cruz Azul,2,1,1,football-data,1.76,4.05,4.75,1.77,4.05,5.5,1.72,3.6,4.5,0.5681818181818182,0.2469135802469136,0.21052631578947367,0.025621714218205582,0.5649717514124294,0.2469135802469136,0.18181818181818182,-0.006296486522475275,0.5813953488372093,0.2777777777777778,0.2222222222222222,0.08139534883720945
2013/2014,2013-07-20,Cruz Azul,Monterrey,1,0,1,football-data,2.02,3.56,4.0,2.02,3.6,4.5,1.92,3.33,3.78,0.49504950495049505,0.2808988764044944,0.25,0.025948381354989447,0.49504950495049505,0.2777777777777778,0.2222222222222222,-0.004950495049504955,0.5208333333333334,0.3003003003003003,0.2645502645502646,0.08568389818389832
2013/2014,2013-07-20,Queretaro,Morelia,1,3,-1,football-data,2.93,3.39,2.56,3.17,3.39,2.73,2.84,3.14,2.44,0.341296928327645,0.2949852507374631,0.390625,0.02690717906510809,0.31545741324921134,0.2949852507374631,0.3663003663003663,-0.023256969712959208,0.35211267605633806,0.3184713375796178,0.4098360655737705,0.08042007920972649
2013/2014,2013-07-20,Tijuana,Atlas,3,3,0,football-data,1.93,3.43,4.63,2.06,3.5,4.63,1.87,3.22,4.23,0.5181347150259068,0.29154518950437314,0.2159827213822894,0.025662625912569403,0.4854368932038835,0.2857142857142857,0.2159827213822894,-0.012866099699541333,0.53475935828877,0.3105590062111801,0.23640661938534277,0.0817249838852927
2013/2014,2013-07-21,Leon,Atlante,1,0,1,football-data,1.56,4.09,7.07,1.83,4.09,7.07,1.64,3.62,5.25,0.641025641025641,0.24449877750611249,0.14144271570014144,0.026967134231894896,0.5464480874316939,0.24449877750611249,0.14144271570014144,-0.06761041936205214,0.6097560975609756,0.27624309392265195,0.19047619047619047,0.07647538195981807
2013/2014,2013-07-21,Puebla,Pumas UNAM,1,1,0,football-data,3.08,3.29,2.52,3.2,3.34,2.54,2.88,3.13,2.4,0.3246753246753247,0.303951367781155,0.3968253968253968,0.025452089281876367,0.3125,0.29940119760479045,0.39370078740157477,0.005601985006365329,0.3472222222222222,0.3194888178913738,0.4166666666666667,0.0833777067802628
2013/2014,2013-07-21,Toluca,Pachuca,0,1,-1,football-data,2.41,3.3,3.24,2.41,3.3,3.3,2.25,3.13,3.14,0.41493775933609955,0.30303030303030304,0.30864197530864196,0.026610037675044662,0.41493775933609955,0.30303030303030304,0.30303030303030304,0.02099836539670563,0.4444444444444444,0.3194888178913738,0.3184713375796178,0.08240459991543592
2013/2014,2013-07-21,Veracruz,Chiapas,2,2,0,football-data,2.11,3.47,3.78,2.16,3.47,3.9,2.08,3.24,3.48,0.47393364928909953,0.2881844380403458,0.2645502645502646,0.02666835187970995,0.4629629629629629,0.2881844380403458,0.25641025641025644,0.0075576574135651775,0.4807692307692307,0.30864197530864196,0.28735632183908044,0.07676752791695307
2013/2014,2013-07-27,Morelia,Toluca,3,4,-1,football-data,1.79,3.61,5.23,1.85,3.75,5.5,1.75,3.42,4.6,0.5586592178770949,0.2770083102493075,0.19120458891013384,0.026872117036536247,0.5405405405405405,0.26666666666666666,0.18181818181818182,-0.010974610974610943,0.5714285714285714,0.29239766081871343,0.2173913043478261,0.08121753659511088
2013/2014,2013-07-27,Santos Laguna,Cruz Azul,3,2,1,football-data,3.07,3.34,2.5,3.07,3.34,3.0,2.67,3.16,2.58,0.32573289902280134,0.29940119760479045,0.4,0.025134096627591695,0.32573289902280134,0.29940119760479045,0.3333333333333333,-0.041532570039074956,0.37453183520599254,0.3164556962025316,0.38759689922480617,0.07858443063333032
2013/2014,2013-07-28,Atlante,Veracruz,2,4,-1,football-data,2.27,3.29,3.56,2.27,3.34,3.7,2.13,3.21,3.31,0.44052863436123346,0.303951367781155,0.2808988764044944,0.02537887854688292,0.44052863436123346,0.29940119760479045,0.27027027027027023,0.010200102236294084,0.4694835680751174,0.3115264797507788,0.3021148036253776,0.08312485145127368
2013/2014,2013-07-28,Atlas,Leon,1,2,-1,football-data,3.01,3.35,2.52,3.2,3.35,2.76,2.78,3.18,2.47,0.33222591362126247,0.29850746268656714,0.3968253968253968,0.0275587731332263,0.3125,0.29850746268656714,0.3623188405797102,-0.026673696733722663,0.3597122302158274,0.31446540880503143,0.4048582995951417,0.07903593861600045
2013/2014,2013-07-28,Chiapas,Guadalajara,1,1,0,football-data,2.62,3.35,2.9,2.62,3.35,2.98,2.45,3.14,2.81,0.38167938931297707,0.29850746268656714,0.3448275862068966,0.02501443820644078,0.38167938931297707,0.29850746268656714,0.33557046979865773,0.015757321798201884,0.4081632653061224,0.3184713375796178,0.35587188612099646,0.08250648900673663
2013/2014,2013-07-28,Monterrey,Puebla,1,1,0,football-data,1.62,4.01,6.33,1.65,4.04,6.5,1.57,3.74,5.67,0.6172839506172839,0.24937655860349128,0.1579778830963665,0.024638392317141822,0.6060606060606061,0.24752475247524752,0.15384615384615385,0.007431512382007455,0.6369426751592356,0.267379679144385,0.1763668430335097,0.0806891973371302
2013/2014,2013-07-28,Pachuca,Tigres UANL,2,1,1,football-data,2.94,3.24,2.65,2.94,3.3,2.85,2.63,3.09,2.63,0.3401360544217687,0.30864197530864196,0.37735849056603776,0.026136520296448307,0.3401360544217687,0.30303030303030304,0.3508771929824561,-0.005956449565472144,0.3802281368821293,0.3236245954692557,0.3802281368821293,0.08408086923351421
2013/2014,2013-07-28,Pumas UNAM,Queretaro,0,3,-1,football-data,1.85,3.53,4.98,1.85,4.0,5.09,1.73,3.41,4.7,0.5405405405405405,0.28328611898017,0.2008032128514056,0.024629872372116113,0.5405405405405405,0.25,0.19646365422396858,-0.012995805235490931,0.5780346820809249,0.29325513196480935,0.2127659574468085,0.08405577149254273
2013/2014,2013-07-31,Atlante,Atlas,1,1,0,football-data,2.31,3.36,3.37,2.5,3.36,3.37,2.27,3.19,3.02,0.4329004329004329,0.2976190476190476,0.29673590504451036,0.027255385563990986,0.4,0.2976190476190476,0.29673590504451036,-0.0056450473364419995,0.44052863436123346,0.31347962382445144,0.33112582781456956,0.08513408600025452
2013/2014,2013-07-31,Cruz Azul,Chiapas,1,1,0,football-data,1.49,4.62,7.28,1.55,4.7,7.5,1.46,4.18,6.37,0.6711409395973155,0.21645021645021645,0.13736263736263735,0.024953793410169345,0.6451612903225806,0.2127659574468085,0.13333333333333333,-0.008739418897277584,0.684931506849315,0.23923444976076558,0.15698587127158556,0.08115182788166608
2013/2014,2013-07-31,Tijuana,Pachuca,1,0,1,football-data,1.87,3.77,4.44,2.1,3.77,4.45,1.92,3.37,3.79,0.53475935828877,0.26525198938992045,0.2252252252252252,0.025236572903915677,0.47619047619047616,0.26525198938992045,0.2247191011235955,-0.033838433296007886,0.5208333333333334,0.29673590504451036,0.2638522427440633,0.08142148112190695
2013/2014,2013-08-01,Guadalajara,Veracruz,0,2,-1,football-data,1.79,3.77,4.92,1.83,3.77,4.92,1.76,3.54,4.35,0.5586592178770949,0.26525198938992045,0.2032520325203252,0.027163239787340476,0.5464480874316939,0.26525198938992045,0.2032520325203252,0.014952109341939579,0.5681818181818182,0.2824858757062147,0.2298850574712644,0.08055275135929718
2013/2014,2013-08-01,Leon,America,1,1,0,football-data,2.54,3.34,3.0,2.54,3.34,3.13,2.38,3.14,2.91,0.39370078740157477,0.29940119760479045,0.3333333333333333,0.026435318339698588,0.39370078740157477,0.29940119760479045,0.3194888178913738,0.012590802897739062,0.42016806722689076,0.3184713375796178,0.3436426116838488,0.08228201649035727
2013/2014,2013-08-01,Puebla,Santos Laguna,1,1,0,football-data,2.74,3.31,2.79,2.75,3.36,2.79,2.61,3.15,2.61,0.36496350364963503,0.3021148036253776,0.35842293906810035,0.025501246343113015,0.36363636363636365,0.2976190476190476,0.35842293906810035,0.019678350323511618,0.3831417624521073,0.31746031746031744,0.3831417624521073,0.08374384236453203
2013/2014,2013-08-01,Queretaro,Monterrey,3,3,0,football-data,2.97,3.42,2.52,2.99,3.42,2.54,2.84,3.19,2.4,0.33670033670033667,0.29239766081871343,0.3968253968253968,0.025923394344446793,0.33444816053511706,0.29239766081871343,0.39370078740157477,0.02054660875540515,0.35211267605633806,0.31347962382445144,0.4166666666666667,0.08225896654745624
2013/2014,2013-08-01,Tigres UANL,Morelia,1,2,-1,football-data,1.74,3.8,5.33,2.0,3.8,5.33,1.79,3.44,4.36,0.5747126436781609,0.2631578947368421,0.18761726078799248,0.025487799202995376,0.5,0.2631578947368421,0.18761726078799248,-0.04922484447516551,0.5586592178770949,0.29069767441860467,0.2293577981651376,0.07871469046083712
2013/2014,2013-08-01,Toluca,Pumas UNAM,0,0,0,football-data,2.12,3.29,3.96,2.12,3.4,3.96,2.05,3.18,3.55,0.4716981132075471,0.303951367781155,0.25252525252525254,0.02817473351395461,0.4716981132075471,0.29411764705882354,0.25252525252525254,0.018341012791623257,0.48780487804878053,0.31446540880503143,0.28169014084507044,0.08396042769888235
2013/2014,2013-08-03,America,Atlas,3,0,1,football-data,1.51,4.5,7.23,1.57,4.5,7.23,1.51,3.87,6.25,0.6622516556291391,0.2222222222222222,0.1383125864453665,0.022786464296727926,0.6369426751592356,0.2222222222222222,0.1383125864453665,-0.0025225161731756707,0.6622516556291391,0.25839793281653745,0.16,0.0806495884456766
2013/2014,2013-08-03,Veracruz,Cruz Azul,3,2,1,football-data,3.31,3.38,2.33,3.4,3.4,2.38,3.06,3.21,2.26,0.3021148036253776,0.2958579881656805,0.4291845493562232,0.02715734114728141,0.29411764705882354,0.29411764705882354,0.42016806722689076,0.008403361344537785,0.32679738562091504,0.3115264797507788,0.4424778761061947,0.08080174147788854
2013/2014,2013-08-04,Chiapas,Puebla,4,2,1,football-data,2.24,3.43,3.47,2.25,3.43,3.55,2.16,3.21,3.26,0.4464285714285714,0.29154518950437314,0.2881844380403458,0.026158198973290414,0.4444444444444444,0.29154518950437314,0.28169014084507044,0.017679774793887937,0.4629629629629629,0.3115264797507788,0.3067484662576687,0.08123790897141037
2013/2014,2013-08-04,Guadalajara,Atlante,1,0,1,football-data,1.82,3.72,4.8,1.85,3.72,4.95,1.77,3.5,4.35,0.5494505494505494,0.26881720430107525,0.20833333333333334,0.02660108708495801,0.5405405405405405,0.26881720430107525,0.20202020202020202,0.011377946861817811,0.5649717514124294,0.2857142857142857,0.2298850574712644,0.0805710945979794
2013/2014,2013-08-04,Monterrey,Toluca,1,1,0,football-data,1.73,3.92,5.2,1.76,3.92,5.5,1.7,3.58,4.68,0.5780346820809249,0.25510204081632654,0.1923076923076923,0.025444415204943782,0.5681818181818182,0.25510204081632654,0.18181818181818182,0.005102040816326703,0.5882352941176471,0.27932960893854747,0.2136752136752137,0.0812401167314083
2013/2014,2013-08-04,Morelia,Tijuana,2,1,1,football-data,2.11,3.39,3.88,2.12,3.43,4.0,2.03,3.25,3.55,0.47393364928909953,0.2949852507374631,0.2577319587628866,0.026650858789449172,0.4716981132075471,0.29154518950437314,0.25,0.013243302711920313,0.4926108374384237,0.3076923076923077,0.28169014084507044,0.08199328597580191
2013/2014,2013-08-04,Pachuca,Leon,1,1,0,football-data,2.71,3.36,2.79,2.78,3.38,2.79,2.6,3.16,2.63,0.36900369003690037,0.2976190476190476,0.35842293906810035,0.025045676724048338,0.3597122302158274,0.2958579881656805,0.35842293906810035,0.013993157449608162,0.3846153846153846,0.3164556962025316,0.3802281368821293,0.08129921770004556
2013/2014,2013-08-04,Pumas UNAM,Tigres UANL,0,2,-1,football-data,3.2,3.3,2.44,3.2,3.4,2.52,2.86,3.12,2.42,0.3125,0.30303030303030304,0.4098360655737705,0.025366368604073486,0.3125,0.29411764705882354,0.3968253968253968,0.0034430438842203426,0.3496503496503497,0.3205128205128205,0.4132231404958678,0.08338631065903801
2013/2014,2013-08-04,Santos Laguna,Queretaro,2,0,1,football-data,2.04,3.53,3.98,2.06,3.81,4.93,1.87,3.46,3.94,0.49019607843137253,0.28328611898017,0.25125628140703515,0.024738478818577603,0.4854368932038835,0.26246719160104987,0.20283975659229211,-0.049256158602774436,0.53475935828877,0.28901734104046245,0.25380710659898476,0.07758380592821723
2013/2014,2013-08-10,Cruz Azul,Guadalajara,3,1,1,football-data,2.12,3.43,3.8,2.13,3.65,5.23,1.9,3.33,4.0,0.4716981132075471,0.29154518950437314,0.2631578947368421,0.026401197448762348,0.4694835680751174,0.273972602739726,0.19120458891013384,-0.0653392402750228,0.5263157894736842,0.3003003003003003,0.25,0.07661608977398449
2013/2014,2013-08-10,Queretaro,Chiapas,1,1,0,football-data,2.35,3.4,3.26,2.37,3.4,3.42,2.17,3.21,3.21,0.425531914893617,0.29411764705882354,0.3067484662576687,0.02639802821010928,0.42194092827004215,0.29411764705882354,0.29239766081871343,0.008456236147579066,0.4608294930875576,0.3115264797507788,0.3115264797507788,0.08388245258911531
2013/2014,2013-08-10,Tijuana,Pumas UNAM,2,0,1,football-data,1.74,3.62,5.74,1.85,3.65,5.75,1.72,3.47,4.71,0.5747126436781609,0.27624309392265195,0.17421602787456444,0.02517176547537714,0.5405405405405405,0.273972602739726,0.17391304347826086,-0.011573813241472664,0.5813953488372093,0.2881844380403458,0.21231422505307856,0.08189401193063373
2013/2014,2013-08-11,Atlante,America,2,4,-1,football-data,4.59,3.84,1.83,4.95,3.85,1.87,4.23,3.5,1.79,0.2178649237472767,0.2604166666666667,0.5464480874316939,0.024729677845637177,0.20202020202020202,0.2597402597402597,0.53475935828877,-0.003480179950768325,0.23640661938534277,0.2857142857142857,0.5586592178770949,0.08078012297672332
2013/2014,2013-08-11,Atlas,Pachuca,1,1,0,football-data,2.65,3.2,3.0,2.68,3.2,3.07,2.43,3.08,2.89,0.37735849056603776,0.3125,0.3333333333333333,0.023191823899371133,0.3731343283582089,0.3125,0.32573289902280134,0.01136722738101037,0.4115226337448559,0.3246753246753247,0.3460207612456747,0.08221871966585526
2013/2014,2013-08-11,Leon,Morelia,0,0,0,football-data,1.92,3.77,4.19,2.04,3.77,4.19,1.96,3.37,3.65,0.5208333333333334,0.26525198938992045,0.2386634844868735,0.0247488072101274,0.49019607843137253,0.26525198938992045,0.2386634844868735,-0.005888447691833609,0.5102040816326531,0.29673590504451036,0.273972602739726,0.08091258941688939
2013/2014,2013-08-11,Puebla,Veracruz,0,0,0,football-data,2.4,3.42,3.16,2.54,3.42,3.16,2.32,3.2,2.94,0.4166666666666667,0.29239766081871343,0.3164556962025316,0.02552002368791162,0.39370078740157477,0.29239766081871343,0.3164556962025316,0.0025541444228198706,0.4310344827586207,0.3125,0.3401360544217687,0.08367053718038941
2013/2014,2013-08-11,Tigres UANL,Monterrey,3,1,1,football-data,1.81,3.7,4.79,1.95,3.7,5.0,1.82,3.41,4.17,0.5524861878453039,0.27027027027027023,0.20876826722338204,0.03152472533895612,0.5128205128205129,0.27027027027027023,0.2,-0.016909216909216873,0.5494505494505494,0.29325513196480935,0.23980815347721823,0.08251383489257691
2013/2014,2013-08-11,Toluca,Santos Laguna,2,2,0,football-data,2.04,3.6,3.91,2.23,3.6,3.91,2.01,3.34,3.48,0.49019607843137253,0.2777777777777778,0.2557544757033248,0.02372833191247503,0.4484304932735426,0.2777777777777778,0.2557544757033248,-0.018037253245354767,0.49751243781094534,0.29940119760479045,0.28735632183908044,0.08426995725481623
2013/2014,2013-08-17,Cruz Azul,Atlante,1,0,1,football-data,1.5,4.73,6.79,1.5,4.73,7.5,1.47,4.04,6.6,0.6666666666666666,0.2114164904862579,0.14727540500736377,0.02535856216028831,0.6666666666666666,0.2114164904862579,0.13333333333333333,0.011416490486257924,0.6802721088435374,0.24752475247524752,0.15151515151515152,0.07931201283393641
2013/2014,2013-08-17,Morelia,Atlas,2,0,1,football-data,1.86,3.82,4.42,1.86,3.82,5.14,1.74,3.54,4.46,0.5376344086021505,0.2617801047120419,0.22624434389140272,0.02565885720559513,0.5376344086021505,0.2617801047120419,0.19455252918287938,-0.0060329575029283156,0.5747126436781609,0.2824858757062147,0.2242152466367713,0.08141376602114692
2013/2014,2013-08-17,Santos Laguna,Tigres UANL,3,0,1,football-data,2.88,3.38,2.62,3.05,3.39,2.63,2.76,3.18,2.47,0.3472222222222222,0.2958579881656805,0.38167938931297707,0.02475959970087982,0.3278688524590164,0.2949852507374631,0.3802281368821293,0.003082240078609022,0.3623188405797102,0.31446540880503143,0.4048582995951417,0.08164254897988332
2013/2014,2013-08-17,Veracruz,Queretaro,0,0,0,football-data,2.18,3.4,3.69,2.18,3.5,4.33,1.95,3.35,3.73,0.4587155963302752,0.29411764705882354,0.2710027100271003,0.02383595341619893,0.4587155963302752,0.2857142857142857,0.23094688221709006,-0.024623235738349014,0.5128205128205129,0.29850746268656714,0.2680965147453083,0.0794244902523884
2013/2014,2013-08-18,Chiapas,Toluca,0,4,-1,football-data,2.38,3.38,3.24,2.45,3.4,3.24,2.31,3.2,2.98,0.42016806722689076,0.2958579881656805,0.30864197530864196,0.02466803070121326,0.4081632653061224,0.29411764705882354,0.30864197530864196,0.010922887673587844,0.4329004329004329,0.3125,0.33557046979865773,0.08097090269909057
2013/2014,2013-08-18,Guadalajara,Puebla,2,4,-1,football-data,2.0,3.53,4.13,2.06,3.53,4.5,1.9,3.35,3.93,0.5,0.28328611898017,0.24213075060532688,0.025416869585496826,0.4854368932038835,0.28328611898017,0.2222222222222222,-0.009054765593724312,0.5263157894736842,0.29850746268656714,0.2544529262086514,0.07927617836890266
2013/2014,2013-08-18,Monterrey,Tijuana,2,1,1,football-data,2.0,3.49,4.13,2.1,3.49,4.13,2.03,3.27,3.55,0.5,0.28653295128939826,0.24213075060532688,0.028663701894725113,0.47619047619047616,0.28653295128939826,0.24213075060532688,0.004854178085201388,0.4926108374384237,0.3058103975535168,0.28169014084507044,0.08011137583701089
2013/2014,2013-08-18,Pachuca,America,0,1,-1,football-data,3.74,3.55,2.08,3.74,3.58,2.29,3.28,3.33,2.1,0.267379679144385,0.28169014084507044,0.4807692307692307,0.029839050758686092,0.267379679144385,0.27932960893854747,0.4366812227074236,-0.01660948920964389,0.3048780487804878,0.3003003003003003,0.47619047619047616,0.0813688252712641
2013/2014,2013-08-18,Pumas UNAM,Leon,1,1,0,football-data,3.15,3.31,2.47,3.15,3.31,2.7,2.85,3.05,2.49,0.31746031746031744,0.3021148036253776,0.4048582995951417,0.02443342068083676,0.31746031746031744,0.3021148036253776,0.37037037037037035,-0.010054508543934637,0.3508771929824561,0.3278688524590164,0.4016064257028112,0.08035247114428379
2013/2014,2013-08-24,America,Morelia,3,1,1,football-data,1.83,3.86,4.54,1.83,3.86,5.25,1.74,3.45,4.61,0.5464480874316939,0.2590673575129534,0.22026431718061673,0.025779762125264005,0.5464480874316939,0.2590673575129534,0.19047619047619047,-0.004008364579162205,0.5747126436781609,0.2898550724637681,0.21691973969631234,0.08148745583824124
2013/2014,2013-08-24,Queretaro,Guadalajara,2,0,1,football-data,2.37,3.4,3.22,2.45,3.4,3.25,2.35,3.16,2.96,0.42194092827004215,0.29411764705882354,0.3105590062111801,0.026617581540045787,0.4081632653061224,0.29411764705882354,0.3076923076923077,0.009973220057253762,0.425531914893617,0.3164556962025316,0.33783783783783783,0.07982544893398646
2013/2014,2013-08-24,Tijuana,Santos Laguna,1,1,0,football-data,2.1,3.48,3.83,2.17,3.55,3.85,2.04,3.31,3.47,0.47619047619047616,0.28735632183908044,0.2610966057441253,0.024643403773681793,0.4608294930875576,0.28169014084507044,0.2597402597402597,0.002259893672887703,0.49019607843137253,0.3021148036253776,0.2881844380403458,0.08049532009709592
2013/2014,2013-08-25,Atlante,Pachuca,1,1,0,football-data,2.45,3.33,3.14,2.8,3.33,3.19,2.46,3.11,2.84,0.4081632653061224,0.3003003003003003,0.3184713375796178,0.026934903186040415,0.35714285714285715,0.3003003003003003,0.31347962382445144,-0.029077218732391108,0.4065040650406504,0.3215434083601286,0.35211267605633806,0.08016014945711714
2013/2014,2013-08-25,Atlas,Pumas UNAM,1,1,0,football-data,2.16,3.3,3.78,2.21,3.3,3.8,2.13,3.13,3.42,0.4629629629629629,0.30303030303030304,0.2645502645502646,0.03054353054353065,0.45248868778280543,0.30303030303030304,0.2631578947368421,0.018676885549950617,0.4694835680751174,0.3194888178913738,0.29239766081871343,0.08137004678520476
2013/2014,2013-08-25,Leon,Monterrey,3,1,1,football-data,1.84,3.64,4.84,1.91,3.64,4.84,1.81,3.43,4.22,0.5434782608695652,0.2747252747252747,0.2066115702479339,0.024815105842773688,0.5235602094240838,0.2747252747252747,0.2066115702479339,0.0048970543972923775,0.5524861878453039,0.29154518950437314,0.23696682464454977,0.0809982019942268
2013/2014,2013-08-25,Puebla,Cruz Azul,1,2,-1,football-data,2.76,3.41,2.7,3.15,3.41,2.7,2.88,3.18,2.37,0.3623188405797102,0.29325513196480935,0.37037037037037035,0.025944342914889784,0.31746031746031744,0.29325513196480935,0.37037037037037035,-0.018914180204502862,0.3472222222222222,0.31446540880503143,0.42194092827004215,0.08362855929729585
2013/2014,2013-08-25,Tigres UANL,Chiapas,2,2,0,football-data,1.47,4.5,8.32,1.6,4.5,8.5,1.49,3.81,7.01,0.6802721088435374,0.2222222222222222,0.12019230769230768,0.022686638758067312,0.625,0.2222222222222222,0.11764705882352941,-0.03513071895424835,0.6711409395973155,0.26246719160104987,0.14265335235378032,0.07626148355214557
2013/2014,2013-08-25,Toluca,Veracruz,3,1,1,football-data,1.85,3.67,4.63,1.85,3.67,4.7,1.79,3.39,4.37,0.5405405405405405,0.2724795640326976,0.2159827213822894,0.0290028259555275,0.5405405405405405,0.2724795640326976,0.2127659574468085,0.02578606202004652,0.5586592178770949,0.2949852507374631,0.22883295194508008,0.08247742055963814
2013/2014,2013-08-31,Cruz Azul,Queretaro,0,2,-1,football-data,1.66,3.95,5.74,1.72,3.8,6.0,1.62,3.6,5.16,0.6024096385542169,0.2531645569620253,0.17421602787456444,0.029790223390806503,0.5813953488372093,0.2631578947368421,0.16666666666666666,0.011219910240718223,0.6172839506172839,0.2777777777777778,0.19379844961240308,0.08886017800746471
2013/2014,2013-08-31,Morelia,Pachuca,4,1,1,football-data,1.86,3.68,4.59,1.9,3.68,4.75,1.83,3.4,4.12,0.5376344086021505,0.2717391304347826,0.2178649237472767,0.027238462784209716,0.5263157894736842,0.2717391304347826,0.21052631578947367,0.008581235697940448,0.5464480874316939,0.29411764705882354,0.24271844660194175,0.08328418109245916
2013/2014,2013-08-31,Santos Laguna,Leon,0,2,-1,football-data,2.37,3.29,3.34,2.48,3.3,3.34,2.34,3.15,2.98,0.42194092827004215,0.303951367781155,0.29940119760479045,0.025293493655987653,0.40322580645161293,0.30303030303030304,0.29940119760479045,0.005657307086706531,0.4273504273504274,0.31746031746031744,0.33557046979865773,0.08038121460940251
2013/2014,2013-08-31,Veracruz,Tigres UANL,1,1,0,football-data,3.02,3.43,2.49,3.02,3.43,2.5,2.87,3.21,2.37,0.33112582781456956,0.29154518950437314,0.4016064257028112,0.02427744302175383,0.33112582781456956,0.29154518950437314,0.4,0.02267101731894261,0.3484320557491289,0.3115264797507788,0.42194092827004215,0.08189946376994994
2013/2014,2013-09-01,Chiapas,Tijuana,3,1,1,football-data,2.3,3.27,3.51,2.5,3.3,3.51,2.29,3.16,3.05,0.4347826086956522,0.3058103975535168,0.2849002849002849,0.025493291149453867,0.4,0.30303030303030304,0.2849002849002849,-0.012069412069412033,0.4366812227074236,0.3164556962025316,0.3278688524590164,0.08100577136897158
2013/2014,2013-09-01,Guadalajara,Toluca,0,0,0,football-data,2.97,3.32,2.58,2.97,3.32,2.8,2.69,3.15,2.54,0.33670033670033667,0.30120481927710846,0.38759689922480617,0.02550205520225135,0.33670033670033667,0.30120481927710846,0.35714285714285715,-0.004951986879697667,0.3717472118959108,0.31746031746031744,0.39370078740157477,0.08290831675780308
2013/2014,2013-09-01,Monterrey,Atlas,0,0,0,football-data,1.81,3.71,4.92,1.82,3.71,5.25,1.74,3.45,4.66,0.5524861878453039,0.2695417789757412,0.2032520325203252,0.025279999341370374,0.5494505494505494,0.2695417789757412,0.19047619047619047,0.009468518902481016,0.5747126436781609,0.2898550724637681,0.2145922746781116,0.07915999082004044
2013/2014,2013-09-01,Puebla,Atlante,1,0,1,football-data,2.05,3.48,3.99,2.07,3.48,4.16,1.94,3.28,3.8,0.48780487804878053,0.28735632183908044,0.2506265664160401,0.025787766303901005,0.48309178743961356,0.28735632183908044,0.24038461538461536,0.010832724663309312,0.5154639175257733,0.3048780487804878,0.2631578947368421,0.08349986104310303
2013/2014,2013-09-03,Pumas UNAM,America,1,4,-1,football-data,4.37,3.53,1.95,4.5,3.55,1.98,3.95,3.34,1.89,0.22883295194508008,0.28328611898017,0.5128205128205129,0.024939583745763105,0.2222222222222222,0.28169014084507044,0.5050505050505051,0.008962868117797562,0.2531645569620253,0.29940119760479045,0.5291005291005292,0.08166628366734496
2013/2014,2013-09-07,America,Monterrey,1,0,1,football-data,1.44,4.66,8.57,1.5,4.66,8.57,1.45,4.13,6.89,0.6944444444444444,0.2145922746781116,0.11668611435239207,0.025722833474948192,0.6666666666666666,0.2145922746781116,0.11668611435239207,-0.0020549443028297087,0.6896551724137931,0.24213075060532688,0.14513788098693758,0.07692380400605758
2013/2014,2013-09-07,Queretaro,Puebla,1,0,1,football-data,2.26,3.36,3.52,2.28,3.36,3.6,2.13,3.23,3.3,0.4424778761061947,0.2976190476190476,0.2840909090909091,0.024187832816151555,0.4385964912280702,0.2976190476190476,0.2777777777777778,0.01399331662489578,0.4694835680751174,0.30959752321981426,0.30303030303030304,0.08211139432523473
2013/2014,2013-09-08,Atlante,Morelia,2,2,0,football-data,2.83,3.4,2.65,3.2,3.4,2.66,2.8,3.16,2.46,0.35335689045936397,0.29411764705882354,0.37735849056603776,0.024833028084225273,0.3125,0.29411764705882354,0.37593984962406013,-0.017442503317116276,0.35714285714285715,0.3164556962025316,0.4065040650406504,0.08010261838603916
2013/2014,2013-09-08,Atlas,Santos Laguna,2,2,0,football-data,2.71,3.26,2.82,2.71,3.28,2.92,2.57,3.08,2.71,0.36900369003690037,0.3067484662576687,0.3546099290780142,0.030362085372583225,0.36900369003690037,0.3048780487804878,0.3424657534246575,0.01634749224204568,0.38910505836575876,0.3246753246753247,0.36900369003690037,0.08278407307798386
2013/2014,2013-09-08,Leon,Chiapas,0,1,-1,football-data,1.46,4.57,7.97,1.58,4.57,7.97,1.52,3.88,6.19,0.684931506849315,0.2188183807439825,0.12547051442910917,0.029220402022406722,0.6329113924050632,0.2188183807439825,0.12547051442910917,-0.022799712421845086,0.6578947368421053,0.2577319587628866,0.16155088852988692,0.07717758413487874
2013/2014,2013-09-08,Pachuca,Pumas UNAM,0,0,0,football-data,2.28,3.32,3.52,2.28,3.32,3.86,2.08,3.22,3.48,0.4385964912280702,0.30120481927710846,0.2840909090909091,0.023892219596087783,0.4385964912280702,0.30120481927710846,0.2590673575129534,-0.001131331981867989,0.4807692307692307,0.3105590062111801,0.28735632183908044,0.07868455881949132
2013/2014,2013-09-08,Tigres UANL,Guadalajara,3,3,0,football-data,1.71,3.99,5.27,1.72,3.99,5.8,1.66,3.54,5.08,0.5847953216374269,0.2506265664160401,0.18975332068311196,0.025175208736578858,0.5813953488372093,0.2506265664160401,0.1724137931034483,0.00443570835669771,0.6024096385542169,0.2824858757062147,0.19685039370078738,0.08174590796121883
2013/2014,2013-09-08,Tijuana,Veracruz,3,0,1,football-data,1.82,3.81,4.68,1.95,3.81,4.75,1.82,3.45,4.17,0.5494505494505494,0.26246719160104987,0.2136752136752137,0.025592954726812778,0.5128205128205129,0.26246719160104987,0.21052631578947367,-0.014185979788963632,0.5494505494505494,0.2898550724637681,0.23980815347721823,0.07911377539153586
2013/2014,2013-09-08,Toluca,Cruz Azul,1,2,-1,football-data,2.52,3.44,2.98,2.52,3.44,3.18,2.33,3.19,2.97,0.3968253968253968,0.29069767441860467,0.33557046979865773,0.02309354104265915,0.3968253968253968,0.29069767441860467,0.31446540880503143,0.001988480049032848,0.4291845493562232,0.31347962382445144,0.33670033670033667,0.0793645098810114
2013/2014,2013-09-14,Cruz Azul,Tigres UANL,0,1,-1,football-data,2.21,3.31,3.65,2.21,3.4,3.7,2.1,3.22,3.38,0.45248868778280543,0.3021148036253776,0.273972602739726,0.02857609414790918,0.45248868778280543,0.29411764705882354,0.27027027027027023,0.016876605111899146,0.47619047619047616,0.3105590062111801,0.2958579881656805,0.08260747056733675
2013/2014,2013-09-14,Queretaro,Atlante,1,0,1,football-data,1.85,3.64,4.79,1.9,3.75,4.79,1.82,3.47,4.12,0.5405405405405405,0.2747252747252747,0.20876826722338204,0.02403408248919714,0.5263157894736842,0.26666666666666666,0.20876826722338204,0.0017507233637328312,0.5494505494505494,0.2881844380403458,0.24271844660194175,0.0803534340928369
2013/2014,2013-09-14,Santos Laguna,America,2,1,1,football-data,3.14,3.49,2.38,3.17,3.49,2.5,2.94,3.2,2.34,0.3184713375796178,0.28653295128939826,0.42016806722689076,0.025172356095906956,0.31545741324921134,0.28653295128939826,0.4,0.001990364538609679,0.3401360544217687,0.3125,0.4273504273504274,0.07998648177219603
2013/2014,2013-09-14,Veracruz,Leon,0,1,-1,football-data,3.14,3.43,2.41,3.14,3.43,2.55,2.9,3.18,2.38,0.3184713375796178,0.29154518950437314,0.41493775933609955,0.024954286420090455,0.3184713375796178,0.29154518950437314,0.3921568627450981,0.0021733898290889897,0.3448275862068966,0.31446540880503143,0.42016806722689076,0.07946106223881877
2013/2014,2013-09-15,Chiapas,Atlas,3,0,1,football-data,2.26,3.41,3.48,2.29,3.41,3.75,2.11,3.22,3.39,0.4424778761061947,0.29325513196480935,0.28735632183908044,0.0230893299100845,0.4366812227074236,0.29325513196480935,0.26666666666666666,-0.003396978661100336,0.47393364928909953,0.3105590062111801,0.2949852507374631,0.07947790623774265
2013/2014,2013-09-15,Guadalajara,Tijuana,2,2,0,football-data,2.48,3.21,3.22,2.58,3.3,3.22,2.35,3.1,3.01,0.40322580645161293,0.3115264797507788,0.3105590062111801,0.025311292413571884,0.38759689922480617,0.30303030303030304,0.3105590062111801,0.0011862084662892514,0.425531914893617,0.3225806451612903,0.33222591362126247,0.08033847367616986
2013/2014,2013-09-15,Monterrey,Pachuca,1,0,1,football-data,1.97,3.51,4.29,2.0,3.51,4.29,1.95,3.3,3.81,0.5076142131979695,0.2849002849002849,0.2331002331002331,0.02561473119848756,0.5,0.2849002849002849,0.2331002331002331,0.01800051800051783,0.5128205128205129,0.30303030303030304,0.26246719160104987,0.0783180074518659
2013/2014,2013-09-15,Puebla,Toluca,1,1,0,football-data,2.93,3.41,2.56,2.93,3.42,2.7,2.68,3.17,2.56,0.341296928327645,0.29325513196480935,0.390625,0.025177060292454367,0.341296928327645,0.29239766081871343,0.37037037037037035,0.0040649595167288055,0.3731343283582089,0.31545741324921134,0.390625,0.07921674160742032
2013/2014,2013-09-15,Pumas UNAM,Morelia,0,1,-1,football-data,2.9,3.31,2.64,2.9,3.31,2.73,2.65,3.15,2.59,0.3448275862068966,0.3021148036253776,0.3787878787878788,0.02573026862015304,0.3448275862068966,0.3021148036253776,0.3663003663003663,0.013242756132640476,0.37735849056603776,0.31746031746031744,0.3861003861003861,0.08091919412674131
2013/2014,2013-09-21,America,Chiapas,3,1,1,football-data,1.52,4.47,6.99,1.52,4.5,8.5,1.44,4.15,7.05,0.6578947368421053,0.2237136465324385,0.14306151645207438,0.024669899826618158,0.6578947368421053,0.2222222222222222,0.11764705882352941,-0.0022359821121430423,0.6944444444444444,0.24096385542168672,0.14184397163120568,0.07725227149733693
2013/2014,2013-09-21,Morelia,Monterrey,1,3,-1,football-data,1.85,3.61,4.77,1.95,3.65,4.79,1.82,3.44,4.16,0.5405405405405405,0.2770083102493075,0.20964360587002098,0.027192456659868913,0.5128205128205129,0.273972602739726,0.20876826722338204,-0.004438617216379059,0.5494505494505494,0.29069767441860467,0.24038461538461536,0.08053283925376942
2013/2014,2013-09-21,Tijuana,Cruz Azul,0,0,0,football-data,2.35,3.31,3.35,2.45,3.33,3.35,2.31,3.16,3.0,0.425531914893617,0.3021148036253776,0.29850746268656714,0.026154181205561677,0.4081632653061224,0.3003003003003003,0.29850746268656714,0.006971028292989789,0.4329004329004329,0.3164556962025316,0.3333333333333333,0.08268946243629771
2013/2014,2013-09-22,Atlante,Pumas UNAM,1,0,1,football-data,2.4,3.04,3.26,2.45,3.25,3.3,2.33,3.11,3.03,0.4166666666666667,0.32894736842105265,0.3067484662576687,0.05236250134538811,0.4081632653061224,0.3076923076923077,0.30303030303030304,0.01888587602873315,0.4291845493562232,0.3215434083601286,0.33003300330033003,0.08076096101668195
2013/2014,2013-09-22,Atlas,Veracruz,3,3,0,football-data,2.18,3.47,3.59,2.25,3.47,3.7,2.14,3.26,3.28,0.4587155963302752,0.2881844380403458,0.2785515320334262,0.02545156640404711,0.4444444444444444,0.2881844380403458,0.27027027027027023,0.0028991527550603635,0.4672897196261682,0.3067484662576687,0.3048780487804878,0.07891623466432485
2013/2014,2013-09-22,Leon,Guadalajara,2,1,1,football-data,1.52,4.31,7.47,1.67,4.31,7.5,1.58,3.69,5.85,0.6578947368421053,0.2320185614849188,0.13386880856760375,0.023782106894628008,0.5988023952095809,0.2320185614849188,0.13333333333333333,-0.03584570997216696,0.6329113924050632,0.2710027100271003,0.17094017094017094,0.07485427337233452
2013/2014,2013-09-22,Pachuca,Santos Laguna,1,1,0,football-data,2.5,3.15,2.99,2.57,3.36,2.99,2.42,3.17,2.83,0.4,0.31746031746031744,0.33444816053511706,0.05190847799543441,0.38910505836575876,0.2976190476190476,0.33444816053511706,0.021172266519923433,0.4132231404958678,0.31545741324921134,0.35335689045936397,0.08203744420444314
2013/2014,2013-09-22,Tigres UANL,Puebla,0,0,0,football-data,1.45,4.17,8.31,1.65,4.5,9.0,1.49,3.96,6.76,0.6896551724137931,0.23980815347721823,0.12033694344163658,0.04980026933264803,0.6060606060606061,0.2222222222222222,0.1111111111111111,-0.06060606060606055,0.6711409395973155,0.25252525252525254,0.14792899408284024,0.07159518620540828
2013/2014,2013-09-22,Toluca,Queretaro,4,0,1,football-data,1.79,3.78,4.98,1.85,3.78,5.1,1.77,3.42,4.47,0.5586592178770949,0.2645502645502646,0.2008032128514056,0.02401269527876515,0.5405405405405405,0.2645502645502646,0.19607843137254904,0.0011692364633539842,0.5649717514124294,0.29239766081871343,0.2237136465324385,0.08108305876358135
2013/2014,2013-09-28,Cruz Azul,Leon,1,0,1,football-data,2.51,3.39,3.02,2.57,3.39,3.05,2.42,3.16,2.84,0.39840637450199207,0.2949852507374631,0.33112582781456956,0.024517453054024863,0.38910505836575876,0.2949852507374631,0.3278688524590164,0.011959161562238307,0.4132231404958678,0.3164556962025316,0.35211267605633806,0.0817915127547375
2013/2014,2013-09-28,Queretaro,Tigres UANL,2,2,0,football-data,3.07,3.37,2.49,3.1,3.37,2.55,2.88,3.09,2.44,0.32573289902280134,0.29673590504451036,0.4016064257028112,0.024075229770122775,0.3225806451612903,0.29673590504451036,0.3921568627450981,0.011473412950898876,0.3472222222222222,0.3236245954692557,0.4098360655737705,0.08068288326524842
2013/2014,2013-09-28,Santos Laguna,Morelia,3,1,1,football-data,2.04,3.53,3.98,2.3,3.55,3.98,2.09,3.25,3.43,0.49019607843137253,0.28328611898017,0.25125628140703515,0.024738478818577603,0.4347826086956522,0.28169014084507044,0.25125628140703515,-0.03227096905224225,0.47846889952153115,0.3076923076923077,0.29154518950437314,0.07770639671821211
2013/2014,2013-09-28,Veracruz,America,0,1,-1,football-data,5.74,3.94,1.68,5.74,3.94,1.8,4.84,3.51,1.7,0.17421602787456444,0.25380710659898476,0.5952380952380952,0.02326122971164457,0.17421602787456444,0.25380710659898476,0.5555555555555556,-0.016421309970895193,0.2066115702479339,0.2849002849002849,0.5882352941176471,0.0797471492658659
2013/2014,2013-09-29,Chiapas,Pachuca,2,1,1,football-data,1.97,3.28,3.69,2.15,3.6,4.15,2.02,3.3,3.52,0.5076142131979695,0.3048780487804878,0.2710027100271003,0.08349497200555778,0.46511627906976744,0.2777777777777778,0.24096385542168672,-0.016142087730767973,0.49504950495049505,0.30303030303030304,0.2840909090909091,0.0821707170717072
2013/2014,2013-09-29,Guadalajara,Atlas,1,1,0,football-data,2.45,3.26,3.23,2.45,3.3,3.45,2.23,3.12,3.2,0.4081632653061224,0.3067484662576687,0.30959752321981426,0.02450925478360544,0.4081632653061224,0.30303030303030304,0.2898550724637681,0.0010486408001935121,0.4484304932735426,0.3205128205128205,0.3125,0.08144331378636305
2013/2014,2013-09-29,Monterrey,Pumas UNAM,0,1,-1,football-data,1.61,3.84,7.01,1.75,3.84,7.01,1.62,3.61,5.42,0.6211180124223602,0.2604166666666667,0.14265335235378032,0.024188031442807123,0.5714285714285714,0.2604166666666667,0.14265335235378032,-0.02550140955098157,0.6172839506172839,0.2770083102493075,0.18450184501845018,0.07879410588504165
2013/2014,2013-09-29,Puebla,Tijuana,2,0,1,football-data,2.96,3.17,2.51,3.05,3.3,2.7,2.76,3.12,2.51,0.33783783783783783,0.31545741324921134,0.39840637450199207,0.051701625589041234,0.3278688524590164,0.30303030303030304,0.37037037037037035,0.0012695258596897574,0.3623188405797102,0.3205128205128205,0.39840637450199207,0.0812380355945228
2013/2014,2013-09-29,Toluca,Atlante,7,1,1,football-data,1.61,3.71,6.2,1.67,4.03,6.2,1.61,3.66,5.41,0.6211180124223602,0.2695417789757412,0.16129032258064516,0.051950113978746604,0.5988023952095809,0.24813895781637715,0.16129032258064516,0.008231675606603206,0.6211180124223602,0.27322404371584696,0.18484288354898337,0.07918493968719043
2013/2014,2013-10-02,America,Tijuana,2,0,1,football-data,1.66,3.84,6.13,1.71,4.0,7.0,1.55,3.72,6.19,0.6024096385542169,0.2604166666666667,0.1631321370309951,0.0259584422518786,0.5847953216374269,0.25,0.14285714285714285,-0.022347535505430338,0.6451612903225806,0.26881720430107525,0.16155088852988692,0.07552938315354285
2013/2014,2013-10-05,America,Guadalajara,2,0,1,football-data,1.41,4.7,9.63,1.45,4.75,9.63,1.4,4.24,7.82,0.7092198581560284,0.2127659574468085,0.10384215991692626,0.025827975519763235,0.6896551724137931,0.21052631578947367,0.10384215991692626,0.0040236481201931795,0.7142857142857143,0.23584905660377356,0.1278772378516624,0.07801200874115022
2013/2014,2013-10-05,Morelia,Chiapas,2,1,1,football-data,1.79,3.96,4.68,1.85,3.96,5.0,1.77,3.51,4.38,0.5586592178770949,0.25252525252525254,0.2136752136752137,0.024859684077561006,0.5405405405405405,0.25252525252525254,0.2,-0.006934206934207099,0.5649717514124294,0.2849002849002849,0.22831050228310504,0.07818253859581947
2013/2014,2013-10-05,Tijuana,Queretaro,1,0,1,football-data,1.74,3.72,5.51,1.85,3.75,5.51,1.74,3.43,4.74,0.5747126436781609,0.26881720430107525,0.18148820326678766,0.025018051246023854,0.5405405405405405,0.26666666666666666,0.18148820326678766,-0.011304589526005104,0.5747126436781609,0.29154518950437314,0.21097046413502107,0.0772282973175551
2013/2014,2013-10-06,Atlante,Monterrey,2,1,1,football-data,2.99,3.38,2.51,3.05,3.38,2.55,2.8,3.15,2.46,0.33444816053511706,0.2958579881656805,0.39840637450199207,0.028712523202789608,0.3278688524590164,0.2958579881656805,0.3921568627450981,0.015883703369794944,0.35714285714285715,0.31746031746031744,0.4065040650406504,0.08110723964382505
2013/2014,2013-10-06,Atlas,Cruz Azul,1,2,-1,football-data,3.26,3.25,2.43,3.26,3.25,2.55,2.95,3.09,2.4,0.3067484662576687,0.3076923076923077,0.4115226337448559,0.025963407694832297,0.3067484662576687,0.3076923076923077,0.3921568627450981,0.006597636695074627,0.3389830508474576,0.3236245954692557,0.4166666666666667,0.07927431298337995
2013/2014,2013-10-06,Leon,Puebla,3,1,1,football-data,1.47,4.4,8.44,1.53,4.4,8.44,1.48,3.88,6.87,0.6802721088435374,0.22727272727272727,0.11848341232227488,0.02602824843853968,0.6535947712418301,0.22727272727272727,0.11848341232227488,-0.0006490891631677487,0.6756756756756757,0.2577319587628866,0.14556040756914118,0.07896804200770347
2013/2014,2013-10-06,Pachuca,Veracruz,1,1,0,football-data,2.01,3.56,3.96,2.05,3.56,4.0,1.96,3.34,3.66,0.49751243781094534,0.2808988764044944,0.25252525252525254,0.03093656674069223,0.48780487804878053,0.2808988764044944,0.25,0.01870375445327488,0.5102040816326531,0.29940119760479045,0.27322404371584696,0.0828293229532906
2013/2014,2013-10-06,Pumas UNAM,Santos Laguna,0,1,-1,football-data,3.41,3.31,2.33,3.41,3.4,2.45,3.03,3.14,2.32,0.29325513196480935,0.3021148036253776,0.4291845493562232,0.024554484946410104,0.29325513196480935,0.29411764705882354,0.4081632653061224,-0.0044639556702446015,0.33003300330033003,0.3184713375796178,0.4310344827586207,0.07953882363856857
2013/2014,2013-10-06,Tigres UANL,Toluca,1,2,-1,football-data,1.91,3.51,4.62,2.0,3.6,4.62,1.92,3.29,3.9,0.5235602094240838,0.2849002849002849,0.21645021645021645,0.024910710774585176,0.5,0.2777777777777778,0.21645021645021645,-0.005772005772005762,0.5208333333333334,0.303951367781155,0.25641025641025644,0.08119495752474482
2013/2014,2013-10-19,Cruz Azul,America,1,1,0,football-data,2.9,3.27,2.66,3.15,3.35,2.66,2.84,3.17,2.43,0.3448275862068966,0.3058103975535168,0.37593984962406013,0.026577833384473504,0.31746031746031744,0.29850746268656714,0.37593984962406013,-0.00809237022905529,0.35211267605633806,0.31545741324921134,0.4115226337448559,0.07909272305040527
2013/2014,2013-10-19,Queretaro,Leon,2,0,1,football-data,3.58,3.26,2.28,3.6,3.3,2.28,3.31,3.13,2.17,0.27932960893854747,0.3067484662576687,0.4385964912280702,0.024674566424286448,0.2777777777777778,0.30303030303030304,0.4385964912280702,0.01940457203615109,0.3021148036253776,0.3194888178913738,0.4608294930875576,0.08243311460430913
2013/2014,2013-10-19,Santos Laguna,Monterrey,3,2,1,football-data,1.72,3.74,5.62,1.85,3.75,5.7,1.74,3.49,4.5,0.5813953488372093,0.267379679144385,0.17793594306049823,0.026710971042092524,0.5405405405405405,0.26666666666666666,0.17543859649122806,-0.01735419630156476,0.5747126436781609,0.28653295128939826,0.2222222222222222,0.08346781718978136
2013/2014,2013-10-19,Veracruz,Morelia,1,0,1,football-data,2.94,3.43,2.55,3.13,3.43,2.55,2.89,3.18,2.38,0.3401360544217687,0.29154518950437314,0.3921568627450981,0.023838106671239867,0.3194888178913738,0.29154518950437314,0.3921568627450981,0.003190870140845181,0.3460207612456747,0.31446540880503143,0.42016806722689076,0.08065423727759691
2013/2014,2013-10-20,Chiapas,Pumas UNAM,1,1,0,football-data,1.99,3.46,4.29,2.01,3.6,4.55,1.88,3.33,4.06,0.5025125628140703,0.28901734104046245,0.2331002331002331,0.024630136954765902,0.49751243781094534,0.2777777777777778,0.21978021978021978,-0.004929564631057093,0.5319148936170213,0.3003003003003003,0.24630541871921185,0.07852061263653343
2013/2014,2013-10-20,Guadalajara,Pachuca,1,3,-1,football-data,2.26,3.37,3.51,2.4,3.37,3.51,2.22,3.17,3.16,0.4424778761061947,0.29673590504451036,0.2849002849002849,0.02411406605098998,0.4166666666666667,0.29673590504451036,0.2849002849002849,-0.0016971433885379916,0.4504504504504504,0.31545741324921134,0.3164556962025316,0.08236355990219324
2013/2014,2013-10-20,Puebla,Atlas,2,0,1,football-data,2.37,3.3,3.33,2.4,3.3,3.45,2.22,3.11,3.22,0.42194092827004215,0.30303030303030304,0.3003003003003003,0.025271531600645325,0.4166666666666667,0.30303030303030304,0.2898550724637681,0.009552042160737795,0.4504504504504504,0.3215434083601286,0.3105590062111801,0.08255286502175907
2013/2014,2013-10-20,Tigres UANL,Atlante,3,1,1,football-data,1.54,4.25,6.8,1.58,4.25,6.9,1.54,3.83,5.87,0.6493506493506493,0.23529411764705882,0.14705882352941177,0.03170359052711991,0.6329113924050632,0.23529411764705882,0.14492753623188406,0.013133046284006022,0.6493506493506493,0.2610966057441253,0.17035775127768313,0.08080500637245769
2013/2014,2013-10-20,Toluca,Tijuana,0,0,0,football-data,1.98,3.5,4.23,2.05,3.53,4.3,1.94,3.31,3.8,0.5050505050505051,0.2857142857142857,0.23640661938534277,0.027171410150133468,0.48780487804878053,0.28328611898017,0.23255813953488372,0.0036491365638342543,0.5154639175257733,0.3021148036253776,0.2631578947368421,0.08073661588799297
2013/2014,2013-10-26,America,Puebla,3,1,1,football-data,1.82,3.61,3.91,1.87,3.8,5.0,1.74,3.6,4.37,0.5494505494505494,0.2770083102493075,0.2557544757033248,0.08221333540318176,0.53475935828877,0.2631578947368421,0.2,-0.002082746974388039,0.5747126436781609,0.2777777777777778,0.22883295194508008,0.0813233734010188
2013/2014,2013-10-26,Morelia,Guadalajara,1,1,0,football-data,1.6,4.17,6.32,1.65,4.17,6.32,1.58,3.77,5.53,0.625,0.23980815347721823,0.1582278481012658,0.023036001578484067,0.6060606060606061,0.23980815347721823,0.1582278481012658,0.004096607639090033,0.6329113924050632,0.26525198938992045,0.18083182640144665,0.07899520819643024
2013/2014,2013-10-26,Tijuana,Tigres UANL,0,0,0,football-data,2.3,3.22,3.56,2.4,3.45,3.56,2.29,3.1,3.12,0.4347826086956522,0.3105590062111801,0.2808988764044944,0.026240491311326775,0.4166666666666667,0.2898550724637681,0.2808988764044944,-0.012579384465070786,0.4366812227074236,0.3225806451612903,0.3205128205128205,0.07977468838153445
2013/2014,2013-10-27,Atlante,Santos Laguna,1,3,-1,football-data,8.18,4.19,1.39,8.18,4.23,2.45,4.71,3.61,1.92,0.12224938875305624,0.2386634844868735,0.7194244604316548,0.08033733367158447,0.12224938875305624,0.23640661938534277,0.4081632653061224,-0.2331807265554786,0.21231422505307856,0.2770083102493075,0.5208333333333334,0.01015586863571949
2013/2014,2013-10-27,Atlas,Queretaro,3,1,1,football-data,2.19,3.38,3.69,2.22,3.38,3.7,2.15,3.17,3.33,0.4566210045662101,0.2958579881656805,0.2710027100271003,0.023481702758990863,0.4504504504504504,0.2958579881656805,0.27027027027027023,0.016578708886401117,0.46511627906976744,0.31545741324921134,0.3003003003003003,0.08087399261927919
2013/2014,2013-10-27,Leon,Toluca,2,2,0,football-data,2.14,3.4,3.79,2.23,3.4,3.79,2.06,3.25,3.46,0.4672897196261682,0.29411764705882354,0.2638522427440633,0.02525960942905514,0.4484304932735426,0.29411764705882354,0.2638522427440633,0.006400383076429428,0.4854368932038835,0.3076923076923077,0.28901734104046245,0.0821465419366536
2013/2014,2013-10-27,Monterrey,Chiapas,1,1,0,football-data,2.26,3.06,3.21,2.41,3.31,3.25,2.26,3.2,3.12,0.4424778761061947,0.32679738562091504,0.3115264797507788,0.08080174147788854,0.41493775933609955,0.3021148036253776,0.3076923076923077,0.024744870653784945,0.4424778761061947,0.3125,0.3205128205128205,0.0754906966190152
2013/2014,2013-10-27,Pachuca,Cruz Azul,0,0,0,football-data,3.29,2.14,3.22,3.29,3.3,3.22,2.67,2.93,2.82,0.303951367781155,0.4672897196261682,0.3105590062111801,0.08180009361850327,0.303951367781155,0.30303030303030304,0.3105590062111801,-0.0824593229773618,0.37453183520599254,0.341296928327645,0.3546099290780142,0.07043869261165181
2013/2014,2013-10-27,Pumas UNAM,Veracruz,0,0,0,football-data,2.36,3.43,3.21,2.4,3.43,3.25,2.27,3.22,3.03,0.42372881355932207,0.29154518950437314,0.3115264797507788,0.026800482814474114,0.4166666666666667,0.29154518950437314,0.3076923076923077,0.015904163863347476,0.44052863436123346,0.3105590062111801,0.33003300330033003,0.08112064387274365
2013/2014,2013-10-30,Tigres UANL,America,1,0,1,football-data,1.94,3.44,4.55,2.0,3.5,4.55,1.9,3.32,3.9,0.5154639175257733,0.29069767441860467,0.21978021978021978,0.025941811724597752,0.5,0.2857142857142857,0.21978021978021978,0.005494505494505475,0.5263157894736842,0.30120481927710846,0.25641025641025644,0.08393086516104908
2013/2014,2013-10-31,Guadalajara,Santos Laguna,0,2,-1,football-data,2.99,3.35,2.55,3.25,3.35,2.56,2.97,3.17,2.32,0.33444816053511706,0.29850746268656714,0.3921568627450981,0.025112485966782394,0.3076923076923077,0.29850746268656714,0.390625,-0.003175229621125153,0.33670033670033667,0.31545741324921134,0.4310344827586207,0.08319223270816867
2013/2014,2013-11-02,Cruz Azul,Morelia,1,0,1,football-data,1.86,3.57,4.8,2.0,3.58,4.81,1.88,3.37,3.97,0.5376344086021505,0.2801120448179272,0.20833333333333334,0.02607978675341105,0.5,0.27932960893854747,0.2079002079002079,-0.012770183161244564,0.5319148936170213,0.29673590504451036,0.2518891687657431,0.08053996742727465
2013/2014,2013-11-02,Queretaro,America,0,0,0,football-data,2.75,3.24,2.84,3.0,3.35,2.84,2.74,3.06,2.56,0.36363636363636365,0.30864197530864196,0.35211267605633806,0.024391015001343552,0.3333333333333333,0.29850746268656714,0.35211267605633806,-0.0160465279237616,0.36496350364963503,0.32679738562091504,0.390625,0.08238588927055002
2013/2014,2013-11-02,Tijuana,Atlante,4,1,1,football-data,1.45,3.87,7.45,1.53,4.42,7.78,1.47,3.99,6.48,0.6896551724137931,0.25839793281653745,0.1342281879194631,0.0822812931497936,0.6535947712418301,0.22624434389140272,0.12853470437017994,0.00837381950341265,0.6802721088435374,0.2506265664160401,0.15432098765432098,0.08521966291389838
2013/2014,2013-11-02,Veracruz,Monterrey,0,3,-1,football-data,2.12,3.56,3.66,2.25,3.56,3.66,2.14,3.28,3.22,0.4716981132075471,0.2808988764044944,0.27322404371584696,0.025821033327888543,0.4444444444444444,0.2808988764044944,0.27322404371584696,-0.0014326354352142134,0.4672897196261682,0.3048780487804878,0.3105590062111801,0.08272677461783617
2013/2014,2013-11-03,Chiapas,Santos Laguna,2,1,1,football-data,2.21,3.47,3.53,2.62,3.51,3.6,2.24,3.21,3.14,0.45248868778280543,0.2881844380403458,0.28328611898017,0.023959244803321234,0.38167938931297707,0.2849002849002849,0.2777777777777778,-0.05564254800896029,0.4464285714285714,0.3115264797507788,0.3184713375796178,0.07642638875896801
2013/2014,2013-11-03,Guadalajara,Pumas UNAM,1,0,1,football-data,2.35,3.24,3.41,2.48,3.25,3.41,2.3,3.05,3.13,0.425531914893617,0.30864197530864196,0.29325513196480935,0.02742902216706833,0.40322580645161293,0.3076923076923077,0.29325513196480935,0.004173246108730044,0.4347826086956522,0.3278688524590164,0.3194888178913738,0.08214027904604237
2013/2014,2013-11-03,Puebla,Pachuca,1,1,0,football-data,2.2,3.5,3.52,2.25,3.5,3.65,2.13,3.22,3.31,0.45454545454545453,0.2857142857142857,0.2840909090909091,0.024350649350649345,0.4444444444444444,0.2857142857142857,0.273972602739726,0.004131332898456019,0.4694835680751174,0.3105590062111801,0.3021148036253776,0.0821573779116751
2013/2014,2013-11-03,Tigres UANL,Leon,1,1,0,football-data,2.22,3.38,3.59,2.22,3.4,4.2,2.05,3.22,3.53,0.4504504504504504,0.2958579881656805,0.2785515320334262,0.02485997064955714,0.4504504504504504,0.29411764705882354,0.23809523809523808,-0.017336664395487977,0.48780487804878053,0.3105590062111801,0.28328611898017,0.08165000324013061
2013/2014,2013-11-03,Toluca,Atlas,1,1,0,football-data,1.56,4.2,6.98,1.57,4.2,7.3,1.53,3.82,6.07,0.641025641025641,0.23809523809523808,0.14326647564469913,0.022387354765578182,0.6369426751592356,0.23809523809523808,0.136986301369863,0.012024214624336782,0.6535947712418301,0.2617801047120419,0.16474464579901152,0.08011952175288362
2013/2014,2013-11-09,America,Toluca,1,1,0,football-data,2.77,3.34,2.75,2.96,3.4,2.9,2.55,3.19,2.65,0.36101083032490977,0.29940119760479045,0.36363636363636365,0.024048391566063865,0.33783783783783783,0.29411764705882354,0.3448275862068966,-0.023216928896442113,0.3921568627450981,0.31347962382445144,0.37735849056603776,0.08299497713558734
2013/2014,2013-11-09,Morelia,Puebla,1,0,1,football-data,1.59,4.17,6.42,1.59,4.2,7.0,1.52,3.89,6.12,0.6289308176100629,0.23980815347721823,0.1557632398753894,0.024502210962670468,0.6289308176100629,0.23809523809523808,0.14285714285714285,0.009883198562443685,0.6578947368421053,0.2570694087403599,0.16339869281045752,0.07836283839292268
2013/2014,2013-11-09,Santos Laguna,Veracruz,2,2,0,football-data,1.58,4.19,6.45,1.62,4.2,7.5,1.55,3.82,5.93,0.6329113924050632,0.2386634844868735,0.15503875968992248,0.026613636581859224,0.6172839506172839,0.23809523809523808,0.13333333333333333,-0.011287477954144753,0.6451612903225806,0.2617801047120419,0.16863406408094436,0.07557545911556685
2013/2014,2013-11-10,Atlante,Chiapas,2,0,1,football-data,3.27,3.3,2.1,3.5,3.5,2.26,3.2,3.27,2.16,0.3058103975535168,0.30303030303030304,0.47619047619047616,0.08503117677429595,0.2857142857142857,0.2857142857142857,0.4424778761061947,0.013906447534766109,0.3125,0.3058103975535168,0.4629629629629629,0.08127336051647971
2013/2014,2013-11-10,Atlas,Tigres UANL,0,1,-1,football-data,4.04,3.53,2.02,4.2,3.53,2.1,3.64,3.28,2.0,0.24752475247524752,0.28328611898017,0.49504950495049505,0.025860376405912433,0.23809523809523808,0.28328611898017,0.47619047619047616,-0.002428166734115833,0.2747252747252747,0.3048780487804878,0.5,0.07960332350576249
2013/2014,2013-11-10,Leon,Tijuana,5,0,1,football-data,1.99,3.45,4.28,2.0,3.45,4.6,1.89,3.31,4.02,0.5025125628140703,0.2898550724637681,0.2336448598130841,0.026012495090922405,0.5,0.2898550724637681,0.2173913043478261,0.007246376811594235,0.5291005291005292,0.3021148036253776,0.24875621890547267,0.07997155163137948
2013/2014,2013-11-10,Monterrey,Guadalajara,2,1,1,football-data,1.78,3.4,4.45,1.91,3.65,5.1,1.8,3.4,4.29,0.5617977528089888,0.29411764705882354,0.2247191011235955,0.08063450099140779,0.5235602094240838,0.273972602739726,0.19607843137254904,-0.006388756463641121,0.5555555555555556,0.29411764705882354,0.2331002331002331,0.08277343571461238
2013/2014,2013-11-10,Pachuca,Queretaro,0,1,-1,football-data,2.68,2.99,2.67,3.0,3.26,2.75,2.71,3.08,2.58,0.3731343283582089,0.33444816053511706,0.37453183520599254,0.08211432409931851,0.3333333333333333,0.3067484662576687,0.36363636363636365,0.003718163227365512,0.36900369003690037,0.3246753246753247,0.38759689922480617,0.08127591393703115
2013/2014,2013-11-10,Pumas UNAM,Cruz Azul,2,2,0,football-data,4.29,3.42,1.98,4.29,3.42,2.15,3.73,3.19,2.0,0.2331002331002331,0.29239766081871343,0.5050505050505051,0.030548398969451718,0.2331002331002331,0.29239766081871343,0.46511627906976744,-0.009385827011286096,0.2680965147453083,0.31347962382445144,0.5,0.08157613856975976
2013/2014,2013-11-23,Toluca,Cruz Azul,3,0,1,football-data,2.38,3.22,3.4,2.41,3.25,3.4,2.3,3.09,3.09,0.42016806722689076,0.3105590062111801,0.29411764705882354,0.024844720496894457,0.41493775933609955,0.3076923076923077,0.29411764705882354,0.016747714087230747,0.4347826086956522,0.3236245954692557,0.3236245954692557,0.08203179963416352
2013/2014,2013-11-24,Morelia,Leon,3,3,0,football-data,2.47,3.39,3.07,2.5,3.39,3.2,2.34,3.14,2.96,0.4048582995951417,0.2949852507374631,0.32573289902280134,0.02557644935540626,0.4,0.2949852507374631,0.3125,0.0074852507374632005,0.4273504273504274,0.3184713375796178,0.33783783783783783,0.08365960276788309
2013/2014,2013-11-24,Tigres UANL,America,2,2,0,football-data,3.0,3.23,2.6,3.1,3.35,2.7,2.86,3.08,2.47,0.3333333333333333,0.30959752321981426,0.3846153846153846,0.027546241168532104,0.3225806451612903,0.29850746268656714,0.37037037037037035,-0.008541521781772254,0.3496503496503497,0.3246753246753247,0.4048582995951417,0.079183973920816
2013/2014,2013-11-25,Queretaro,Santos Laguna,2,3,-1,football-data,4.14,3.31,2.06,4.14,3.4,2.2,3.58,3.15,2.05,0.24154589371980678,0.3021148036253776,0.4854368932038835,0.02909759054906802,0.24154589371980678,0.29411764705882354,0.45454545454545453,-0.009791004675915094,0.27932960893854747,0.31746031746031744,0.48780487804878053,0.08459480444764544
2013/2014,2013-11-30,Cruz Azul,Toluca,1,1,0,football-data,1.93,3.14,4.04,2.0,3.5,4.75,1.88,3.24,4.13,0.5181347150259068,0.3184713375796178,0.24752475247524752,0.08413080508077209,0.5,0.2857142857142857,0.21052631578947367,-0.003759398496240629,0.5319148936170213,0.30864197530864196,0.24213075060532688,0.08268761953099024
2013/2014,2013-12-01,America,Tigres UANL,1,1,0,football-data,1.6,4.16,6.14,1.65,4.2,6.8,1.57,3.76,5.67,0.625,0.24038461538461536,0.16286644951140067,0.028251064896016143,0.6060606060606061,0.23809523809523808,0.14705882352941177,-0.008785332314744099,0.6369426751592356,0.26595744680851063,0.1763668430335097,0.07926696500125585
2013/2014,2013-12-01,Leon,Morelia,4,0,1,football-data,1.95,3.56,4.32,2.0,3.56,4.45,1.92,3.3,3.92,0.5128205128205129,0.2808988764044944,0.23148148148148145,0.025200870706488798,0.5,0.2808988764044944,0.2247191011235955,0.005617977528090012,0.5208333333333334,0.30303030303030304,0.25510204081632654,0.07896567717996295
2013/2014,2013-12-02,Santos Laguna,Queretaro,3,1,1,football-data,1.46,4.63,8.08,1.62,4.7,8.5,1.43,4.2,7.19,0.684931506849315,0.2159827213822894,0.12376237623762376,0.02467660446922837,0.6172839506172839,0.2127659574468085,0.11764705882352941,-0.05230303311237816,0.6993006993006994,0.23809523809523808,0.13908205841446453,0.07647799581040204
2013/2014,2013-12-06,Leon,Santos Laguna,3,1,1,football-data,2.14,3.41,3.79,2.15,3.46,3.95,2.02,3.28,3.57,0.4672897196261682,0.29325513196480935,0.2638522427440633,0.024397094335040892,0.46511627906976744,0.28901734104046245,0.2531645569620253,0.007298177072255108,0.49504950495049505,0.3048780487804878,0.2801120448179272,0.08003959854891018
2013/2014,2013-12-06,Toluca,America,2,1,1,football-data,2.81,3.03,2.73,2.98,3.25,2.82,2.79,3.09,2.52,0.35587188612099646,0.33003300330033003,0.3663003663003663,0.05220525572169277,0.33557046979865773,0.3076923076923077,0.3546099290780142,-0.0021272934310203606,0.35842293906810035,0.3236245954692557,0.3968253968253968,0.07887293136275275
2013/2014,2013-12-08,America,Toluca,2,0,1,football-data,1.65,4.05,5.83,1.67,4.05,6.3,1.61,3.81,5.17,0.6060606060606061,0.2469135802469136,0.17152658662092624,0.02450077292844588,0.5988023952095809,0.2469135802469136,0.15873015873015872,0.004446134186653072,0.6211180124223602,0.26246719160104987,0.19342359767891684,0.07700880170232693
2013/2014,2013-12-09,Santos Laguna,Leon,2,2,0,football-data,2.23,3.33,3.0,2.36,3.6,3.5,2.17,3.31,3.14,0.4484304932735426,0.3003003003003003,0.3333333333333333,0.08206412690717624,0.42372881355932207,0.2777777777777778,0.2857142857142857,-0.012779122948614385,0.4608294930875576,0.3021148036253776,0.3184713375796178,0.08141563429255294
2013/2014,2013-12-13,Leon,America,2,0,1,football-data,2.14,3.53,3.64,2.4,3.53,3.8,2.14,3.27,3.27,0.4672897196261682,0.28328611898017,0.2747252747252747,0.02530111333161278,0.4166666666666667,0.28328611898017,0.2631578947368421,-0.03688931961632136,0.4672897196261682,0.3058103975535168,0.3058103975535168,0.07891051473320188
2013/2014,2013-12-16,America,Leon,1,3,-1,football-data,2.04,3.56,3.94,2.05,3.8,4.33,1.91,3.38,3.77,0.49019607843137253,0.2808988764044944,0.25380710659898476,0.024902061434851852,0.48780487804878053,0.2631578947368421,0.23094688221709006,-0.018090344997287344,0.5235602094240838,0.2958579881656805,0.26525198938992045,0.08467018697968465
2013/2014,2014-01-04,America,Tigres UANL,3,0,1,football-data,2.06,3.57,3.82,2.08,3.57,4.0,1.97,3.28,3.74,0.4854368932038835,0.2801120448179272,0.2617801047120419,0.027329042733852615,0.4807692307692307,0.2801120448179272,0.25,0.010881275587157901,0.5076142131979695,0.3048780487804878,0.267379679144385,0.07987194112284235
2013/2014,2014-01-04,Morelia,Queretaro,0,1,-1,football-data,1.74,3.86,5.27,1.75,3.95,6.0,1.63,3.69,5.13,0.5747126436781609,0.2590673575129534,0.18975332068311196,0.023533321874226187,0.5714285714285714,0.2531645569620253,0.16666666666666666,-0.00874020494273664,0.6134969325153374,0.2710027100271003,0.19493177387914232,0.07943141642158014
2013/2014,2014-01-04,Santos Laguna,Guadalajara,1,1,0,football-data,1.69,3.92,5.6,1.83,3.92,5.6,1.71,3.57,4.73,0.591715976331361,0.25510204081632654,0.17857142857142858,0.025389445719116166,0.5464480874316939,0.25510204081632654,0.17857142857142858,-0.019878443180550986,0.5847953216374269,0.2801120448179272,0.2114164904862579,0.07632385694161203
2013/2014,2014-01-05,Atlante,Leon,1,1,0,football-data,4.37,3.57,1.94,4.75,3.57,2.2,3.78,3.32,1.95,0.22883295194508008,0.2801120448179272,0.5154639175257733,0.024408914288780448,0.21052631578947367,0.2801120448179272,0.45454545454545453,-0.05481618484714468,0.2645502645502646,0.30120481927710846,0.5128205128205129,0.07857559664788605
2013/2014,2014-01-05,Atlas,Tijuana,0,0,0,football-data,2.32,3.26,3.49,2.55,3.26,3.5,2.35,3.0,3.13,0.4310344827586207,0.3067484662576687,0.28653295128939826,0.024315900305687865,0.3921568627450981,0.3067484662576687,0.2857142857142857,-0.015380385282947495,0.425531914893617,0.3333333333333333,0.3194888178913738,0.07835406611832418
2013/2014,2014-01-05,Chiapas,Veracruz,1,1,0,football-data,1.87,3.65,4.61,1.97,3.65,4.61,1.84,3.36,4.18,0.53475935828877,0.273972602739726,0.21691973969631234,0.02565170072480827,0.5076142131979695,0.273972602739726,0.21691973969631234,-0.0014934443659921914,0.5434782608695652,0.2976190476190476,0.23923444976076558,0.08033175824937855
2013/2014,2014-01-05,Monterrey,Cruz Azul,0,0,0,football-data,2.86,3.36,2.65,2.86,3.36,2.9,2.58,3.13,2.68,0.3496503496503497,0.2976190476190476,0.37735849056603776,0.024627887835435125,0.3496503496503497,0.2976190476190476,0.3448275862068966,-0.007903016523706174,0.38759689922480617,0.3194888178913738,0.3731343283582089,0.08022004547438888
2013/2014,2014-01-05,Pachuca,Toluca,0,1,-1,football-data,3.06,3.19,2.6,3.06,3.3,3.0,2.65,3.09,2.66,0.32679738562091504,0.31347962382445144,0.3846153846153846,0.024892394060751055,0.32679738562091504,0.30303030303030304,0.3333333333333333,-0.036838978015448554,0.37735849056603776,0.3236245954692557,0.37593984962406013,0.07692293565935371
2013/2014,2014-01-05,Pumas UNAM,Puebla,2,2,0,football-data,2.04,3.31,4.32,2.22,3.31,4.32,2.05,3.16,3.64,0.49019607843137253,0.3021148036253776,0.23148148148148145,0.023792363538231553,0.4504504504504504,0.3021148036253776,0.23148148148148145,-0.015953264442690518,0.48780487804878053,0.3164556962025316,0.2747252747252747,0.07898584897658689
2013/2014,2014-01-11,Cruz Azul,Santos Laguna,2,1,1,football-data,1.99,3.6,4.07,2.01,3.6,4.2,1.93,3.31,3.84,0.5025125628140703,0.2777777777777778,0.24570024570024568,0.02599058629209372,0.49751243781094534,0.2777777777777778,0.23809523809523808,0.013385453683961268,0.5181347150259068,0.3021148036253776,0.2604166666666667,0.08066618531795111
2013/2014,2014-01-11,Queretaro,Pumas UNAM,1,0,1,football-data,2.32,3.2,3.55,2.5,3.2,3.55,2.31,3.05,3.13,0.4310344827586207,0.3125,0.28169014084507044,0.025224623603691265,0.4,0.3125,0.28169014084507044,-0.0058098591549295975,0.4329004329004329,0.3278688524590164,0.3194888178913738,0.08025810325082317
2013/2014,2014-01-11,Tijuana,America,1,0,1,football-data,3.49,3.24,2.33,3.49,3.27,2.62,3.07,3.07,2.35,0.28653295128939826,0.30864197530864196,0.4291845493562232,0.024359475954263354,0.28653295128939826,0.3058103975535168,0.38167938931297707,-0.02597726184410787,0.32573289902280134,0.32573289902280134,0.425531914893617,0.07699771293921964
2013/2014,2014-01-11,Veracruz,Atlante,2,1,1,football-data,2.35,3.4,3.29,2.38,3.4,3.45,2.22,3.16,3.21,0.425531914893617,0.29411764705882354,0.303951367781155,0.02360092973359551,0.42016806722689076,0.29411764705882354,0.2898550724637681,0.0041407867494824835,0.4504504504504504,0.3164556962025316,0.3115264797507788,0.07843262640376092
2013/2014,2014-01-12,Guadalajara,Chiapas,1,0,1,football-data,2.34,3.21,3.49,2.34,3.25,3.66,2.2,3.13,3.32,0.4273504273504274,0.3115264797507788,0.28653295128939826,0.02540985839060461,0.4273504273504274,0.3076923076923077,0.27322404371584696,0.00826677875858195,0.45454545454545453,0.3194888178913738,0.30120481927710846,0.07523909171393672
2013/2014,2014-01-12,Leon,Atlas,3,1,1,football-data,1.6,4.03,6.63,1.6,4.1,7.5,1.53,3.76,6.27,0.625,0.24813895781637715,0.15082956259426847,0.023968520410645677,0.625,0.24390243902439027,0.13333333333333333,0.002235772357723542,0.6535947712418301,0.26595744680851063,0.1594896331738437,0.07904185122418439
2013/2014,2014-01-12,Puebla,Monterrey,1,1,0,football-data,2.93,3.23,2.67,2.93,3.25,2.7,2.72,3.07,2.59,0.341296928327645,0.30959752321981426,0.37453183520599254,0.02542628675345182,0.341296928327645,0.3076923076923077,0.37037037037037035,0.01935960639032297,0.3676470588235294,0.32573289902280134,0.3861003861003861,0.07948034394671666
2013/2014,2014-01-12,Tigres UANL,Pachuca,0,0,0,football-data,1.74,3.6,5.82,1.8,3.7,5.87,1.7,3.42,5.1,0.5747126436781609,0.2777777777777778,0.1718213058419244,0.024311727297863017,0.5555555555555556,0.27027027027027023,0.17035775127768313,-0.0038164228964910896,0.5882352941176471,0.29239766081871343,0.19607843137254904,0.0767113863089095
2013/2014,2014-01-12,Toluca,Morelia,2,2,0,football-data,2.17,3.43,3.67,2.23,3.43,3.67,2.14,3.25,3.28,0.4608294930875576,0.29154518950437314,0.2724795640326976,0.024854246624628207,0.4484304932735426,0.29154518950437314,0.2724795640326976,0.012455246810613385,0.4672897196261682,0.3076923076923077,0.3048780487804878,0.07986007609896384
2013/2014,2014-01-18,America,Leon,1,0,1,football-data,2.3,3.48,3.3,2.31,3.48,3.55,2.17,3.25,3.23,0.4347826086956522,0.28735632183908044,0.30303030303030304,0.025169233565035753,0.4329004329004329,0.28735632183908044,0.28169014084507044,0.0019468955845838298,0.4608294930875576,0.3076923076923077,0.30959752321981426,0.07811932399967958
2013/2014,2014-01-18,Morelia,Tigres UANL,2,0,1,football-data,2.42,3.3,3.2,2.79,3.3,3.2,2.5,3.08,2.84,0.4132231404958678,0.30303030303030304,0.3125,0.02875344352617093,0.35842293906810035,0.30303030303030304,0.3125,-0.026046757901596607,0.4,0.3246753246753247,0.35211267605633806,0.07678800073166281
2013/2014,2014-01-18,Santos Laguna,Puebla,0,0,0,football-data,1.65,3.92,5.88,1.67,4.11,6.8,1.59,3.71,5.56,0.6060606060606061,0.25510204081632654,0.17006802721088435,0.03123067408781699,0.5988023952095809,0.24330900243309,0.14705882352941177,-0.010829778827917358,0.6289308176100629,0.2695417789757412,0.1798561151079137,0.07832871169371769
2013/2014,2014-01-18,Veracruz,Guadalajara,1,1,0,football-data,2.91,2.97,2.92,2.91,3.2,2.92,2.64,2.99,2.74,0.3436426116838488,0.33670033670033667,0.3424657534246575,0.02280870180884298,0.3436426116838488,0.3125,0.3424657534246575,-0.0013916348914937426,0.3787878787878788,0.33444816053511706,0.36496350364963503,0.07819954297263099
2013/2014,2014-01-19,Atlas,Atlante,0,1,-1,football-data,2.02,3.53,4.07,2.07,3.53,4.3,1.95,3.25,3.81,0.49504950495049505,0.28328611898017,0.24570024570024568,0.024035869630910645,0.48309178743961356,0.28328611898017,0.23255813953488372,-0.0010639540453327712,0.5128205128205129,0.3076923076923077,0.26246719160104987,0.0829800121138704
2013/2014,2014-01-19,Chiapas,Cruz Azul,0,1,-1,football-data,3.59,3.16,2.32,3.65,3.19,2.45,3.17,3.08,2.28,0.2785515320334262,0.3164556962025316,0.4310344827586207,0.026041710994578526,0.273972602739726,0.31347962382445144,0.4081632653061224,-0.004384508129700038,0.31545741324921134,0.3246753246753247,0.4385964912280702,0.07872922915260627
2013/2014,2014-01-19,Monterrey,Queretaro,3,1,1,football-data,1.85,3.45,5.14,1.91,3.5,5.14,1.81,3.33,4.4,0.5405405405405405,0.2898550724637681,0.19455252918287938,0.024948142187187994,0.5235602094240838,0.2857142857142857,0.19455252918287938,0.0038270243212488175,0.5524861878453039,0.3003003003003003,0.22727272727272727,0.0800592154183315
2013/2014,2014-01-19,Pachuca,Tijuana,2,1,1,football-data,2.54,3.09,3.25,2.6,3.2,3.4,2.4,3.01,3.03,0.39370078740157477,0.3236245954692557,0.3076923076923077,0.025017690563138295,0.3846153846153846,0.3125,0.29411764705882354,-0.008766968325791824,0.4166666666666667,0.33222591362126247,0.33003300330033003,0.07892558358825918
2013/2014,2014-01-19,Pumas UNAM,Toluca,0,2,-1,football-data,3.51,3.24,2.31,3.63,3.24,2.55,3.15,3.07,2.31,0.2849002849002849,0.30864197530864196,0.4329004329004329,0.02644269310935976,0.27548209366391185,0.30864197530864196,0.3921568627450981,-0.023719068282348155,0.31746031746031744,0.32573289902280134,0.4329004329004329,0.07609364938355156
2013/2014,2014-01-25,Cruz Azul,Veracruz,4,0,1,football-data,1.55,4.18,7.08,1.55,4.2,7.2,1.5,3.83,6.57,0.6451612903225806,0.23923444976076558,0.14124293785310735,0.02563867793645347,0.6451612903225806,0.23809523809523808,0.1388888888888889,0.022145417306707493,0.6666666666666666,0.2610966057441253,0.15220700152207,0.07997027393286205
2013/2014,2014-01-25,Queretaro,Santos Laguna,0,0,0,football-data,2.94,3.27,2.64,3.05,3.27,2.86,2.75,3.07,2.56,0.3401360544217687,0.3058103975535168,0.3787878787878788,0.024734330763164447,0.3278688524590164,0.3058103975535168,0.3496503496503497,-0.016670400337117086,0.36363636363636365,0.32573289902280134,0.390625,0.07999426265916498
2013/2014,2014-01-25,Tijuana,Morelia,1,0,1,football-data,2.42,3.24,3.3,2.42,3.25,3.6,2.26,3.1,3.17,0.4132231404958678,0.30864197530864196,0.30303030303030304,0.02489541883481272,0.4132231404958678,0.3076923076923077,0.2777777777777778,-0.001306774034046776,0.4424778761061947,0.3225806451612903,0.31545741324921134,0.08051593451669636
2013/2014,2014-01-26,Atlante,Guadalajara,1,1,0,football-data,2.48,3.16,3.29,2.6,3.2,3.29,2.45,3.05,2.91,0.40322580645161293,0.3164556962025316,0.303951367781155,0.02363287043529949,0.3846153846153846,0.3125,0.303951367781155,0.0010667523965395276,0.4081632653061224,0.3278688524590164,0.3436426116838488,0.07967472944898768
2013/2014,2014-01-26,Atlas,America,1,2,-1,football-data,4.92,3.29,1.93,4.92,3.4,2.0,4.02,3.23,1.92,0.2032520325203252,0.303951367781155,0.5181347150259068,0.025338115327387056,0.2032520325203252,0.29411764705882354,0.5,-0.0026303204208513176,0.24875621890547267,0.30959752321981426,0.5208333333333334,0.07918707545862036
2013/2014,2014-01-26,Leon,Pachuca,1,3,-1,football-data,1.58,4.13,6.43,1.6,4.13,7.14,1.56,3.73,5.91,0.6329113924050632,0.24213075060532688,0.15552099533437014,0.03056313834476021,0.625,0.24213075060532688,0.1400560224089636,0.007186773014290493,0.641025641025641,0.2680965147453083,0.1692047377326565,0.07832689350360567
2013/2014,2014-01-26,Puebla,Chiapas,2,3,-1,football-data,2.52,3.09,3.29,2.52,3.25,3.35,2.33,3.03,3.11,0.3968253968253968,0.3236245954692557,0.303951367781155,0.02440136007580751,0.3968253968253968,0.3076923076923077,0.29850746268656714,0.003025167204271595,0.4291845493562232,0.33003300330033003,0.3215434083601286,0.08076096101668195
2013/2014,2014-01-26,Tigres UANL,Pumas UNAM,1,2,-1,football-data,1.66,3.65,6.79,1.66,3.8,7.47,1.58,3.54,6.13,0.6024096385542169,0.273972602739726,0.14727540500736377,0.023657646301306734,0.6024096385542169,0.2631578947368421,0.13386880856760375,-0.0005636581413371866,0.6329113924050632,0.2824858757062147,0.1631321370309951,0.07852940514227291
2013/2014,2014-01-26,Toluca,Monterrey,2,0,1,football-data,2.19,3.36,3.7,2.2,3.4,3.9,2.04,3.24,3.56,0.4566210045662101,0.2976190476190476,0.27027027027027023,0.024510322455527866,0.45454545454545453,0.29411764705882354,0.25641025641025644,0.005073358014534568,0.49019607843137253,0.30864197530864196,0.2808988764044944,0.079736930144509
2013/2014,2014-02-01,America,Atlante,1,0,1,football-data,1.41,5.19,7.98,1.45,5.19,8.6,1.41,4.4,7.1,0.7092198581560284,0.19267822736030826,0.12531328320802004,0.0272113687243567,0.6896551724137931,0.19267822736030826,0.11627906976744186,-0.0013875304584567427,0.7092198581560284,0.22727272727272727,0.14084507042253522,0.07733765585129082
2013/2014,2014-02-01,Morelia,Leon,0,0,0,football-data,2.79,3.36,2.7,2.8,3.36,2.82,2.63,3.14,2.64,0.35842293906810035,0.2976190476190476,0.37037037037037035,0.02641235705751832,0.35714285714285715,0.2976190476190476,0.3546099290780142,0.009371833839918908,0.3802281368821293,0.3184713375796178,0.3787878787878788,0.07748735324962608
2013/2014,2014-02-01,Santos Laguna,Toluca,2,0,1,football-data,2.3,3.39,3.31,2.4,3.39,3.43,2.25,3.18,3.12,0.4347826086956522,0.2949852507374631,0.3021148036253776,0.031882663058492966,0.4166666666666667,0.2949852507374631,0.29154518950437314,0.0031971069085030557,0.4444444444444444,0.31446540880503143,0.3205128205128205,0.07942267376229628
2013/2014,2014-02-01,Veracruz,Puebla,0,1,-1,football-data,2.23,3.39,3.49,2.24,3.4,4.0,2.09,3.18,3.52,0.4484304932735426,0.2949852507374631,0.28653295128939826,0.029948695300404005,0.4464285714285714,0.29411764705882354,0.25,-0.009453781512605008,0.47846889952153115,0.31446540880503143,0.2840909090909091,0.0770252174174717
2013/2014,2014-02-02,Chiapas,Queretaro,1,0,1,football-data,2.12,3.16,4.2,2.17,3.35,4.2,2.07,3.14,3.61,0.4716981132075471,0.3164556962025316,0.23809523809523808,0.026249047505316758,0.4608294930875576,0.29850746268656714,0.23809523809523808,-0.002567806130637118,0.48309178743961356,0.3184713375796178,0.2770083102493075,0.07857143526853894
2013/2014,2014-02-02,Guadalajara,Cruz Azul,0,2,-1,football-data,3.8,3.14,2.23,3.8,3.25,2.5,3.22,3.02,2.3,0.2631578947368421,0.3184713375796178,0.4484304932735426,0.030059725590002584,0.2631578947368421,0.3076923076923077,0.4,-0.029149797570850233,0.3105590062111801,0.33112582781456956,0.4347826086956522,0.07646744272140182
2013/2014,2014-02-02,Monterrey,Tigres UANL,0,0,0,football-data,2.98,3.26,2.58,3.0,3.26,2.75,2.74,3.08,2.57,0.33557046979865773,0.3067484662576687,0.38759689922480617,0.02991583528113262,0.3333333333333333,0.3067484662576687,0.36363636363636365,0.003718163227365512,0.36496350364963503,0.3246753246753247,0.38910505836575876,0.07874388669071841
2013/2014,2014-02-02,Pachuca,Atlas,0,1,-1,football-data,1.91,3.71,4.31,1.97,3.71,4.5,1.86,3.31,4.14,0.5235602094240838,0.2695417789757412,0.2320185614849188,0.02512054988474377,0.5076142131979695,0.2695417789757412,0.2222222222222222,-0.0006217856040670044,0.5376344086021505,0.3021148036253776,0.24154589371980678,0.0812951059473348
2013/2014,2014-02-02,Pumas UNAM,Tijuana,3,0,1,football-data,2.74,3.05,3.02,2.74,3.2,3.3,2.52,2.99,2.87,0.36496350364963503,0.3278688524590164,0.33112582781456956,0.02395818392322102,0.36496350364963503,0.3125,0.30303030303030304,-0.019506193320061982,0.3968253968253968,0.33444816053511706,0.3484320557491289,0.07970561310964275
2013/2014,2014-02-08,America,Pachuca,0,1,-1,football-data,1.75,3.86,5.1,1.8,3.86,5.68,1.7,3.53,4.83,0.5714285714285714,0.2590673575129534,0.19607843137254904,0.026574360314073786,0.5555555555555556,0.2590673575129534,0.17605633802816903,-0.009320748903322018,0.5882352941176471,0.28328611898017,0.20703933747412007,0.07856075057193701
2013/2014,2014-02-08,Tijuana,Monterrey,2,1,1,football-data,1.92,3.29,4.99,2.05,3.3,4.99,1.94,3.17,4.06,0.5208333333333334,0.303951367781155,0.2004008016032064,0.02518550271769482,0.48780487804878053,0.30303030303030304,0.2004008016032064,-0.008764017317710038,0.5154639175257733,0.31545741324921134,0.24630541871921185,0.0772267494941965
2013/2014,2014-02-09,Atlante,Cruz Azul,1,4,-1,football-data,3.42,3.35,2.3,3.8,3.4,2.34,3.26,3.19,2.19,0.29239766081871343,0.29850746268656714,0.4347826086956522,0.02568773220093279,0.2631578947368421,0.29411764705882354,0.4273504273504274,-0.015374030853906984,0.3067484662576687,0.31347962382445144,0.4566210045662101,0.07684909464833023
2013/2014,2014-02-09,Atlas,Morelia,1,1,0,football-data,2.67,3.14,3.02,2.8,3.14,3.15,2.58,2.99,2.78,0.37453183520599254,0.3184713375796178,0.33112582781456956,0.02412900060017975,0.35714285714285715,0.3184713375796178,0.31746031746031744,-0.006925487817207587,0.38759689922480617,0.33444816053511706,0.3597122302158274,0.0817572899757506
2013/2014,2014-02-09,Leon,Pumas UNAM,1,2,-1,football-data,1.56,4.11,7.05,1.57,4.11,7.5,1.53,3.77,6.12,0.641025641025641,0.24330900243309,0.14184397163120568,0.026178615089936574,0.6369426751592356,0.24330900243309,0.13333333333333333,0.013585010925659002,0.6535947712418301,0.26525198938992045,0.16339869281045752,0.08224545344220813
2013/2014,2014-02-09,Puebla,Guadalajara,0,1,-1,football-data,2.7,3.0,3.11,2.7,3.13,3.11,2.52,2.98,2.88,0.37037037037037035,0.3333333333333333,0.3215434083601286,0.025247112063832233,0.37037037037037035,0.3194888178913738,0.3215434083601286,0.011402596621872707,0.3968253968253968,0.33557046979865773,0.3472222222222222,0.07961808884627675
2013/2014,2014-02-09,Queretaro,Veracruz,2,0,1,football-data,2.0,3.39,4.36,2.0,3.4,4.55,1.93,3.23,4.01,0.5,0.2949852507374631,0.2293577981651376,0.02434304890260064,0.5,0.29411764705882354,0.21978021978021978,0.01389786683904326,0.5181347150259068,0.30959752321981426,0.24937655860349128,0.07710879684921235
2013/2014,2014-02-09,Tigres UANL,Santos Laguna,1,1,0,football-data,2.11,3.43,3.85,2.11,3.43,4.4,2.0,3.23,3.7,0.47393364928909953,0.29154518950437314,0.2597402597402597,0.025219098533732387,0.47393364928909953,0.29154518950437314,0.22727272727272727,-0.007248433933800036,0.5,0.30959752321981426,0.27027027027027023,0.07986779349008444
2013/2014,2014-02-09,Toluca,Chiapas,2,0,1,football-data,1.77,3.81,5.07,1.8,3.81,5.7,1.72,3.48,4.85,0.5649717514124294,0.26246719160104987,0.1972386587771203,0.024677601790599413,0.5555555555555556,0.26246719160104987,0.17543859649122806,-0.006538656352166439,0.5813953488372093,0.28735632183908044,0.2061855670103093,0.0749372376865991
2013/2014,2014-02-15,Cruz Azul,Puebla,1,0,1,football-data,1.48,4.6,7.64,1.53,4.6,7.66,1.47,3.99,6.85,0.6756756756756757,0.2173913043478261,0.13089005235602094,0.023957032379522847,0.6535947712418301,0.2173913043478261,0.13054830287206265,0.0015343784617187772,0.6802721088435374,0.2506265664160401,0.14598540145985403,0.07688407671943143
2013/2014,2014-02-15,Morelia,America,1,0,1,football-data,3.61,3.43,2.19,3.61,3.43,2.45,3.22,3.14,2.23,0.2770083102493075,0.29154518950437314,0.4566210045662101,0.025174504319890767,0.2770083102493075,0.29154518950437314,0.4081632653061224,-0.023283234940197017,0.3105590062111801,0.3184713375796178,0.4484304932735426,0.07746083706434059
2013/2014,2014-02-15,Santos Laguna,Tijuana,3,2,1,football-data,2.11,3.27,4.08,2.11,3.4,4.4,1.99,3.22,3.75,0.47393364928909953,0.3058103975535168,0.24509803921568626,0.024842086058302515,0.47393364928909953,0.29411764705882354,0.22727272727272727,-0.004675976379349578,0.5025125628140703,0.3105590062111801,0.26666666666666666,0.07973823569191696
2013/2014,2014-02-15,Veracruz,Toluca,0,3,-1,football-data,3.79,3.37,2.15,3.79,3.37,2.35,3.34,3.18,2.15,0.2638522427440633,0.29673590504451036,0.46511627906976744,0.025704426858341067,0.2638522427440633,0.29673590504451036,0.425531914893617,-0.013879937317809343,0.29940119760479045,0.31446540880503143,0.46511627906976744,0.07898288547958932
2013/2014,2014-02-16,Chiapas,Tigres UANL,0,0,0,football-data,2.82,3.2,2.79,3.0,3.3,2.79,2.77,3.05,2.56,0.3546099290780142,0.3125,0.35842293906810035,0.025532868146114662,0.3333333333333333,0.30303030303030304,0.35842293906810035,-0.005213424568263347,0.36101083032490977,0.3278688524590164,0.390625,0.0795046827839263
2013/2014,2014-02-16,Guadalajara,Queretaro,2,1,1,football-data,2.26,3.2,3.71,2.32,3.25,4.0,2.15,3.1,3.45,0.4424778761061947,0.3125,0.2695417789757412,0.024519655081935987,0.4310344827586207,0.3076923076923077,0.25,-0.011273209549071517,0.46511627906976744,0.3225806451612903,0.2898550724637681,0.07755199669482593
2013/2014,2014-02-16,Monterrey,Leon,0,2,-1,football-data,2.49,3.37,3.01,2.65,3.37,3.01,2.48,3.17,2.76,0.4016064257028112,0.29673590504451036,0.33222591362126247,0.030568244368583963,0.37735849056603776,0.29673590504451036,0.33222591362126247,0.006320309231810484,0.40322580645161293,0.31545741324921134,0.3623188405797102,0.08100206028053458
2013/2014,2014-02-16,Pachuca,Atlante,0,1,-1,football-data,2.05,3.56,3.93,2.09,3.56,4.6,1.94,3.32,3.86,0.48780487804878053,0.2808988764044944,0.2544529262086514,0.023156680661926332,0.47846889952153115,0.2808988764044944,0.2173913043478261,-0.02324091972614828,0.5154639175257733,0.30120481927710846,0.2590673575129534,0.07573609431583517
2013/2014,2014-02-16,Pumas UNAM,Atlas,1,1,0,football-data,2.36,3.19,3.48,2.4,3.3,3.88,2.16,3.13,3.36,0.42372881355932207,0.31347962382445144,0.28735632183908044,0.02456475922285395,0.4166666666666667,0.30303030303030304,0.2577319587628866,-0.022571071540143706,0.4629629629629629,0.3194888178913738,0.2976190476190476,0.08007082847338443
2013/2014,2014-02-22,America,Pumas UNAM,1,3,-1,football-data,1.61,3.88,6.88,1.61,3.95,6.88,1.56,3.7,5.88,0.6211180124223602,0.2577319587628866,0.14534883720930233,0.024198808394549243,0.6211180124223602,0.2531645569620253,0.14534883720930233,0.019631406593687784,0.641025641025641,0.27027027027027023,0.17006802721088435,0.08136393850679546
2013/2014,2014-02-22,Queretaro,Cruz Azul,1,3,-1,football-data,3.62,3.44,2.18,4.05,3.44,2.18,3.61,3.17,2.05,0.27624309392265195,0.29069767441860467,0.4587155963302752,0.02565636467153176,0.2469135802469136,0.29069767441860467,0.4587155963302752,-0.003673149004206566,0.2770083102493075,0.31545741324921134,0.48780487804878053,0.08027060154729937
2013/2014,2014-02-22,Tijuana,Chiapas,0,3,-1,football-data,1.67,3.96,5.79,1.67,3.96,6.3,1.63,3.64,5.29,0.5988023952095809,0.25252525252525254,0.17271157167530224,0.02403921941013576,0.5988023952095809,0.25252525252525254,0.15873015873015872,0.010057806464992325,0.6134969325153374,0.2747252747252747,0.1890359168241966,0.0772581240648087
2013/2014,2014-02-23,Atlante,Puebla,0,0,0,football-data,2.11,3.3,4.02,2.15,3.4,4.1,2.03,3.24,3.58,0.47393364928909953,0.30303030303030304,0.24875621890547267,0.025720171224875132,0.46511627906976744,0.29411764705882354,0.24390243902439027,0.003136365152981213,0.4926108374384237,0.30864197530864196,0.27932960893854747,0.08058242168561325
2013/2014,2014-02-23,Atlas,Monterrey,0,1,-1,football-data,2.35,3.32,3.34,2.5,3.33,3.36,2.31,3.14,3.04,0.425531914893617,0.30120481927710846,0.29940119760479045,0.026137931775515932,0.4,0.3003003003003003,0.2976190476190476,-0.0020806520806520012,0.4329004329004329,0.3184713375796178,0.32894736842105265,0.08031913890110332
2013/2014,2014-02-23,Leon,Santos Laguna,4,2,1,football-data,1.92,3.89,4.07,2.0,3.89,4.2,1.93,3.46,3.61,0.5208333333333334,0.2570694087403599,0.24570024570024568,0.023602987773938988,0.5,0.2570694087403599,0.23809523809523808,-0.00483535316440209,0.5181347150259068,0.28901734104046245,0.2770083102493075,0.0841603663156767
2013/2014,2014-02-23,Pachuca,Morelia,3,0,1,football-data,2.35,3.29,3.38,2.38,3.3,3.4,2.24,3.16,3.14,0.425531914893617,0.303951367781155,0.2958579881656805,0.025341270840452568,0.42016806722689076,0.30303030303030304,0.29411764705882354,0.017316017316017396,0.4464285714285714,0.3164556962025316,0.3184713375796178,0.08135560521072072
2013/2014,2014-02-23,Tigres UANL,Veracruz,1,0,1,football-data,1.59,4.14,6.44,1.64,4.3,6.65,1.54,3.8,6.01,0.6289308176100629,0.24154589371980678,0.15527950310559005,0.025756214435459723,0.6097560975609756,0.23255813953488372,0.15037593984962405,-0.007309823054516662,0.6493506493506493,0.2631578947368421,0.1663893510815308,0.07889789516902224
2013/2014,2014-02-23,Toluca,Guadalajara,1,0,1,football-data,1.83,3.59,4.99,1.93,3.59,5.2,1.78,3.38,4.49,0.5464480874316939,0.2785515320334262,0.2004008016032064,0.025400421068326517,0.5181347150259068,0.2785515320334262,0.1923076923076923,-0.011006060632974712,0.5617977528089888,0.2958579881656805,0.22271714922048996,0.08037289019515925
2013/2014,2014-03-01,Cruz Azul,Toluca,1,0,1,football-data,1.89,3.53,4.72,1.95,3.53,4.85,1.86,3.33,4.12,0.5291005291005292,0.28328611898017,0.21186440677966104,0.024251054860360277,0.5128205128205129,0.28328611898017,0.2061855670103093,0.0022921988109920743,0.5376344086021505,0.3003003003003003,0.24271844660194175,0.08065315550439256
2013/2014,2014-03-01,Morelia,Atlante,1,2,-1,football-data,2.27,3.42,3.42,2.27,3.42,4.2,2.13,3.21,3.37,0.44052863436123346,0.29239766081871343,0.29239766081871343,0.02532395599866044,0.44052863436123346,0.29239766081871343,0.23809523809523808,-0.028978466724814966,0.4694835680751174,0.3115264797507788,0.29673590504451036,0.07774595287040653
2013/2014,2014-03-01,Santos Laguna,Atlas,2,3,-1,football-data,1.93,3.74,4.19,1.93,3.74,5.25,1.82,3.49,4.13,0.5181347150259068,0.267379679144385,0.2386634844868735,0.024177878657165364,0.5181347150259068,0.267379679144385,0.19047619047619047,-0.02400941535351775,0.5494505494505494,0.28653295128939826,0.24213075060532688,0.07811425134527461
2013/2014,2014-03-01,Veracruz,Tijuana,1,1,0,football-data,3.01,3.02,2.72,3.2,3.2,2.82,2.76,2.98,2.61,0.33222591362126247,0.33112582781456956,0.3676470588235294,0.030998800259361525,0.3125,0.3125,0.3546099290780142,-0.020390070921985748,0.3623188405797102,0.33557046979865773,0.3831417624521073,0.08103107283047528
2013/2014,2014-03-02,Chiapas,Leon,0,3,-1,football-data,3.35,3.53,2.26,3.4,3.56,2.5,3.12,3.23,2.24,0.29850746268656714,0.28328611898017,0.4424778761061947,0.024271457772931715,0.29411764705882354,0.2808988764044944,0.4,-0.02498347653668198,0.3205128205128205,0.30959752321981426,0.4464285714285714,0.07653891516120614
2013/2014,2014-03-02,Guadalajara,Tigres UANL,0,0,0,football-data,3.67,3.1,2.32,3.95,3.12,2.45,3.33,3.0,2.26,0.2724795640326976,0.3225806451612903,0.4310344827586207,0.026094691952608606,0.2531645569620253,0.3205128205128205,0.4081632653061224,-0.018159357219031724,0.3003003003003003,0.3333333333333333,0.4424778761061947,0.07611150973982839
2013/2014,2014-03-02,Monterrey,America,1,2,-1,football-data,3.07,3.21,2.55,3.3,3.25,2.6,2.91,3.05,2.44,0.32573289902280134,0.3115264797507788,0.3921568627450981,0.029416241518678277,0.30303030303030304,0.3076923076923077,0.3846153846153846,-0.004662004662004726,0.3436426116838488,0.3278688524590164,0.4098360655737705,0.08134752971663572
2013/2014,2014-03-02,Puebla,Queretaro,1,0,1,football-data,2.31,3.26,3.48,2.45,3.26,3.5,2.3,3.07,3.13,0.4329004329004329,0.3067484662576687,0.28735632183908044,0.027005220997182056,0.4081632653061224,0.3067484662576687,0.2857142857142857,0.0006260172780767626,0.4347826086956522,0.32573289902280134,0.3194888178913738,0.08000432560982729
2013/2014,2014-03-02,Pumas UNAM,Pachuca,0,0,0,football-data,2.41,3.29,3.27,2.5,3.3,3.45,2.26,3.1,3.18,0.41493775933609955,0.303951367781155,0.3058103975535168,0.0246995246707713,0.4,0.30303030303030304,0.2898550724637681,-0.007114624505928813,0.4424778761061947,0.3225806451612903,0.31446540880503143,0.07952393007251635
2013/2014,2014-03-08,America,Santos Laguna,2,4,-1,football-data,1.91,3.61,4.47,1.95,3.61,4.85,1.85,3.33,4.21,0.5235602094240838,0.2770083102493075,0.2237136465324385,0.02428216620582968,0.5128205128205129,0.2770083102493075,0.2061855670103093,-0.003985609919870292,0.5405405405405405,0.3003003003003003,0.23752969121140144,0.07837053205224231
2013/2014,2014-03-08,Leon,Veracruz,0,1,-1,football-data,1.47,4.72,7.27,1.47,4.72,8.1,1.45,4.15,6.77,0.6802721088435374,0.21186440677966104,0.13755158184319122,0.029688097466389562,0.6802721088435374,0.21186440677966104,0.1234567901234568,0.015593305746655295,0.6896551724137931,0.24096385542168672,0.14771048744460857,0.07832951528008847
2013/2014,2014-03-08,Morelia,Pumas UNAM,3,1,1,football-data,2.5,3.18,3.15,2.65,3.3,3.4,2.27,3.1,3.14,0.4,0.31446540880503143,0.31746031746031744,0.03192572626534895,0.37735849056603776,0.30303030303030304,0.29411764705882354,-0.025493559344835548,0.44052863436123346,0.3225806451612903,0.3184713375796178,0.0815806171021416
2013/2014,2014-03-08,Tijuana,Guadalajara,2,0,1,football-data,2.16,3.15,4.06,2.16,3.25,4.4,2.05,3.13,3.69,0.4629629629629629,0.31746031746031744,0.24630541871921185,0.026728699142492207,0.4629629629629629,0.3076923076923077,0.22727272727272727,-0.002072002072002088,0.48780487804878053,0.3194888178913738,0.2710027100271003,0.07829640596725462
2013/2014,2014-03-08,Toluca,Puebla,3,0,1,football-data,1.69,3.72,5.89,1.74,3.75,5.9,1.64,3.56,5.28,0.591715976331361,0.26881720430107525,0.16977928692699493,0.030312467559431067,0.5747126436781609,0.26666666666666666,0.1694915254237288,0.010870835768556297,0.6097560975609756,0.2808988764044944,0.1893939393939394,0.08004891335940933
2013/2014,2014-03-09,Atlante,Queretaro,4,2,1,football-data,1.86,3.45,5.07,2.0,3.45,5.1,1.85,3.28,4.29,0.5376344086021505,0.2898550724637681,0.1972386587771203,0.024728139843038788,0.5,0.2898550724637681,0.19607843137254904,-0.01406649616368294,0.5405405405405405,0.3048780487804878,0.2331002331002331,0.07851882242126118
2013/2014,2014-03-09,Atlas,Chiapas,2,2,0,football-data,2.32,3.22,3.53,2.4,3.25,3.55,2.2,3.09,3.34,0.4310344827586207,0.3105590062111801,0.28328611898017,0.024879607949970683,0.4166666666666667,0.3076923076923077,0.28169014084507044,0.006049115204044941,0.45454545454545453,0.3236245954692557,0.29940119760479045,0.07757124761950074
2013/2014,2014-03-09,Pachuca,Monterrey,2,0,1,football-data,2.36,3.42,3.25,2.45,3.42,3.5,2.24,3.14,3.19,0.42372881355932207,0.29239766081871343,0.3076923076923077,0.02381878207034327,0.4081632653061224,0.29239766081871343,0.2857142857142857,-0.01372478816087852,0.4464285714285714,0.3184713375796178,0.31347962382445144,0.07837953283264065
2013/2014,2014-03-09,Tigres UANL,Cruz Azul,3,0,1,football-data,2.42,3.23,3.29,2.65,3.23,3.3,2.41,3.06,2.95,0.4132231404958678,0.30959752321981426,0.303951367781155,0.026772031496836934,0.37735849056603776,0.30959752321981426,0.30303030303030304,-0.01001368318384488,0.41493775933609955,0.32679738562091504,0.3389830508474576,0.08071819580447226
2013/2014,2014-03-15,Cruz Azul,Tijuana,2,1,1,football-data,1.56,3.99,7.4,1.65,3.99,7.4,1.58,3.6,5.91,0.641025641025641,0.2506265664160401,0.13513513513513511,0.026787342576816142,0.6060606060606061,0.2506265664160401,0.13513513513513511,-0.008177692388218749,0.6329113924050632,0.2777777777777778,0.1692047377326565,0.07989390791549744
2013/2014,2014-03-15,Queretaro,Toluca,0,2,-1,football-data,3.08,3.28,2.53,3.3,3.28,2.53,3.03,3.13,2.33,0.3246753246753247,0.3048780487804878,0.3952569169960475,0.024810290451859895,0.30303030303030304,0.3048780487804878,0.3952569169960475,0.0031652688068382062,0.33003300330033003,0.3194888178913738,0.4291845493562232,0.07870637054792695
2013/2014,2014-03-15,Veracruz,Atlas,0,1,-1,football-data,2.32,3.21,3.54,2.5,3.21,3.54,2.31,3.08,3.13,0.4310344827586207,0.3115264797507788,0.2824858757062147,0.025046838215614153,0.4,0.3115264797507788,0.2824858757062147,-0.005987644543006487,0.4329004329004329,0.3246753246753247,0.3194888178913738,0.0770645754671313
2013/2014,2014-03-16,Chiapas,America,2,2,0,football-data,3.56,3.38,2.23,3.56,3.38,2.32,3.21,3.16,2.22,0.2808988764044944,0.2958579881656805,0.4484304932735426,0.025187357843717395,0.2808988764044944,0.2958579881656805,0.4310344827586207,0.007791347328795606,0.3115264797507788,0.3164556962025316,0.4504504504504504,0.0784326264037607
2013/2014,2014-03-16,Guadalajara,Leon,1,0,1,football-data,2.9,3.09,2.81,2.9,3.2,3.0,2.59,3.03,2.74,0.3448275862068966,0.3236245954692557,0.35587188612099646,0.024324067797148796,0.3448275862068966,0.3125,0.3333333333333333,-0.009339080459770166,0.3861003861003861,0.33003300330033003,0.36496350364963503,0.08109689305035106
2013/2014,2014-03-16,Monterrey,Morelia,0,1,-1,football-data,2.11,3.37,3.96,2.25,3.39,3.96,2.09,3.2,3.49,0.47393364928909953,0.29673590504451036,0.25252525252525254,0.02319480685886255,0.4444444444444444,0.2949852507374631,0.25252525252525254,-0.008045052292839916,0.47846889952153115,0.3125,0.28653295128939826,0.07750185081092953
2013/2014,2014-03-16,Puebla,Tigres UANL,0,1,-1,football-data,3.85,3.08,2.27,4.18,3.25,2.27,3.48,3.08,2.14,0.2597402597402597,0.3246753246753247,0.44052863436123346,0.02494421877681785,0.23923444976076558,0.3076923076923077,0.44052863436123346,-0.012544608185693251,0.28735632183908044,0.3246753246753247,0.4672897196261682,0.07932136614057339
2013/2014,2014-03-16,Pumas UNAM,Atlante,5,0,1,football-data,2.11,3.43,3.85,2.31,3.43,3.88,2.13,3.14,3.42,0.47393364928909953,0.29154518950437314,0.2597402597402597,0.025219098533732387,0.4329004329004329,0.29154518950437314,0.2577319587628866,-0.017822418832307285,0.4694835680751174,0.3184713375796178,0.29239766081871343,0.08035256647344857
2013/2014,2014-03-16,Santos Laguna,Pachuca,3,1,1,football-data,1.88,3.65,4.56,2.0,3.65,4.75,1.86,3.4,4.07,0.5319148936170213,0.273972602739726,0.2192982456140351,0.025185741970782383,0.5,0.273972602739726,0.21052631578947367,-0.015501081470800315,0.5376344086021505,0.29411764705882354,0.24570024570024568,0.07745230136121983
2013/2014,2014-03-22,America,Veracruz,0,0,0,football-data,1.46,4.47,8.52,1.49,4.47,9.0,1.42,4.04,7.78,0.684931506849315,0.2237136465324385,0.11737089201877934,0.026016045400532928,0.6711409395973155,0.2237136465324385,0.1111111111111111,0.005965697240865042,0.7042253521126761,0.24752475247524752,0.12853470437017994,0.08028480895810364
2013/2014,2014-03-22,Morelia,Santos Laguna,2,2,0,football-data,2.47,3.39,3.02,2.5,3.45,3.35,2.35,3.19,2.96,0.4048582995951417,0.2949852507374631,0.33112582781456956,0.030969378147174265,0.4,0.2898550724637681,0.29850746268656714,-0.011637464849664658,0.425531914893617,0.31347962382445144,0.33783783783783783,0.07684937655590618
2013/2014,2014-03-22,Tijuana,Puebla,3,1,1,football-data,1.55,4.09,7.5,1.75,4.1,7.5,1.57,3.7,5.87,0.6451612903225806,0.24449877750611249,0.13333333333333333,0.022993401162026528,0.5714285714285714,0.24390243902439027,0.13333333333333333,-0.05133565621370506,0.6369426751592356,0.27027027027027023,0.17035775127768313,0.07757069670718897
2013/2014,2014-03-23,Atlante,Toluca,2,1,1,football-data,2.89,3.17,2.76,2.89,3.21,2.88,2.6,3.08,2.69,0.3460207612456747,0.31545741324921134,0.3623188405797102,0.023797015074596306,0.3460207612456747,0.3115264797507788,0.3472222222222222,0.0047694632186758845,0.3846153846153846,0.3246753246753247,0.3717472118959108,0.08103792118662012
2013/2014,2014-03-23,Atlas,Guadalajara,1,1,0,football-data,2.34,3.11,3.63,2.55,3.11,3.63,2.31,2.95,3.28,0.4273504273504274,0.3215434083601286,0.27548209366391185,0.024375929374467864,0.3921568627450981,0.3215434083601286,0.27548209366391185,-0.010817635230861433,0.4329004329004329,0.3389830508474576,0.3048780487804878,0.07676153252837836
2013/2014,2014-03-23,Leon,Cruz Azul,0,0,0,football-data,2.39,3.32,3.23,2.42,3.32,3.5,2.28,3.13,3.11,0.41841004184100417,0.30120481927710846,0.30959752321981426,0.029212384337926833,0.4132231404958678,0.30120481927710846,0.2857142857142857,0.0001422454872619383,0.4385964912280702,0.3194888178913738,0.3215434083601286,0.07962871747957267
2013/2014,2014-03-23,Pachuca,Chiapas,2,0,1,football-data,2.02,3.45,4.16,2.05,3.45,4.2,1.95,3.25,3.88,0.49504950495049505,0.2898550724637681,0.24038461538461536,0.025289192798878535,0.48780487804878053,0.2898550724637681,0.23809523809523808,0.015755188607786685,0.5128205128205129,0.3076923076923077,0.2577319587628866,0.07824477927570728
2013/2014,2014-03-23,Pumas UNAM,Monterrey,1,2,-1,football-data,2.27,3.28,3.58,2.29,3.28,3.95,2.1,3.16,3.5,0.44052863436123346,0.3048780487804878,0.27932960893854747,0.02473629208026873,0.4366812227074236,0.3048780487804878,0.2531645569620253,-0.005276171550063324,0.47619047619047616,0.3164556962025316,0.2857142857142857,0.07836045810729342
2013/2014,2014-03-23,Tigres UANL,Queretaro,0,2,-1,football-data,1.51,4.37,7.15,1.53,4.4,8.5,1.46,3.93,7.2,0.6622516556291391,0.22883295194508008,0.13986013986013984,0.030944747434358932,0.6535947712418301,0.22727272727272727,0.11764705882352941,-0.0014854426619131944,0.684931506849315,0.2544529262086514,0.1388888888888889,0.07827332194685521
2013/2014,2014-03-29,Cruz Azul,Atlas,1,3,-1,football-data,1.63,4.09,6.0,1.65,4.09,7.0,1.59,3.75,5.53,0.6134969325153374,0.24449877750611249,0.16666666666666666,0.02466237668811666,0.6060606060606061,0.24449877750611249,0.14285714285714285,-0.006583473576138532,0.6289308176100629,0.26666666666666666,0.18083182640144665,0.07642931067817615
2013/2014,2014-03-29,Queretaro,Tijuana,2,1,1,football-data,2.53,3.15,3.21,2.55,3.2,3.25,2.44,3.07,2.92,0.3952569169960475,0.31746031746031744,0.3115264797507788,0.024243714207143663,0.3921568627450981,0.3125,0.3076923076923077,0.01234917043740591,0.4098360655737705,0.32573289902280134,0.3424657534246575,0.0780347180212293
2013/2014,2014-03-29,Santos Laguna,Pumas UNAM,2,1,1,football-data,1.69,4.1,5.29,1.75,4.1,5.6,1.64,3.79,4.84,0.591715976331361,0.24390243902439027,0.1890359168241966,0.024654332179947724,0.5714285714285714,0.24390243902439027,0.17857142857142858,-0.0060975609756097615,0.6097560975609756,0.2638522427440633,0.2066115702479339,0.08021991055297284
2013/2014,2014-03-29,Veracruz,Pachuca,3,1,1,football-data,2.81,3.09,2.89,2.81,3.2,2.9,2.62,3.05,2.71,0.35587188612099646,0.3236245954692557,0.3460207612456747,0.025517242835926934,0.35587188612099646,0.3125,0.3448275862068966,0.01319947232789298,0.38167938931297707,0.3278688524590164,0.36900369003690037,0.07855193180889386
2013/2014,2014-03-30,Chiapas,Morelia,1,0,1,football-data,2.3,3.29,3.49,2.4,3.29,3.6,2.22,3.16,3.18,0.4347826086956522,0.303951367781155,0.28653295128939826,0.025266927766205427,0.4166666666666667,0.303951367781155,0.2777777777777778,-0.0016041877744005228,0.4504504504504504,0.3164556962025316,0.31446540880503143,0.08137155545801344
2013/2014,2014-03-30,Monterrey,Atlante,3,2,1,football-data,2.2,3.32,3.72,2.2,3.32,3.8,2.12,3.19,3.41,0.45454545454545453,0.30120481927710846,0.26881720430107525,0.024567478123638242,0.45454545454545453,0.30120481927710846,0.2631578947368421,0.018908168559405025,0.4716981132075471,0.31347962382445144,0.29325513196480935,0.0784328689968079
2013/2014,2014-03-30,Puebla,Leon,1,1,0,football-data,3.76,3.35,2.17,3.76,3.35,2.3,3.27,3.15,2.19,0.26595744680851063,0.29850746268656714,0.4608294930875576,0.025294402582635378,0.26595744680851063,0.29850746268656714,0.4347826086956522,-0.0007524818092700114,0.3058103975535168,0.31746031746031744,0.4566210045662101,0.07989171958004437
2013/2014,2014-03-30,Toluca,Tigres UANL,2,1,1,football-data,2.29,3.27,3.53,2.5,3.27,3.55,2.27,3.08,3.2,0.4366812227074236,0.3058103975535168,0.28328611898017,0.025777739241110265,0.4,0.3058103975535168,0.28169014084507044,-0.012499461601412687,0.44052863436123346,0.3246753246753247,0.3125,0.07770395903655825
2013/2014,2014-03-31,Guadalajara,America,0,4,-1,football-data,3.67,3.22,2.26,3.75,3.3,2.38,3.39,3.15,2.16,0.2724795640326976,0.3105590062111801,0.4424778761061947,0.02551644635007233,0.26666666666666666,0.30303030303030304,0.42016806722689076,-0.010134963076139591,0.2949852507374631,0.31746031746031744,0.4629629629629629,0.07540853116074331
2013/2014,2014-04-05,Morelia,Veracruz,1,1,0,football-data,2.14,3.28,3.94,2.15,3.45,4.5,1.96,3.2,3.91,0.4672897196261682,0.3048780487804878,0.25380710659898476,0.025974875005640774,0.46511627906976744,0.2898550724637681,0.2222222222222222,-0.02280642624424223,0.5102040816326531,0.3125,0.2557544757033248,0.07845855733597795
2013/2014,2014-04-05,Tijuana,Toluca,3,1,1,football-data,2.01,3.32,4.41,2.4,3.45,4.41,2.01,3.22,3.69,0.49751243781094534,0.30120481927710846,0.22675736961451246,0.025474626702566283,0.4166666666666667,0.2898550724637681,0.22675736961451246,-0.06672089125505276,0.49751243781094534,0.3105590062111801,0.2710027100271003,0.07907415404922569
2013/2014,2014-04-06,America,Cruz Azul,1,2,-1,football-data,2.24,3.38,3.55,2.24,3.4,3.8,2.07,3.26,3.47,0.4464285714285714,0.2958579881656805,0.28169014084507044,0.023976700439322318,0.4464285714285714,0.29411764705882354,0.2631578947368421,0.0037041132242370267,0.48309178743961356,0.3067484662576687,0.2881844380403458,0.07802469173762816
2013/2014,2014-04-06,Atlante,Tigres UANL,0,2,-1,football-data,3.45,3.4,2.27,3.47,3.4,2.4,3.15,3.18,2.23,0.2898550724637681,0.29411764705882354,0.44052863436123346,0.02450135388382524,0.2881844380403458,0.29411764705882354,0.4166666666666667,-0.001031248234163895,0.31746031746031744,0.31446540880503143,0.4484304932735426,0.08035621953889138
2013/2014,2014-04-06,Atlas,Puebla,0,0,0,football-data,2.05,3.38,4.2,2.07,3.45,4.55,1.91,3.22,4.08,0.48780487804878053,0.2958579881656805,0.23809523809523808,0.021758104309699045,0.48309178743961356,0.2898550724637681,0.21978021978021978,-0.007272920316398479,0.5235602094240838,0.3105590062111801,0.24509803921568626,0.07921725485095021
2013/2014,2014-04-06,Leon,Queretaro,1,1,0,football-data,1.72,3.79,5.56,1.75,3.79,6.03,1.65,3.54,5.26,0.5813953488372093,0.2638522427440633,0.1798561151079137,0.025103706689186378,0.5714285714285714,0.2638522427440633,0.16583747927031509,0.0011182934429496694,0.6060606060606061,0.2824858757062147,0.19011406844106465,0.07866055020788543
2013/2014,2014-04-06,Monterrey,Santos Laguna,2,2,0,football-data,2.89,3.29,2.63,2.89,3.34,2.75,2.65,3.12,2.61,0.3460207612456747,0.303951367781155,0.3802281368821293,0.03020026590895908,0.3460207612456747,0.29940119760479045,0.36363636363636365,0.009058322486828807,0.37735849056603776,0.3205128205128205,0.3831417624521073,0.08101307353096554
2013/2014,2014-04-06,Pachuca,Guadalajara,1,3,-1,football-data,1.91,3.35,4.92,2.1,3.4,4.92,1.92,3.17,4.13,0.5235602094240838,0.29850746268656714,0.2032520325203252,0.025319704630976103,0.47619047619047616,0.29411764705882354,0.2032520325203252,-0.026439844230375154,0.5208333333333334,0.31545741324921134,0.24213075060532688,0.07842149718787161
2013/2014,2014-04-06,Pumas UNAM,Chiapas,2,1,1,football-data,2.02,3.44,4.14,2.1,3.44,4.2,1.99,3.22,3.74,0.49504950495049505,0.29069767441860467,0.24154589371980678,0.027293073088906494,0.47619047619047616,0.29069767441860467,0.23809523809523808,0.004983388704318914,0.5025125628140703,0.3105590062111801,0.267379679144385,0.08045124816963534
2013/2014,2014-04-12,Cruz Azul,Pachuca,2,2,0,football-data,2.05,3.52,3.94,2.1,3.52,4.5,1.91,3.33,3.95,0.48780487804878053,0.2840909090909091,0.25380710659898476,0.025702893738674515,0.47619047619047616,0.2840909090909091,0.2222222222222222,-0.017496392496392565,0.5235602094240838,0.3003003003003003,0.2531645569620253,0.0770250666864094
2013/2014,2014-04-12,Queretaro,Atlas,1,0,1,football-data,2.44,3.27,3.17,2.46,3.32,3.25,2.33,3.1,3.06,0.4098360655737705,0.3058103975535168,0.31545741324921134,0.031103876376498585,0.4065040650406504,0.30120481927710846,0.3076923076923077,0.015401192010066511,0.4291845493562232,0.3225806451612903,0.32679738562091504,0.07856258013842843
2013/2014,2014-04-12,Veracruz,Pumas UNAM,1,1,0,football-data,2.26,3.31,3.57,2.4,3.31,3.57,2.19,3.11,3.28,0.4424778761061947,0.3021148036253776,0.2801120448179272,0.024704724549499346,0.4166666666666667,0.3021148036253776,0.2801120448179272,-0.001106484890028514,0.4566210045662101,0.3215434083601286,0.3048780487804878,0.08304246170682661
2013/2014,2014-04-13,Chiapas,Monterrey,1,1,0,football-data,2.51,3.16,3.21,2.51,3.25,3.21,2.4,3.11,2.92,0.39840637450199207,0.3164556962025316,0.3115264797507788,0.02638855045530253,0.39840637450199207,0.3076923076923077,0.3115264797507788,0.017625161945078682,0.4166666666666667,0.3215434083601286,0.3424657534246575,0.08067582845145282
2013/2014,2014-04-13,Guadalajara,Morelia,1,1,0,football-data,2.09,3.58,3.74,2.3,3.58,3.9,2.11,3.23,3.38,0.47846889952153115,0.27932960893854747,0.267379679144385,0.025178187604463664,0.4347826086956522,0.27932960893854747,0.25641025641025644,-0.02947752595554398,0.47393364928909953,0.30959752321981426,0.2958579881656805,0.07938916067459423
2013/2014,2014-04-13,Puebla,America,0,1,-1,football-data,4.3,3.44,1.99,4.3,3.44,2.1,3.78,3.21,1.99,0.23255813953488372,0.29069767441860467,0.5025125628140703,0.02576837676755872,0.23255813953488372,0.29069767441860467,0.47619047619047616,-0.0005537098560354226,0.2645502645502646,0.3115264797507788,0.5025125628140703,0.0785893071151138
2013/2014,2014-04-13,Tigres UANL,Tijuana,1,1,0,football-data,1.78,3.56,5.5,1.85,3.56,5.5,1.79,3.33,4.59,0.5617977528089888,0.2808988764044944,0.18181818181818182,0.024514811031665085,0.5405405405405405,0.2808988764044944,0.18181818181818182,0.0032575987632166292,0.5586592178770949,0.3003003003003003,0.2178649237472767,0.07682444192467197
2013/2014,2014-04-13,Toluca,Leon,2,1,1,football-data,2.46,3.42,3.08,2.51,3.55,3.25,2.32,3.19,3.0,0.4065040650406504,0.29239766081871343,0.3246753246753247,0.023577050534688393,0.39840637450199207,0.28169014084507044,0.3076923076923077,-0.012211176960629788,0.4310344827586207,0.31347962382445144,0.3333333333333333,0.07784743991640553
2013/2014,2014-04-14,Santos Laguna,Atlante,4,3,1,football-data,1.6,4.53,5.61,1.62,4.53,6.0,1.56,3.94,5.51,0.625,0.22075055187637968,0.17825311942959002,0.024003671305969698,0.6172839506172839,0.22075055187637968,0.16666666666666666,0.004701169160330254,0.641025641025641,0.25380710659898476,0.18148820326678766,0.07632095089141333
2013/2014,2014-04-19,America,Queretaro,0,0,0,football-data,1.52,4.36,7.23,1.6,4.36,8.1,1.53,3.78,6.3,0.6578947368421053,0.2293577981651376,0.1383125864453665,0.025565121452609363,0.625,0.2293577981651376,0.1234567901234568,-0.022185411711405645,0.6535947712418301,0.2645502645502646,0.15873015873015872,0.07687519452225322
2013/2014,2014-04-19,Morelia,Cruz Azul,5,1,1,football-data,2.57,3.37,2.95,2.57,3.4,3.2,2.42,3.19,2.84,0.38910505836575876,0.29673590504451036,0.3389830508474576,0.024824014257726734,0.38910505836575876,0.29411764705882354,0.3125,-0.0042772945754177005,0.4132231404958678,0.31347962382445144,0.35211267605633806,0.07881544037665722
2013/2014,2014-04-20,Atlante,Tijuana,1,2,-1,football-data,2.68,3.46,2.76,2.75,3.46,2.87,2.57,3.19,2.66,0.3731343283582089,0.28901734104046245,0.3623188405797102,0.024470509978381516,0.36363636363636365,0.28901734104046245,0.3484320557491289,0.0010857604259550957,0.38910505836575876,0.31347962382445144,0.37593984962406013,0.07852453181427022
2013/2014,2014-04-20,Atlas,Toluca,1,0,1,football-data,2.18,3.42,3.66,2.5,3.42,3.95,2.12,3.17,3.42,0.4587155963302752,0.29239766081871343,0.27322404371584696,0.024337300864835765,0.4,0.29239766081871343,0.2531645569620253,-0.05443778221926121,0.4716981132075471,0.31545741324921134,0.29239766081871343,0.07955318727547178
2013/2014,2014-04-20,Leon,Tigres UANL,3,0,1,football-data,2.91,3.48,2.5,3.2,3.48,2.63,2.99,3.17,2.33,0.3436426116838488,0.28735632183908044,0.4,0.030998933522929262,0.3125,0.28735632183908044,0.3802281368821293,-0.01991554127879025,0.33444816053511706,0.31545741324921134,0.4291845493562232,0.07909012314055164
2013/2014,2014-04-20,Monterrey,Veracruz,4,1,1,football-data,2.0,3.57,4.06,2.1,3.6,4.2,1.94,3.35,3.78,0.5,0.2801120448179272,0.24630541871921185,0.02641746353713903,0.47619047619047616,0.2777777777777778,0.23809523809523808,-0.007936507936507908,0.5154639175257733,0.29850746268656714,0.2645502645502646,0.07852164476260493
2013/2014,2014-04-20,Pachuca,Puebla,1,2,-1,football-data,1.53,4.04,7.72,1.7,4.05,7.72,1.53,3.77,6.27,0.6535947712418301,0.24752475247524752,0.1295336787564767,0.03065320247355441,0.5882352941176471,0.2469135802469136,0.1295336787564767,-0.035317446878962655,0.6535947712418301,0.26525198938992045,0.1594896331738437,0.07833639380559432
2013/2014,2014-04-20,Pumas UNAM,Guadalajara,1,0,1,football-data,2.37,3.14,3.52,2.5,3.2,3.52,2.36,3.06,3.01,0.42194092827004215,0.3184713375796178,0.2840909090909091,0.024503174940569084,0.4,0.3125,0.2840909090909091,-0.003409090909090917,0.42372881355932207,0.32679738562091504,0.33222591362126247,0.08275211280149963
2013/2014,2014-04-20,Santos Laguna,Chiapas,2,3,-1,football-data,2.02,3.67,3.87,2.02,3.67,4.5,1.86,3.43,4.03,0.49504950495049505,0.2724795640326976,0.25839793281653745,0.025927001799729954,0.49504950495049505,0.2724795640326976,0.2222222222222222,-0.01024870879458517,0.5376344086021505,0.29154518950437314,0.24813895781637715,0.07731855592290082
2013/2014,2014-04-26,Cruz Azul,Pumas UNAM,2,1,1,football-data,1.99,3.53,4.18,2.0,3.53,4.34,1.91,3.3,3.95,0.5025125628140703,0.28328611898017,0.23923444976076558,0.02503313155500586,0.5,0.28328611898017,0.2304147465437788,0.01370086552394878,0.5235602094240838,0.30303030303030304,0.2531645569620253,0.0797550694164122
2013/2014,2014-04-26,Queretaro,Pachuca,3,4,-1,football-data,2.9,3.32,2.65,2.95,3.32,2.68,2.75,3.17,2.51,0.3448275862068966,0.30120481927710846,0.37735849056603776,0.02339089605004263,0.3389830508474576,0.30120481927710846,0.3731343283582089,0.013322198482774938,0.36363636363636365,0.31545741324921134,0.39840637450199207,0.07750015138756705
2013/2014,2014-04-26,Tijuana,Leon,1,2,-1,football-data,2.29,3.42,3.36,2.38,3.42,3.6,2.2,3.21,3.21,0.4366812227074236,0.29239766081871343,0.2976190476190476,0.026697931145184706,0.42016806722689076,0.29239766081871343,0.2777777777777778,-0.009656494176618069,0.45454545454545453,0.3115264797507788,0.3115264797507788,0.07759841404701207
2013/2014,2014-04-26,Veracruz,Santos Laguna,2,2,0,football-data,3.82,3.41,2.13,3.82,3.45,2.2,3.41,3.28,2.08,0.2617801047120419,0.29325513196480935,0.4694835680751174,0.02451880475196866,0.2617801047120419,0.2898550724637681,0.45454545454545453,0.006180631721264485,0.29325513196480935,0.3048780487804878,0.4807692307692307,0.07890241151452804
2013/2014,2014-04-27,Chiapas,Atlante,5,2,1,football-data,1.76,3.89,4.99,1.85,3.89,4.99,1.75,3.59,4.39,0.5681818181818182,0.2570694087403599,0.2004008016032064,0.025652028525384507,0.5405405405405405,0.2570694087403599,0.2004008016032064,-0.0019892491158932657,0.5714285714285714,0.2785515320334262,0.22779043280182235,0.07777053626381991
2013/2014,2014-04-27,Guadalajara,Monterrey,0,1,-1,football-data,2.23,3.36,3.6,2.25,3.36,3.6,2.16,3.19,3.3,0.4484304932735426,0.2976190476190476,0.2777777777777778,0.023827318670368136,0.4444444444444444,0.2976190476190476,0.2777777777777778,0.01984126984126977,0.4629629629629629,0.31347962382445144,0.30303030303030304,0.07947288981771727
2013/2014,2014-04-27,Puebla,Morelia,3,1,1,football-data,3.56,3.44,2.18,3.75,3.45,2.25,3.46,3.26,2.07,0.2808988764044944,0.29069767441860467,0.4587155963302752,0.03031214715337427,0.26666666666666666,0.2898550724637681,0.4444444444444444,0.0009661835748793202,0.28901734104046245,0.3067484662576687,0.48309178743961356,0.07885759473774456
2013/2014,2014-04-27,Tigres UANL,Atlas,2,1,1,football-data,2.05,3.49,3.97,2.1,3.49,4.1,2.0,3.3,3.61,0.48780487804878053,0.28653295128939826,0.2518891687657431,0.02622699810392204,0.47619047619047616,0.28653295128939826,0.24390243902439027,0.006625866504264666,0.5,0.30303030303030304,0.2770083102493075,0.08003861327961048
2013/2014,2014-04-27,Toluca,America,1,1,0,football-data,3.33,3.37,2.31,3.33,3.37,2.75,2.97,3.13,2.37,0.3003003003003003,0.29673590504451036,0.4329004329004329,0.029936638245243508,0.3003003003003003,0.29673590504451036,0.36363636363636365,-0.03932743101882574,0.33670033670033667,0.3194888178913738,0.42194092827004215,0.0781300828617526
2013/2014,2014-05-01,America,Santos Laguna,5,3,1,football-data,1.97,3.63,4.14,2.02,3.63,4.3,1.93,3.44,3.71,0.5076142131979695,0.27548209366391185,0.24154589371980678,0.0246422005816882,0.49504950495049505,0.27548209366391185,0.23255813953488372,0.0030897381492906995,0.5181347150259068,0.29069767441860467,0.2695417789757412,0.0783741684202528
2013/2014,2014-05-01,Leon,Cruz Azul,1,1,0,football-data,2.31,3.45,3.3,2.34,3.45,3.35,2.21,3.22,3.14,0.4329004329004329,0.2898550724637681,0.30303030303030304,0.02578580839450395,0.4273504273504274,0.2898550724637681,0.29850746268656714,0.015712962500762595,0.45248868778280543,0.3105590062111801,0.3184713375796178,0.0815190315736034
2013/2014,2014-05-02,Pachuca,Pumas UNAM,1,1,0,football-data,2.01,3.36,4.36,2.15,3.36,4.36,2.01,3.2,3.7,0.49751243781094534,0.2976190476190476,0.2293577981651376,0.024489283595130473,0.46511627906976744,0.2976190476190476,0.2293577981651376,-0.007906875146047376,0.49751243781094534,0.3125,0.27027027027027023,0.08028270808121563
2013/2014,2014-05-02,Tijuana,Toluca,0,0,0,football-data,2.01,3.51,4.14,2.05,3.7,5.23,1.8,3.47,4.29,0.49751243781094534,0.2849002849002849,0.24154589371980678,0.023958616431037028,0.48780487804878053,0.27027027027027023,0.19120458891013384,-0.05072026277081543,0.5555555555555556,0.2881844380403458,0.2331002331002331,0.07684022669613455
2013/2014,2014-05-04,Cruz Azul,Leon,2,2,0,football-data,2.0,3.62,4.0,2.02,4.05,6.18,1.87,3.41,4.01,0.5,0.27624309392265195,0.25,0.026243093922651894,0.49504950495049505,0.2469135802469136,0.16181229773462785,-0.09622461706796348,0.53475935828877,0.29325513196480935,0.24937655860349128,0.0773910488570706
2013/2014,2014-05-04,Pumas UNAM,Pachuca,2,4,-1,football-data,2.34,3.35,3.35,2.34,3.35,4.05,2.11,3.22,3.37,0.4273504273504274,0.29850746268656714,0.29850746268656714,0.024365352723561662,0.4273504273504274,0.29850746268656714,0.2469135802469136,-0.02722852971609191,0.47393364928909953,0.3105590062111801,0.29673590504451036,0.08122856054479
2013/2014,2014-05-04,Santos Laguna,America,3,1,1,football-data,2.14,3.62,3.53,2.15,3.62,3.8,2.06,3.38,3.35,0.4672897196261682,0.27624309392265195,0.28328611898017,0.026818932528990036,0.46511627906976744,0.27624309392265195,0.2631578947368421,0.0045172677292615315,0.4854368932038835,0.2958579881656805,0.29850746268656714,0.07980234405613107
2013/2014,2014-05-04,Toluca,Tijuana,3,1,1,football-data,1.81,3.75,4.84,1.85,3.75,4.84,1.78,3.48,4.34,0.5524861878453039,0.26666666666666666,0.2066115702479339,0.02576442475990448,0.5405405405405405,0.26666666666666666,0.2066115702479339,0.01381877745514104,0.5617977528089888,0.28735632183908044,0.2304147465437788,0.07956882119184794
2013/2014,2014-05-08,Pachuca,Santos Laguna,2,0,1,football-data,2.51,3.55,2.9,2.57,3.55,3.0,2.41,3.28,2.78,0.39840637450199207,0.28169014084507044,0.3448275862068966,0.024924101553958966,0.38910505836575876,0.28169014084507044,0.3333333333333333,0.004128532544162455,0.41493775933609955,0.3048780487804878,0.3597122302158274,0.07952803833241462
2013/2014,2014-05-09,Leon,Toluca,1,0,1,football-data,1.88,3.79,4.35,2.05,4.3,4.6,1.86,3.48,3.93,0.5319148936170213,0.2638522427440633,0.2298850574712644,0.025652193832348846,0.48780487804878053,0.23255813953488372,0.2173913043478261,-0.06224567806850967,0.5376344086021505,0.28735632183908044,0.2544529262086514,0.0794436566498824
2013/2014,2014-05-11,Santos Laguna,Pachuca,4,2,1,football-data,1.82,4.03,4.39,1.85,4.04,4.8,1.76,3.64,4.23,0.5494505494505494,0.24813895781637715,0.22779043280182235,0.025379940068748885,0.5405405405405405,0.24752475247524752,0.20833333333333334,-0.0036013736508786476,0.5681818181818182,0.2747252747252747,0.23640661938534277,0.07931371229243567
2013/2014,2014-05-11,Toluca,Leon,0,1,-1,football-data,2.37,3.52,3.12,2.4,3.52,3.65,2.15,3.26,3.23,0.42194092827004215,0.2840909090909091,0.3205128205128205,0.026544657873771804,0.4166666666666667,0.2840909090909091,0.273972602739726,-0.025269821502698186,0.46511627906976744,0.3067484662576687,0.30959752321981426,0.08146226854725036
2013/2014,2014-05-16,Leon,Pachuca,2,3,-1,football-data,1.74,3.9,5.17,1.76,3.9,5.3,1.7,3.57,4.79,0.5747126436781609,0.25641025641025644,0.19342359767891684,0.024546497767334197,0.5681818181818182,0.25641025641025644,0.18867924528301888,0.013271319875093557,0.5882352941176471,0.2801120448179272,0.20876826722338204,0.0771156061589564
2013/2014,2014-05-19,Pachuca,Leon,0,1,-1,football-data,3.13,3.47,2.4,3.13,3.52,2.7,2.84,3.31,2.36,0.3194888178913738,0.2881844380403458,0.4166666666666667,0.024339922598386243,0.3194888178913738,0.2840909090909091,0.37037037037037035,-0.026049902647346745,0.35211267605633806,0.3021148036253776,0.42372881355932207,0.07795629324103781
2014/2015,2014-07-19,Cruz Azul,Pachuca,0,1,-1,football-data,1.84,3.61,4.88,1.87,3.7,4.88,1.79,3.44,4.3,0.5434782608695652,0.2770083102493075,0.20491803278688525,0.025404603905757828,0.53475935828877,0.27027027027027023,0.20491803278688525,0.009947661345925507,0.5586592178770949,0.29069767441860467,0.23255813953488372,0.08191503183058324
2014/2015,2014-07-19,Queretaro,Pumas UNAM,1,3,-1,football-data,2.67,3.06,3.09,2.67,3.25,3.15,2.49,3.0,2.89,0.37453183520599254,0.32679738562091504,0.3236245954692557,0.02495381629616311,0.37453183520599254,0.3076923076923077,0.31746031746031744,-0.00031553964138231194,0.4016064257028112,0.3333333333333333,0.3460207612456747,0.0809605202818191
2014/2015,2014-07-19,Tijuana,Puebla,0,1,-1,football-data,1.61,4.01,6.43,1.65,4.01,7.2,1.55,3.76,5.85,0.6211180124223602,0.24937655860349128,0.15552099533437014,0.02601556636022151,0.6060606060606061,0.24937655860349128,0.1388888888888889,-0.005673946447013689,0.6451612903225806,0.26595744680851063,0.17094017094017094,0.08205890807126215
2014/2015,2014-07-19,Veracruz,Santos Laguna,0,1,-1,football-data,2.88,3.37,2.59,3.05,3.32,2.6,2.87,3.11,2.41,0.3472222222222222,0.29673590504451036,0.3861003861003861,0.03005851336711851,0.3278688524590164,0.30120481927710846,0.3846153846153846,0.013689056351509521,0.3484320557491289,0.3215434083601286,0.41493775933609955,0.08491322344535712
2014/2015,2014-07-20,Atlas,Tigres UANL,0,0,0,football-data,3.12,3.15,2.54,3.12,3.25,2.6,2.87,3.04,2.48,0.3205128205128205,0.31746031746031744,0.39370078740157477,0.0316739253747127,0.3205128205128205,0.3076923076923077,0.3846153846153846,0.012820512820512775,0.3484320557491289,0.32894736842105265,0.40322580645161293,0.08060523062179459
2014/2015,2014-07-20,Guadalajara,Chiapas,1,1,0,football-data,1.97,3.41,4.44,1.97,3.52,4.55,1.89,3.29,4.02,0.5076142131979695,0.29325513196480935,0.2252252252252252,0.026094570388004,0.5076142131979695,0.2840909090909091,0.21978021978021978,0.011485342069098348,0.5291005291005292,0.303951367781155,0.24875621890547267,0.08180811578715685
2014/2015,2014-07-20,Leon,America,1,2,-1,football-data,2.4,3.59,3.06,2.4,3.59,3.4,2.22,3.25,3.11,0.4166666666666667,0.2785515320334262,0.32679738562091504,0.02201558432100792,0.4166666666666667,0.2785515320334262,0.29411764705882354,-0.010664154241083468,0.4504504504504504,0.3076923076923077,0.3215434083601286,0.07968616650288673
2014/2015,2014-07-20,Monterrey,Leones Negros,3,1,1,football-data,1.77,3.66,5.34,1.85,3.8,5.7,1.72,3.48,4.71,0.5649717514124294,0.27322404371584696,0.18726591760299627,0.025461712731272623,0.5405405405405405,0.2631578947368421,0.17543859649122806,-0.020862968231389334,0.5813953488372093,0.28735632183908044,0.21231422505307856,0.0810658957293684
2014/2015,2014-07-20,Toluca,Morelia,0,0,0,football-data,2.08,3.4,3.99,2.15,3.4,4.0,2.03,3.23,3.58,0.4807692307692307,0.29411764705882354,0.2506265664160401,0.025513444244094297,0.46511627906976744,0.29411764705882354,0.25,0.009233926128590975,0.4926108374384237,0.30959752321981426,0.27932960893854747,0.0815379695967855
2014/2015,2014-07-26,America,Tijuana,2,1,1,football-data,1.75,3.78,5.3,1.78,3.78,5.5,1.68,3.57,4.93,0.5714285714285714,0.2645502645502646,0.18867924528301888,0.02465808126185487,0.5617977528089888,0.2645502645502646,0.18181818181818182,0.00816619917743533,0.5952380952380952,0.2801120448179272,0.20283975659229211,0.07818989664831455
2014/2015,2014-07-26,Morelia,Atlas,0,2,-1,football-data,2.46,3.13,3.34,2.46,3.25,3.6,2.26,3.09,3.2,0.4065040650406504,0.3194888178913738,0.29940119760479045,0.025394080536814467,0.4065040650406504,0.3076923076923077,0.2777777777777778,-0.008025849489264103,0.4424778761061947,0.3236245954692557,0.3125,0.0786024715754503
2014/2015,2014-07-26,Puebla,Veracruz,0,0,0,football-data,2.24,3.22,3.74,2.32,3.3,3.74,2.13,3.18,3.37,0.4464285714285714,0.3105590062111801,0.267379679144385,0.024367256784136426,0.4310344827586207,0.30303030303030304,0.267379679144385,0.0014444649333087423,0.4694835680751174,0.31446540880503143,0.29673590504451036,0.08068488192465928
2014/2015,2014-07-26,Santos Laguna,Cruz Azul,1,1,0,football-data,2.26,3.4,3.49,2.34,3.4,3.49,2.2,3.21,3.17,0.4424778761061947,0.29411764705882354,0.28653295128939826,0.02312847445441646,0.4273504273504274,0.29411764705882354,0.28653295128939826,0.008001025698649133,0.45454545454545453,0.3115264797507788,0.31545741324921134,0.08152934754544461
2014/2015,2014-07-27,Chiapas,Toluca,2,1,1,football-data,2.95,3.12,2.74,2.95,3.3,2.75,2.65,3.07,2.64,0.3389830508474576,0.3205128205128205,0.36496350364963503,0.02445937500991313,0.3389830508474576,0.30303030303030304,0.36363636363636365,0.005649717514124131,0.37735849056603776,0.32573289902280134,0.3787878787878788,0.081879268376718
2014/2015,2014-07-27,Leones Negros,Queretaro,0,1,-1,football-data,2.49,3.18,3.23,2.52,3.3,3.23,2.41,3.11,2.92,0.4016064257028112,0.31446540880503143,0.30959752321981426,0.025669357727656994,0.3968253968253968,0.30303030303030304,0.30959752321981426,0.009453223075514217,0.41493775933609955,0.3215434083601286,0.3424657534246575,0.07894692112088575
2014/2015,2014-07-27,Pachuca,Monterrey,0,1,-1,football-data,2.51,3.22,3.18,2.55,3.27,3.2,2.38,3.15,2.91,0.39840637450199207,0.3105590062111801,0.31446540880503143,0.023430789518203543,0.3921568627450981,0.3058103975535168,0.3125,0.010467260298614889,0.42016806722689076,0.31746031746031744,0.3436426116838488,0.08127099637105717
2014/2015,2014-07-27,Pumas UNAM,Guadalajara,0,1,-1,football-data,2.2,3.21,3.85,2.38,3.23,3.85,2.23,3.06,3.31,0.45454545454545453,0.3115264797507788,0.2597402597402597,0.02581219403649304,0.42016806722689076,0.30959752321981426,0.2597402597402597,-0.010494149813035203,0.4484304932735426,0.32679738562091504,0.3021148036253776,0.07734268251983534
2014/2015,2014-07-27,Tigres UANL,Leon,4,2,1,football-data,2.42,3.19,3.36,2.42,3.4,3.4,2.23,3.13,3.2,0.4132231404958678,0.31347962382445144,0.2976190476190476,0.02432181193936689,0.4132231404958678,0.29411764705882354,0.29411764705882354,0.001458434613514914,0.4484304932735426,0.3194888178913738,0.3125,0.08041931116491652
2014/2015,2014-08-02,Cruz Azul,Veracruz,0,0,0,football-data,1.53,4.2,7.38,1.6,4.21,7.41,1.52,3.81,6.26,0.6535947712418301,0.23809523809523808,0.13550135501355015,0.027191364350618308,0.625,0.23752969121140144,0.1349527665317139,-0.0025175422568846084,0.6578947368421053,0.26246719160104987,0.1597444089456869,0.08010633738884221
2014/2015,2014-08-02,Puebla,America,0,4,-1,football-data,3.58,3.4,2.22,3.85,3.5,2.22,3.48,3.26,2.05,0.27932960893854747,0.29411764705882354,0.4504504504504504,0.02389770644782141,0.2597402597402597,0.2857142857142857,0.4504504504504504,-0.004095004095004184,0.28735632183908044,0.3067484662576687,0.48780487804878053,0.08190966614552964
2014/2015,2014-08-02,Queretaro,Pachuca,2,0,1,football-data,3.23,3.23,2.46,3.3,3.3,2.7,2.92,3.1,2.41,0.30959752321981426,0.30959752321981426,0.4065040650406504,0.025699111480278924,0.30303030303030304,0.30303030303030304,0.37037037037037035,-0.023569023569023573,0.3424657534246575,0.3225806451612903,0.41493775933609955,0.0799841579220475
2014/2015,2014-08-02,Tijuana,Tigres UANL,1,1,0,football-data,3.13,3.19,2.55,3.13,3.2,2.75,2.8,3.03,2.54,0.3194888178913738,0.31347962382445144,0.3921568627450981,0.025125304460923203,0.3194888178913738,0.3125,0.36363636363636365,-0.0043748184722626204,0.35714285714285715,0.33003300330033003,0.39370078740157477,0.080876647844762
2014/2015,2014-08-03,Atlas,Chiapas,4,2,1,football-data,2.16,3.23,3.97,2.16,3.35,3.97,2.07,3.2,3.51,0.4629629629629629,0.30959752321981426,0.2518891687657431,0.02444965494852025,0.4629629629629629,0.29850746268656714,0.2518891687657431,0.013359594415273124,0.48309178743961356,0.3125,0.2849002849002849,0.08049207233989852
2014/2015,2014-08-03,Leon,Morelia,4,0,1,football-data,1.75,3.77,5.27,1.85,3.78,5.27,1.75,3.47,4.49,0.5714285714285714,0.26525198938992045,0.18975332068311196,0.026433881501603862,0.5405405405405405,0.2645502645502646,0.18975332068311196,-0.005155874226083101,0.5714285714285714,0.2881844380403458,0.22271714922048996,0.08233015868940718
2014/2015,2014-08-03,Monterrey,Santos Laguna,0,0,0,football-data,2.13,3.52,3.71,2.25,3.55,3.71,2.13,3.28,3.27,0.4694835680751174,0.2840909090909091,0.2695417789757412,0.02311625614176771,0.4444444444444444,0.28169014084507044,0.2695417789757412,-0.004323635734743814,0.4694835680751174,0.3048780487804878,0.3058103975535168,0.08017201440912203
2014/2015,2014-08-03,Toluca,Pumas UNAM,2,1,1,football-data,1.94,3.37,4.65,2.0,3.37,4.65,1.89,3.24,4.12,0.5154639175257733,0.29673590504451036,0.2150537634408602,0.027253586011143804,0.5,0.29673590504451036,0.2150537634408602,0.011789668485370663,0.5291005291005292,0.30864197530864196,0.24271844660194175,0.08046095101111295
2014/2015,2014-08-09,Cruz Azul,Puebla,1,0,1,football-data,1.55,4.16,7.2,1.62,4.16,7.2,1.54,3.73,6.1,0.6451612903225806,0.24038461538461536,0.1388888888888889,0.024434794596084775,0.6172839506172839,0.24038461538461536,0.1388888888888889,-0.0034425451092119363,0.6493506493506493,0.2680965147453083,0.1639344262295082,0.08138159032546577
2014/2015,2014-08-09,Morelia,Tijuana,0,0,0,football-data,2.47,3.24,3.21,2.47,3.25,3.25,2.33,3.12,3.01,0.4048582995951417,0.30864197530864196,0.3115264797507788,0.02502675465456239,0.4048582995951417,0.3076923076923077,0.3076923076923077,0.020242914979757165,0.4291845493562232,0.3205128205128205,0.33222591362126247,0.08192328349030609
2014/2015,2014-08-09,Veracruz,Monterrey,2,1,1,football-data,3.59,3.37,2.22,3.59,3.42,2.45,3.21,3.12,2.24,0.2785515320334262,0.29673590504451036,0.4504504504504504,0.025737887528387127,0.2785515320334262,0.29239766081871343,0.4081632653061224,-0.020887541841738022,0.3115264797507788,0.3205128205128205,0.4464285714285714,0.07846787169217073
2014/2015,2014-08-10,Chiapas,Leon,3,2,1,football-data,3.33,3.27,2.39,3.33,3.32,2.45,3.02,3.16,2.31,0.3003003003003003,0.3058103975535168,0.41841004184100417,0.02452073969482127,0.3003003003003003,0.30120481927710846,0.4081632653061224,0.009668384883531278,0.33112582781456956,0.3164556962025316,0.4329004329004329,0.08048195691753413
2014/2015,2014-08-10,Leones Negros,Toluca,0,0,0,football-data,3.57,3.14,2.36,3.57,3.25,2.5,3.15,3.07,2.29,0.2801120448179272,0.3184713375796178,0.42372881355932207,0.022312195956867065,0.2801120448179272,0.3076923076923077,0.4,-0.012195647489765093,0.31746031746031744,0.32573289902280134,0.4366812227074236,0.07987443919054238
2014/2015,2014-08-10,Pachuca,Guadalajara,3,0,1,football-data,2.32,3.15,3.61,2.33,3.25,3.7,2.17,3.11,3.33,0.4310344827586207,0.31746031746031744,0.2770083102493075,0.025503110468245715,0.4291845493562232,0.3076923076923077,0.27027027027027023,0.007147127318801072,0.4608294930875576,0.3215434083601286,0.3003003003003003,0.08267320174798654
2014/2015,2014-08-10,Pumas UNAM,Atlas,0,1,-1,football-data,2.55,3.09,3.23,2.55,3.14,3.29,2.37,3.03,3.05,0.3921568627450981,0.3236245954692557,0.30959752321981426,0.025378981434168058,0.3921568627450981,0.3184713375796178,0.303951367781155,0.01457956810587091,0.42194092827004215,0.33003300330033003,0.3278688524590164,0.07984278402938871
2014/2015,2014-08-10,Santos Laguna,Queretaro,2,3,-1,football-data,1.6,4.06,6.47,1.67,4.08,6.5,1.57,3.74,5.75,0.625,0.24630541871921185,0.1545595054095827,0.025864924128794486,0.5988023952095809,0.24509803921568626,0.15384615384615385,-0.002253411728578958,0.6369426751592356,0.267379679144385,0.17391304347826086,0.07823539778188149
2014/2015,2014-08-10,Tigres UANL,America,0,2,-1,football-data,2.29,3.18,3.67,2.4,3.25,3.8,2.24,3.07,3.24,0.4366812227074236,0.31446540880503143,0.2724795640326976,0.023626195545152662,0.4166666666666667,0.3076923076923077,0.2631578947368421,-0.012483130904183515,0.4464285714285714,0.32573289902280134,0.30864197530864196,0.08080344576001464
2014/2015,2014-08-15,Leon,Pumas UNAM,2,1,1,football-data,1.82,3.82,4.67,1.83,3.87,4.9,1.76,3.57,4.34,0.5494505494505494,0.2617801047120419,0.21413276231263384,0.02536341647522522,0.5464480874316939,0.25839793281653745,0.2040816326530612,0.008927652901292493,0.5681818181818182,0.2801120448179272,0.2304147465437788,0.07870860954352432
2014/2015,2014-08-16,America,Morelia,3,2,1,football-data,1.6,4.11,6.39,1.6,4.18,6.42,1.56,3.85,5.64,0.625,0.24330900243309,0.1564945226917058,0.024803525124795778,0.625,0.23923444976076558,0.1557632398753894,0.01999768963615489,0.641025641025641,0.2597402597402597,0.1773049645390071,0.07807086530490781
2014/2015,2014-08-16,Puebla,Tigres UANL,1,1,0,football-data,3.96,3.22,2.17,3.96,3.22,2.38,3.4,3.1,2.16,0.25252525252525254,0.3105590062111801,0.4608294930875576,0.023913751823990248,0.25252525252525254,0.3105590062111801,0.42016806722689076,-0.01674767403667654,0.29411764705882354,0.3225806451612903,0.4629629629629629,0.07966125518307665
2014/2015,2014-08-16,Queretaro,Veracruz,0,0,0,football-data,2.02,3.3,4.34,2.1,3.31,4.4,1.98,3.21,3.79,0.49504950495049505,0.30303030303030304,0.2304147465437788,0.02849455452457672,0.47619047619047616,0.3021148036253776,0.22727272727272727,0.005578007088581138,0.5050505050505051,0.3115264797507788,0.2638522427440633,0.08042922754534709
2014/2015,2014-08-16,Tijuana,Chiapas,2,1,1,football-data,2.19,3.45,3.58,2.19,3.65,4.1,1.99,3.26,3.73,0.4566210045662101,0.2898550724637681,0.27932960893854747,0.025805685968525616,0.4566210045662101,0.273972602739726,0.24390243902439027,-0.02550395366967373,0.5025125628140703,0.3067484662576687,0.2680965147453083,0.07735754381704729
2014/2015,2014-08-17,Atlas,Leones Negros,1,0,1,football-data,1.76,3.51,5.88,1.8,3.6,5.88,1.72,3.38,4.94,0.5681818181818182,0.2849002849002849,0.17006802721088435,0.023150130292987514,0.5555555555555556,0.2777777777777778,0.17006802721088435,0.003401360544217802,0.5813953488372093,0.2958579881656805,0.20242914979757085,0.07968248680046064
2014/2015,2014-08-17,Guadalajara,Santos Laguna,0,1,-1,football-data,2.88,3.15,2.78,2.88,3.15,3.0,2.57,3.07,2.75,0.3472222222222222,0.31746031746031744,0.3597122302158274,0.024394769898367086,0.3472222222222222,0.31746031746031744,0.3333333333333333,-0.001984126984126977,0.38910505836575876,0.32573289902280134,0.36363636363636365,0.07847432102492391
2014/2015,2014-08-17,Monterrey,Cruz Azul,3,1,1,football-data,2.89,3.27,2.68,2.89,3.27,3.1,2.63,3.12,2.66,0.3460207612456747,0.3058103975535168,0.3731343283582089,0.024965487157400545,0.3460207612456747,0.3058103975535168,0.3225806451612903,-0.02558819603951812,0.3802281368821293,0.3205128205128205,0.37593984962406013,0.07668080701900992
2014/2015,2014-08-17,Toluca,Pachuca,3,0,1,football-data,2.15,3.12,4.2,2.2,3.25,4.2,2.09,3.17,3.51,0.46511627906976744,0.3205128205128205,0.23809523809523808,0.023724337677826002,0.45454545454545453,0.3076923076923077,0.23809523809523808,0.00033300033300043275,0.47846889952153115,0.31545741324921134,0.2849002849002849,0.0788265976710274
2014/2015,2014-08-23,Cruz Azul,Queretaro,2,1,1,football-data,1.85,3.64,4.77,1.86,3.79,5.96,1.71,3.45,4.87,0.5405405405405405,0.2747252747252747,0.20964360587002098,0.024909421135836274,0.5376344086021505,0.2638522427440633,0.16778523489932887,-0.030728113754457387,0.5847953216374269,0.2898550724637681,0.2053388090349076,0.07998920313610247
2014/2015,2014-08-23,Morelia,Tigres UANL,1,5,-1,football-data,3.67,3.24,2.25,3.67,3.3,2.4,3.23,3.14,2.2,0.2724795640326976,0.30864197530864196,0.4444444444444444,0.025565983785784008,0.2724795640326976,0.30303030303030304,0.4166666666666667,-0.007823466270332702,0.30959752321981426,0.3184713375796178,0.45454545454545453,0.08261431534488661
2014/2015,2014-08-23,Santos Laguna,Toluca,3,0,1,football-data,2.22,3.42,3.54,2.23,3.48,3.75,2.11,3.27,3.32,0.4504504504504504,0.29239766081871343,0.2824858757062147,0.025333986975378586,0.4484304932735426,0.28735632183908044,0.26666666666666666,0.0024534817792896124,0.47393364928909953,0.3058103975535168,0.30120481927710846,0.08094886611972485
2014/2015,2014-08-23,Veracruz,Guadalajara,0,0,0,football-data,2.88,3.0,2.89,2.93,3.17,2.89,2.71,3.0,2.64,0.3472222222222222,0.3333333333333333,0.3460207612456747,0.026576316801230293,0.341296928327645,0.31545741324921134,0.3460207612456747,0.002775102822531128,0.36900369003690037,0.3333333333333333,0.3787878787878788,0.08112490215811263
2014/2015,2014-08-24,Chiapas,America,0,0,0,football-data,3.08,3.58,2.37,3.2,3.62,2.55,2.89,3.31,2.32,0.3246753246753247,0.27932960893854747,0.42194092827004215,0.025945861883914345,0.3125,0.27624309392265195,0.3921568627450981,-0.019100043332250016,0.3460207612456747,0.3021148036253776,0.4310344827586207,0.07917004762967306
2014/2015,2014-08-24,Leones Negros,Leon,1,0,1,football-data,4.14,3.35,2.06,4.3,3.37,2.06,3.66,3.2,2.01,0.24154589371980678,0.29850746268656714,0.4854368932038835,0.025490249610257365,0.23255813953488372,0.29673590504451036,0.4854368932038835,0.014730937783277609,0.27322404371584696,0.3125,0.49751243781094534,0.0832364815267923
2014/2015,2014-08-24,Monterrey,Puebla,1,0,1,football-data,1.63,3.95,6.27,1.68,3.95,6.5,1.6,3.58,5.65,0.6134969325153374,0.2531645569620253,0.1594896331738437,0.02615112265120656,0.5952380952380952,0.2531645569620253,0.15384615384615385,0.002248806046274421,0.625,0.27932960893854747,0.17699115044247787,0.08132075938102545
2014/2015,2014-08-24,Pachuca,Atlas,3,1,1,football-data,2.36,3.16,3.51,2.4,3.25,3.51,2.27,3.12,3.13,0.42372881355932207,0.3164556962025316,0.2849002849002849,0.025084794662138643,0.4166666666666667,0.3076923076923077,0.2849002849002849,0.0092592592592593,0.44052863436123346,0.3205128205128205,0.3194888178913738,0.08053027276542779
2014/2015,2014-08-24,Pumas UNAM,Tijuana,1,1,0,football-data,2.4,3.23,3.35,2.4,3.25,3.55,2.26,3.13,3.14,0.4166666666666667,0.30959752321981426,0.29850746268656714,0.024771652573048142,0.4166666666666667,0.3076923076923077,0.28169014084507044,0.006049115204044941,0.4424778761061947,0.3194888178913738,0.3184713375796178,0.08043803157718621
2014/2015,2014-08-30,America,Pumas UNAM,0,1,-1,football-data,1.63,4.09,5.9,1.67,4.09,5.9,1.6,3.72,5.33,0.6134969325153374,0.24449877750611249,0.1694915254237288,0.027487235445178726,0.5988023952095809,0.24449877750611249,0.1694915254237288,0.012792698139422187,0.625,0.26881720430107525,0.18761726078799248,0.08143446508906771
2014/2015,2014-08-30,Puebla,Morelia,3,2,1,football-data,2.8,3.25,2.79,2.8,3.3,3.2,2.46,3.09,2.86,0.35714285714285715,0.3076923076923077,0.35842293906810035,0.023258103903265326,0.35714285714285715,0.30303030303030304,0.3125,-0.02732683982683981,0.4065040650406504,0.3236245954692557,0.3496503496503497,0.07977901016025579
2014/2015,2014-08-30,Queretaro,Monterrey,0,1,-1,football-data,2.76,3.25,2.81,2.8,3.3,2.82,2.6,3.1,2.66,0.3623188405797102,0.3076923076923077,0.35587188612099646,0.025883034393014315,0.35714285714285715,0.30303030303030304,0.3546099290780142,0.014783089251174442,0.3846153846153846,0.3225806451612903,0.37593984962406013,0.08313587940073486
2014/2015,2014-08-30,Tijuana,Leones Negros,1,1,0,football-data,1.56,4.08,7.12,1.65,4.08,7.5,1.55,3.69,6.13,0.641025641025641,0.24509803921568626,0.1404494382022472,0.02657311844357446,0.6060606060606061,0.24509803921568626,0.13333333333333333,-0.015508021390374327,0.6451612903225806,0.2710027100271003,0.1631321370309951,0.07929613738067598
2014/2015,2014-08-31,Atlas,Santos Laguna,1,1,0,football-data,2.42,3.26,3.28,2.42,3.3,3.28,2.3,3.17,3.0,0.4132231404958678,0.3067484662576687,0.3048780487804878,0.024849655534024295,0.4132231404958678,0.30303030303030304,0.3048780487804878,0.02113149230665856,0.4347826086956522,0.31545741324921134,0.3333333333333333,0.08357335527819676
2014/2015,2014-08-31,Guadalajara,Cruz Azul,0,0,0,football-data,3.01,3.06,2.77,3.01,3.25,2.77,2.75,3.02,2.58,0.33222591362126247,0.32679738562091504,0.36101083032490977,0.020034129567087167,0.33222591362126247,0.3076923076923077,0.36101083032490977,0.0009290516384798941,0.36363636363636365,0.33112582781456956,0.38759689922480617,0.08235909067573943
2014/2015,2014-08-31,Leon,Pachuca,1,2,-1,football-data,1.9,3.49,4.7,1.93,3.57,4.7,1.85,3.42,3.98,0.5263157894736842,0.28653295128939826,0.2127659574468085,0.02561469820989104,0.5181347150259068,0.2801120448179272,0.2127659574468085,0.01101271729064246,0.5405405405405405,0.29239766081871343,0.25125628140703515,0.08419448276628905
2014/2015,2014-08-31,Tigres UANL,Chiapas,0,2,-1,football-data,1.68,3.97,5.67,1.68,3.97,6.3,1.63,3.63,5.12,0.5952380952380952,0.2518891687657431,0.1763668430335097,0.023494107037348,0.5952380952380952,0.2518891687657431,0.15873015873015872,0.00585742273399692,0.6134969325153374,0.27548209366391185,0.1953125,0.0842915261792494
2014/2015,2014-08-31,Toluca,Veracruz,2,1,1,football-data,1.6,3.85,7.24,1.7,4.0,7.24,1.64,3.53,5.33,0.625,0.2597402597402597,0.13812154696132597,0.022861806701585774,0.5882352941176471,0.25,0.13812154696132597,-0.023643158921026974,0.6097560975609756,0.28328611898017,0.18761726078799248,0.08065947732913803
2014/2015,2014-09-07,Guadalajara,Leones Negros,3,0,1,football-data,1.83,3.44,5.35,2.0,3.44,5.35,1.84,3.29,4.36,0.5464480874316939,0.29069767441860467,0.1869158878504673,0.024061649700765964,0.5,0.29069767441860467,0.1869158878504673,-0.022386437730927966,0.5434782608695652,0.303951367781155,0.2293577981651376,0.0767874268158577
2014/2015,2014-09-13,Cruz Azul,Toluca,1,2,-1,football-data,2.19,3.43,3.63,2.2,3.43,4.4,2.07,3.2,3.52,0.4566210045662101,0.29154518950437314,0.27548209366391185,0.02364828773449501,0.45454545454545453,0.29154518950437314,0.22727272727272727,-0.026636628677445096,0.48309178743961356,0.3125,0.2840909090909091,0.07968269653052262
2014/2015,2014-09-13,Queretaro,Puebla,1,1,0,football-data,1.83,3.44,5.35,1.85,3.48,5.35,1.81,3.3,4.48,0.5464480874316939,0.29069767441860467,0.1869158878504673,0.024061649700765964,0.5405405405405405,0.28735632183908044,0.1869158878504673,0.014812750230088323,0.5524861878453039,0.30303030303030304,0.2232142857142857,0.07873077658989258
2014/2015,2014-09-13,Santos Laguna,Leon,2,0,1,football-data,2.55,3.25,3.08,2.55,3.5,3.6,2.31,3.23,2.95,0.3921568627450981,0.3076923076923077,0.3246753246753247,0.02452449511273036,0.3921568627450981,0.2857142857142857,0.2777777777777778,-0.04435107376283842,0.4329004329004329,0.30959752321981426,0.3389830508474576,0.08148100696770477
2014/2015,2014-09-13,Veracruz,Atlas,1,1,0,football-data,2.87,3.04,2.88,3.0,3.2,2.88,2.73,3.06,2.57,0.3484320557491289,0.32894736842105265,0.3472222222222222,0.024601646392403698,0.3333333333333333,0.3125,0.3472222222222222,-0.006944444444444531,0.3663003663003663,0.32679738562091504,0.38910505836575876,0.08220281028704002
2014/2015,2014-09-14,Chiapas,Morelia,1,1,0,football-data,2.0,3.55,4.06,2.04,3.6,4.25,1.93,3.35,3.77,0.5,0.28169014084507044,0.24630541871921185,0.027995559564282235,0.49019607843137253,0.2777777777777778,0.23529411764705882,0.0032679738562091387,0.5181347150259068,0.29850746268656714,0.26525198938992045,0.08189416710239428
2014/2015,2014-09-14,Leones Negros,America,0,0,0,football-data,5.31,3.77,1.75,5.31,3.77,1.85,4.57,3.46,1.75,0.18832391713747648,0.26525198938992045,0.5714285714285714,0.025004477955968385,0.18832391713747648,0.26525198938992045,0.5405405405405405,-0.005883552932062663,0.2188183807439825,0.28901734104046245,0.5714285714285714,0.07926429321301631
2014/2015,2014-09-14,Pachuca,Tijuana,1,1,0,football-data,2.04,3.34,4.24,2.06,3.5,4.33,1.96,3.26,3.79,0.49019607843137253,0.29940119760479045,0.23584905660377356,0.025446332639936564,0.4854368932038835,0.2857142857142857,0.23094688221709006,0.0020980611352592327,0.5102040816326531,0.3067484662576687,0.2638522427440633,0.08080479063438517
2014/2015,2014-09-14,Pumas UNAM,Tigres UANL,2,2,0,football-data,2.92,3.21,2.69,2.99,3.21,2.7,2.78,3.06,2.54,0.3424657534246575,0.3115264797507788,0.3717472118959108,0.025739445071347067,0.33444816053511706,0.3115264797507788,0.37037037037037035,0.016345010656266368,0.3597122302158274,0.32679738562091504,0.39370078740157477,0.08021040323831707
2014/2015,2014-09-20,America,Pachuca,2,1,1,football-data,1.78,3.95,4.82,1.78,3.95,5.0,1.71,3.59,4.55,0.5617977528089888,0.2531645569620253,0.20746887966804978,0.02243118943906386,0.5617977528089888,0.2531645569620253,0.2,0.014962309771014093,0.5847953216374269,0.2785515320334262,0.21978021978021978,0.08312707345107295
2014/2015,2014-09-20,Morelia,Pumas UNAM,2,3,-1,football-data,2.37,3.25,3.37,2.42,3.3,3.46,2.21,3.17,3.19,0.42194092827004215,0.3076923076923077,0.29673590504451036,0.026369141006860275,0.4132231404958678,0.30303030303030304,0.28901734104046245,0.005270784566633324,0.45248868778280543,0.31545741324921134,0.31347962382445144,0.08142572485646826
2014/2015,2014-09-20,Puebla,Chiapas,1,1,0,football-data,2.47,3.33,3.12,2.65,3.33,3.13,2.43,3.09,2.85,0.4048582995951417,0.3003003003003003,0.3205128205128205,0.025671420408262424,0.37735849056603776,0.3003003003003003,0.3194888178913738,-0.002852391242288199,0.4115226337448559,0.3236245954692557,0.3508771929824561,0.0860244221965678
2014/2015,2014-09-20,Tijuana,Santos Laguna,4,1,1,football-data,2.53,3.44,2.95,2.56,3.44,3.25,2.37,3.18,2.89,0.3952569169960475,0.29069767441860467,0.3389830508474576,0.024937642262109705,0.390625,0.29069767441860467,0.3076923076923077,-0.010985017889087567,0.42194092827004215,0.31446540880503143,0.3460207612456747,0.08242709832074824
2014/2015,2014-09-21,Atlas,Cruz Azul,2,1,1,football-data,2.85,3.22,2.75,2.86,3.25,2.92,2.6,3.09,2.67,0.3508771929824561,0.3105590062111801,0.36363636363636365,0.0250725628299997,0.3496503496503497,0.3076923076923077,0.3424657534246575,-0.00019158923268514094,0.3846153846153846,0.3236245954692557,0.37453183520599254,0.08277181529063293
2014/2015,2014-09-21,Guadalajara,Queretaro,1,4,-1,football-data,2.28,3.23,3.61,2.3,3.3,3.61,2.16,3.14,3.34,0.4385964912280702,0.30959752321981426,0.2770083102493075,0.02520232469719197,0.4347826086956522,0.30303030303030304,0.2770083102493075,0.01482122197526281,0.4629629629629629,0.3184713375796178,0.29940119760479045,0.08083549814737134
2014/2015,2014-09-21,Leon,Veracruz,3,1,1,football-data,1.75,3.6,5.72,1.78,3.95,6.1,1.69,3.55,4.84,0.5714285714285714,0.2777777777777778,0.17482517482517484,0.024031524031524087,0.5617977528089888,0.2531645569620253,0.1639344262295082,-0.021103263999477706,0.591715976331361,0.28169014084507044,0.2066115702479339,0.08001768742436521
2014/2015,2014-09-21,Tigres UANL,Leones Negros,1,0,1,football-data,1.57,4.01,7.21,1.6,4.15,7.3,1.51,3.84,6.31,0.6369426751592356,0.24937655860349128,0.13869625520110956,0.02501548896383654,0.625,0.24096385542168672,0.136986301369863,0.0029501567915497517,0.6622516556291391,0.2604166666666667,0.1584786053882726,0.08114692768407838
2014/2015,2014-09-21,Toluca,Monterrey,1,0,1,football-data,1.95,3.43,4.5,2.18,3.43,4.5,1.99,3.27,3.64,0.5128205128205129,0.29154518950437314,0.2222222222222222,0.026587924547108344,0.4587155963302752,0.29154518950437314,0.2222222222222222,-0.0275169919431294,0.5025125628140703,0.3058103975535168,0.2747252747252747,0.08304823509286186
2014/2015,2014-09-27,Cruz Azul,Leon,1,0,1,football-data,1.84,3.69,4.73,2.18,3.7,4.73,1.85,3.43,4.05,0.5434782608695652,0.2710027100271003,0.2114164904862579,0.02589746138292348,0.4587155963302752,0.27027027027027023,0.2114164904862579,-0.05959764291319669,0.5405405405405405,0.29154518950437314,0.2469135802469136,0.07899931029182716
2014/2015,2014-09-27,Queretaro,Toluca,1,1,0,football-data,3.08,3.24,2.56,3.08,3.25,2.88,2.73,3.06,2.59,0.3246753246753247,0.30864197530864196,0.390625,0.023942299983966686,0.3246753246753247,0.3076923076923077,0.3472222222222222,-0.02041014541014541,0.3663003663003663,0.32679738562091504,0.3861003861003861,0.07919813802166731
2014/2015,2014-09-27,Santos Laguna,America,1,4,-1,football-data,2.81,3.47,2.59,2.81,3.6,2.89,2.61,3.25,2.57,0.35587188612099646,0.2881844380403458,0.3861003861003861,0.030156710261728392,0.35587188612099646,0.2777777777777778,0.3460207612456747,-0.02032957485555098,0.3831417624521073,0.3076923076923077,0.38910505836575876,0.07993912851017382
2014/2015,2014-09-27,Veracruz,Tijuana,1,0,1,football-data,2.65,3.15,3.02,2.7,3.25,3.02,2.53,3.07,2.79,0.37735849056603776,0.31746031746031744,0.33112582781456956,0.025944635840924768,0.37037037037037035,0.3076923076923077,0.33112582781456956,0.009188505877247621,0.3952569169960475,0.32573289902280134,0.35842293906810035,0.07941275508694923
2014/2015,2014-09-28,Guadalajara,Puebla,0,0,0,football-data,2.02,3.41,4.24,2.08,3.5,4.5,1.89,3.3,4.08,0.49504950495049505,0.29325513196480935,0.23584905660377356,0.024153693519078034,0.4807692307692307,0.2857142857142857,0.2222222222222222,-0.011294261294261365,0.5291005291005292,0.30303030303030304,0.24509803921568626,0.07722887134651857
2014/2015,2014-09-28,Leones Negros,Morelia,1,2,-1,football-data,2.51,3.17,3.16,2.56,3.25,3.6,2.34,3.08,3.04,0.39840637450199207,0.31545741324921134,0.3164556962025316,0.03031948395373507,0.390625,0.3076923076923077,0.2777777777777778,-0.0239049145299145,0.4273504273504274,0.3246753246753247,0.32894736842105265,0.08097312044680471
2014/2015,2014-09-28,Monterrey,Atlas,2,1,1,football-data,2.35,3.22,3.46,2.36,3.3,3.53,2.19,3.16,3.25,0.425531914893617,0.3105590062111801,0.28901734104046245,0.02510826214525963,0.42372881355932207,0.30303030303030304,0.28328611898017,0.010045235569795086,0.4566210045662101,0.3164556962025316,0.3076923076923077,0.08076900846104929
2014/2015,2014-09-28,Pachuca,Tigres UANL,2,3,-1,football-data,2.46,3.19,3.26,2.5,3.3,3.26,2.39,3.14,2.91,0.4065040650406504,0.31347962382445144,0.3067484662576687,0.026732155122770607,0.4,0.30303030303030304,0.3067484662576687,0.009778769287971834,0.41841004184100417,0.3184713375796178,0.3436426116838488,0.08052399110447084
2014/2015,2014-09-28,Pumas UNAM,Chiapas,2,2,0,football-data,2.22,3.47,3.44,2.22,3.48,3.6,2.12,3.25,3.34,0.4504504504504504,0.2881844380403458,0.29069767441860467,0.029332562909401005,0.4504504504504504,0.28735632183908044,0.2777777777777778,0.015584550067308633,0.4716981132075471,0.3076923076923077,0.29940119760479045,0.07879161850464511
2014/2015,2014-10-01,Atlas,Queretaro,2,1,1,football-data,2.17,3.24,3.95,2.17,3.3,4.05,2.08,3.17,3.56,0.4608294930875576,0.30864197530864196,0.2531645569620253,0.022636025358224954,0.4608294930875576,0.30303030303030304,0.2469135802469136,0.010773376364774156,0.4807692307692307,0.31545741324921134,0.2808988764044944,0.07712552042293641
2014/2015,2014-10-01,Leon,Monterrey,1,3,-1,football-data,1.94,3.53,4.44,2.05,3.6,4.8,1.93,3.35,3.84,0.5154639175257733,0.28328611898017,0.2252252252252252,0.023975261731168374,0.48780487804878053,0.2777777777777778,0.20833333333333334,-0.02608401084010825,0.5181347150259068,0.29850746268656714,0.2604166666666667,0.07705884437914068
2014/2015,2014-10-01,Tigres UANL,Santos Laguna,1,1,0,football-data,1.81,3.75,4.91,1.95,3.75,4.91,1.83,3.47,4.09,0.5524861878453039,0.26666666666666666,0.20366598778004072,0.022818842292011254,0.5128205128205129,0.26666666666666666,0.20366598778004072,-0.01684683273277965,0.5464480874316939,0.2881844380403458,0.24449877750611249,0.07913130297815218
2014/2015,2014-10-02,America,Veracruz,2,0,1,football-data,1.43,4.54,9.27,1.45,5.1,9.27,1.39,4.29,7.8,0.6993006993006994,0.22026431718061673,0.10787486515641856,0.027439881637734587,0.6896551724137931,0.19607843137254904,0.10787486515641856,-0.00639153105723933,0.7194244604316548,0.2331002331002331,0.12820512820512822,0.08072982173701604
2014/2015,2014-10-02,Chiapas,Leones Negros,1,1,0,football-data,1.65,3.8,6.38,1.73,3.85,6.38,1.66,3.57,5.16,0.6060606060606061,0.2631578947368421,0.15673981191222572,0.02595831270967386,0.5780346820809249,0.2597402597402597,0.15673981191222572,-0.005485246266589638,0.6024096385542169,0.2801120448179272,0.19379844961240308,0.0763201329845471
2014/2015,2014-10-02,Morelia,Pachuca,0,1,-1,football-data,2.71,3.3,2.84,2.72,3.38,2.9,2.53,3.2,2.69,0.36900369003690037,0.30303030303030304,0.35211267605633806,0.024146669123541464,0.3676470588235294,0.2958579881656805,0.3448275862068966,0.008332633196106443,0.3952569169960475,0.3125,0.3717472118959108,0.07950412889195824
2014/2015,2014-10-02,Puebla,Pumas UNAM,1,2,-1,football-data,2.43,3.22,3.31,2.5,3.3,3.4,2.34,3.14,3.01,0.4115226337448559,0.3105590062111801,0.3021148036253776,0.024196443581413707,0.4,0.30303030303030304,0.29411764705882354,-0.002852049910873289,0.4273504273504274,0.3184713375796178,0.33222591362126247,0.07804767855130756
2014/2015,2014-10-02,Tijuana,Cruz Azul,0,0,0,football-data,2.73,3.1,2.98,2.73,3.25,3.0,2.51,3.1,2.79,0.3663003663003663,0.3225806451612903,0.33557046979865773,0.024451481260314267,0.3663003663003663,0.3076923076923077,0.3333333333333333,0.0073260073260073,0.39840637450199207,0.3225806451612903,0.35842293906810035,0.07940995873138279
2014/2015,2014-10-03,Toluca,Guadalajara,3,1,1,football-data,1.65,4.07,5.86,1.75,4.07,6.0,1.63,3.69,5.17,0.6060606060606061,0.24570024570024568,0.1706484641638225,0.0224093159246741,0.5714285714285714,0.24570024570024568,0.16666666666666666,-0.01620451620451624,0.6134969325153374,0.2710027100271003,0.19342359767891684,0.07792324022135455
2014/2015,2014-10-04,Cruz Azul,America,4,0,1,football-data,2.85,3.29,2.68,2.88,3.37,2.68,2.69,3.16,2.56,0.3508771929824561,0.303951367781155,0.3731343283582089,0.02796288912181999,0.3472222222222222,0.29673590504451036,0.3731343283582089,0.01709245562494144,0.3717472118959108,0.3164556962025316,0.390625,0.07882790809844242
2014/2015,2014-10-04,Queretaro,Leon,1,2,-1,football-data,2.4,3.33,3.24,2.4,3.34,3.45,2.24,3.23,3.09,0.4166666666666667,0.3003003003003003,0.30864197530864196,0.025608942275608948,0.4166666666666667,0.29940119760479045,0.2898550724637681,0.005922936735225148,0.4464285714285714,0.30959752321981426,0.3236245954692557,0.07965069011764125
2014/2015,2014-10-04,Veracruz,Tigres UANL,0,1,-1,football-data,3.97,3.15,2.2,4.15,3.3,2.3,3.45,3.1,2.14,0.2518891687657431,0.31746031746031744,0.45454545454545453,0.023894940771514994,0.24096385542168672,0.30303030303030304,0.4347826086956522,-0.021223232852358054,0.2898550724637681,0.3225806451612903,0.4672897196261682,0.0797254372512266
2014/2015,2014-10-05,Guadalajara,Atlas,0,1,-1,football-data,2.83,3.09,2.87,2.84,3.2,2.87,2.6,3.05,2.71,0.35335689045936397,0.3236245954692557,0.3484320557491289,0.025413541677748563,0.35211267605633806,0.3125,0.3484320557491289,0.013044731805466947,0.3846153846153846,0.3278688524590164,0.36900369003690037,0.08148792711130137
2014/2015,2014-10-05,Leones Negros,Pumas UNAM,1,0,1,football-data,2.71,3.1,2.99,2.94,3.2,3.01,2.65,3.05,2.68,0.36900369003690037,0.3225806451612903,0.33444816053511706,0.026032495733307792,0.3401360544217687,0.3125,0.33222591362126247,-0.015138031956968945,0.37735849056603776,0.3278688524590164,0.3731343283582089,0.07836167138326311
2014/2015,2014-10-05,Monterrey,Tijuana,1,1,0,football-data,2.25,3.27,3.64,2.25,3.4,4.0,2.04,3.25,3.58,0.4444444444444444,0.3058103975535168,0.2747252747252747,0.024980116723235968,0.4444444444444444,0.29411764705882354,0.25,-0.011437908496731986,0.49019607843137253,0.3076923076923077,0.27932960893854747,0.07721799506222782
2014/2015,2014-10-05,Pachuca,Chiapas,2,0,1,football-data,2.0,3.45,4.26,2.0,3.54,4.65,1.9,3.34,3.95,0.5,0.2898550724637681,0.2347417840375587,0.024596856501326814,0.5,0.2824858757062147,0.2150537634408602,-0.002460360852925003,0.5263157894736842,0.29940119760479045,0.2531645569620253,0.07888154404049996
2014/2015,2014-10-05,Santos Laguna,Morelia,2,2,0,football-data,1.68,4.25,5.2,1.73,4.25,5.5,1.65,3.72,4.87,0.5952380952380952,0.23529411764705882,0.1923076923076923,0.022839905192846288,0.5780346820809249,0.23529411764705882,0.18181818181818182,-0.004853018453834457,0.6060606060606061,0.26881720430107525,0.2053388090349076,0.08021661939658897
2014/2015,2014-10-05,Toluca,Puebla,1,1,0,football-data,1.61,3.92,6.7,1.7,3.92,6.7,1.61,3.61,5.58,0.6211180124223602,0.25510204081632654,0.14925373134328357,0.02547378458197036,0.5882352941176471,0.25510204081632654,0.14925373134328357,-0.007408933722742761,0.6211180124223602,0.2770083102493075,0.17921146953405018,0.0773377922057179
2014/2015,2014-10-18,America,Monterrey,2,0,1,football-data,1.82,3.71,4.88,1.82,3.85,6.0,1.7,3.57,4.79,0.5494505494505494,0.2695417789757412,0.20491803278688525,0.02391036121317569,0.5494505494505494,0.2597402597402597,0.16666666666666666,-0.02414252414252427,0.5882352941176471,0.2801120448179272,0.20876826722338204,0.0771156061589564
2014/2015,2014-10-18,Morelia,Veracruz,0,1,-1,football-data,1.99,3.26,4.59,2.1,3.5,4.59,1.99,3.18,3.83,0.5025125628140703,0.3067484662576687,0.2178649237472767,0.027125952819015753,0.47619047619047616,0.2857142857142857,0.2178649237472767,-0.02023031434796141,0.5025125628140703,0.31446540880503143,0.2610966057441253,0.07807457736322698
2014/2015,2014-10-18,Puebla,Leones Negros,1,1,0,football-data,2.13,3.17,4.15,2.21,3.3,4.15,2.08,3.16,3.52,0.4694835680751174,0.31545741324921134,0.24096385542168672,0.025904836746015292,0.45248868778280543,0.30303030303030304,0.24096385542168672,-0.0035171537652047835,0.4807692307692307,0.3164556962025316,0.2840909090909091,0.08131583606267156
2014/2015,2014-10-18,Tijuana,Queretaro,2,1,1,football-data,2.35,3.36,3.33,2.35,3.45,4.2,2.09,3.2,3.49,0.425531914893617,0.2976190476190476,0.3003003003003003,0.023451262812964835,0.425531914893617,0.2898550724637681,0.23809523809523808,-0.04651777454737682,0.47846889952153115,0.3125,0.28653295128939826,0.07750185081092953
2014/2015,2014-10-19,Atlas,Toluca,0,2,-1,football-data,2.71,2.95,3.17,2.71,3.2,3.17,2.5,3.05,2.86,0.36900369003690037,0.3389830508474576,0.31545741324921134,0.02344415413356926,0.36900369003690037,0.3125,0.31545741324921134,-0.0030388967138883505,0.4,0.3278688524590164,0.3496503496503497,0.07751920210936625
2014/2015,2014-10-19,Chiapas,Santos Laguna,2,0,1,football-data,2.25,3.47,3.42,2.3,3.5,3.42,2.22,3.24,3.12,0.4444444444444444,0.2881844380403458,0.29239766081871343,0.025026543303503512,0.4347826086956522,0.2857142857142857,0.29239766081871343,0.012894555228651239,0.4504504504504504,0.30864197530864196,0.3205128205128205,0.07960524627191279
2014/2015,2014-10-19,Leon,Guadalajara,2,1,1,football-data,1.93,3.46,4.51,1.99,3.5,4.55,1.84,3.35,4.22,0.5181347150259068,0.28901734104046245,0.22172949002217296,0.028881546088542098,0.5025125628140703,0.2857142857142857,0.21978021978021978,0.008007068308575782,0.5434782608695652,0.29850746268656714,0.23696682464454977,0.0789525482006821
2014/2015,2014-10-19,Pumas UNAM,Pachuca,1,1,0,football-data,2.75,3.27,2.81,2.8,3.3,2.88,2.53,3.15,2.74,0.36363636363636365,0.3058103975535168,0.35587188612099646,0.02531864731087685,0.35714285714285715,0.30303030303030304,0.3472222222222222,0.007395382395382288,0.3952569169960475,0.31746031746031744,0.36496350364963503,0.07768073810599985
2014/2015,2014-10-19,Tigres UANL,Cruz Azul,1,0,1,football-data,2.37,3.26,3.38,2.4,3.3,3.6,2.2,3.17,3.24,0.42194092827004215,0.3067484662576687,0.2958579881656805,0.024547382693391295,0.4166666666666667,0.30303030303030304,0.2777777777777778,-0.002525252525252486,0.45454545454545453,0.31545741324921134,0.30864197530864196,0.07864484310330777
2014/2015,2014-10-25,Cruz Azul,Morelia,3,1,1,football-data,1.63,4.05,6.07,1.7,4.05,6.07,1.62,3.74,5.15,0.6134969325153374,0.2469135802469136,0.16474464579901152,0.025155158561262603,0.5882352941176471,0.2469135802469136,0.16474464579901152,-0.00010647983642786407,0.6172839506172839,0.267379679144385,0.1941747572815534,0.07883838704322232
2014/2015,2014-10-25,Queretaro,America,3,2,1,football-data,3.88,3.2,2.18,3.88,3.4,2.2,3.42,3.22,2.1,0.2577319587628866,0.3125,0.4587155963302752,0.028947555093161714,0.2577319587628866,0.29411764705882354,0.45454545454545453,0.006395060367164751,0.29239766081871343,0.3105590062111801,0.47619047619047616,0.07914714322036964
2014/2015,2014-10-25,Santos Laguna,Pumas UNAM,1,1,0,football-data,1.8,3.84,4.8,1.8,3.84,5.7,1.7,3.6,4.71,0.5555555555555556,0.2604166666666667,0.20833333333333334,0.02430555555555558,0.5555555555555556,0.2604166666666667,0.17543859649122806,-0.008589181286549619,0.5882352941176471,0.2777777777777778,0.21231422505307856,0.07832729694850338
2014/2015,2014-10-25,Veracruz,Chiapas,1,2,-1,football-data,3.12,3.16,2.58,3.3,3.3,2.7,2.88,3.08,2.45,0.3205128205128205,0.3164556962025316,0.38759689922480617,0.024565415940158264,0.30303030303030304,0.30303030303030304,0.37037037037037035,-0.023569023569023573,0.3472222222222222,0.3246753246753247,0.4081632653061224,0.08006081220366923
2014/2015,2014-10-26,Atlas,Puebla,2,1,1,football-data,1.85,3.52,4.93,1.9,3.6,5.04,1.8,3.37,4.46,0.5405405405405405,0.2840909090909091,0.20283975659229211,0.027471206223741662,0.5263157894736842,0.2777777777777778,0.1984126984126984,0.0025062656641603454,0.5555555555555556,0.29673590504451036,0.2242152466367713,0.07650670723683728
2014/2015,2014-10-26,Guadalajara,Tijuana,3,3,0,football-data,2.19,3.28,3.79,2.6,3.3,3.79,2.26,3.11,3.21,0.4566210045662101,0.3048780487804878,0.2638522427440633,0.025351296090761144,0.3846153846153846,0.30303030303030304,0.2638522427440633,-0.048502069610249166,0.4424778761061947,0.3215434083601286,0.3115264797507788,0.07554776421710208
2014/2015,2014-10-26,Monterrey,Tigres UANL,2,2,0,football-data,2.99,3.21,2.64,2.99,3.25,2.88,2.66,3.08,2.64,0.33444816053511706,0.3115264797507788,0.3787878787878788,0.02476251907377458,0.33444816053511706,0.3076923076923077,0.3472222222222222,-0.010637309550353025,0.37593984962406013,0.3246753246753247,0.3787878787878788,0.07940305308726359
2014/2015,2014-10-26,Pachuca,Leones Negros,0,0,0,football-data,1.69,3.81,5.84,1.72,3.81,5.9,1.65,3.63,5.32,0.591715976331361,0.26246719160104987,0.17123287671232876,0.025416044644739566,0.5813953488372093,0.26246719160104987,0.1694915254237288,0.013354065861987952,0.6060606060606061,0.27548209366391185,0.18796992481203006,0.06951262453654805
2014/2015,2014-10-26,Toluca,Leon,2,3,-1,football-data,2.04,3.44,4.03,2.05,3.6,4.3,1.96,3.36,3.67,0.49019607843137253,0.29069767441860467,0.24813895781637715,0.029032710666354378,0.48780487804878053,0.2777777777777778,0.23255813953488372,-0.001859204638557932,0.5102040816326531,0.2976190476190476,0.2724795640326976,0.08030269328439821
2014/2015,2014-11-01,America,Guadalajara,0,0,0,football-data,1.56,4.32,6.22,1.61,4.32,7.0,1.53,3.86,5.98,0.641025641025641,0.23148148148148145,0.1607717041800643,0.033278826687186625,0.6211180124223602,0.23148148148148145,0.14285714285714285,-0.0045433632390154965,0.6535947712418301,0.2590673575129534,0.16722408026755853,0.079886209022342
2014/2015,2014-11-01,Morelia,Monterrey,2,1,1,football-data,2.74,3.42,2.73,3.04,3.42,2.73,2.73,3.16,2.52,0.36496350364963503,0.29239766081871343,0.3663003663003663,0.02366153076871469,0.32894736842105265,0.29239766081871343,0.3663003663003663,-0.01235460445986769,0.3663003663003663,0.3164556962025316,0.3968253968253968,0.07958145932829463
2014/2015,2014-11-01,Puebla,Pachuca,1,1,0,football-data,3.08,3.19,2.58,3.3,3.23,2.64,2.88,3.09,2.45,0.3246753246753247,0.31347962382445144,0.38759689922480617,0.02575184772458239,0.30303030303030304,0.30959752321981426,0.3787878787878788,-0.008584294962003969,0.3472222222222222,0.3236245954692557,0.4081632653061224,0.07901008299760037
2014/2015,2014-11-01,Tijuana,Toluca,0,1,-1,football-data,2.2,3.35,3.69,2.5,3.4,3.69,2.26,3.15,3.15,0.45454545454545453,0.29850746268656714,0.2710027100271003,0.024055627259122137,0.4,0.29411764705882354,0.2710027100271003,-0.03487964291407619,0.4424778761061947,0.31746031746031744,0.31746031746031744,0.0773985110268296
2014/2015,2014-11-02,Chiapas,Cruz Azul,0,0,0,football-data,2.92,3.17,2.69,3.0,3.25,2.75,2.7,3.09,2.59,0.3424657534246575,0.31545741324921134,0.3717472118959108,0.02967037856977961,0.3333333333333333,0.3076923076923077,0.36363636363636365,0.004662004662004726,0.37037037037037035,0.3236245954692557,0.3861003861003861,0.08009535194001227
2014/2015,2014-11-02,Leon,Atlas,4,0,1,football-data,2.08,3.49,3.85,2.15,3.49,3.85,2.0,3.32,3.57,0.4807692307692307,0.28653295128939826,0.2597402597402597,0.027042441798888817,0.46511627906976744,0.28653295128939826,0.2597402597402597,0.011389490099425359,0.5,0.30120481927710846,0.2801120448179272,0.08131686409503569
2014/2015,2014-11-02,Leones Negros,Santos Laguna,1,1,0,football-data,3.2,3.27,2.42,3.25,3.34,2.55,2.93,3.14,2.39,0.3125,0.3058103975535168,0.4132231404958678,0.031533538049384635,0.3076923076923077,0.29940119760479045,0.3921568627450981,-0.0007496319578037536,0.341296928327645,0.3184713375796178,0.41841004184100417,0.07817830774826695
2014/2015,2014-11-02,Pumas UNAM,Veracruz,0,0,0,football-data,2.16,3.56,3.61,2.19,3.56,4.0,2.01,3.29,3.61,0.4629629629629629,0.2808988764044944,0.2770083102493075,0.0208701496167647,0.4566210045662101,0.2808988764044944,0.25,-0.012480119029295578,0.49751243781094534,0.303951367781155,0.2770083102493075,0.0784721158414079
2014/2015,2014-11-02,Tigres UANL,Queretaro,1,0,1,football-data,1.79,3.73,4.94,1.87,3.75,5.4,1.76,3.46,4.48,0.5586592178770949,0.2680965147453083,0.20242914979757085,0.02918488241997408,0.53475935828877,0.26666666666666666,0.18518518518518517,-0.013388789859378303,0.5681818181818182,0.28901734104046245,0.2232142857142857,0.08041344493656633
2014/2015,2014-11-08,Cruz Azul,Pumas UNAM,0,2,-1,football-data,1.68,3.83,5.78,1.8,3.91,6.0,1.64,3.64,5.21,0.5952380952380952,0.2610966057441253,0.17301038062283736,0.029345081605058,0.5555555555555556,0.2557544757033248,0.16666666666666666,-0.02202330207445302,0.6097560975609756,0.2747252747252747,0.19193857965451055,0.0764199519407609
2014/2015,2014-11-08,Queretaro,Morelia,2,0,1,football-data,1.81,3.77,4.78,1.85,3.77,5.5,1.77,3.49,4.36,0.5524861878453039,0.26525198938992045,0.20920502092050208,0.026943198155726433,0.5405405405405405,0.26525198938992045,0.18181818181818182,-0.012389288251357211,0.5649717514124294,0.28653295128939826,0.2293577981651376,0.08086250086696523
2014/2015,2014-11-08,Santos Laguna,Pachuca,2,1,1,football-data,2.22,3.55,3.42,2.22,3.57,3.75,2.06,3.33,3.43,0.4504504504504504,0.28169014084507044,0.29239766081871343,0.024538252114234105,0.4504504504504504,0.2801120448179272,0.26666666666666666,-0.002770838064955816,0.4854368932038835,0.3003003003003003,0.29154518950437314,0.07728238300855694
2014/2015,2014-11-08,Veracruz,Leones Negros,0,1,-1,football-data,2.72,3.06,3.02,2.72,3.25,3.3,2.49,3.06,2.84,0.3676470588235294,0.32679738562091504,0.33112582781456956,0.025570272259014093,0.3676470588235294,0.3076923076923077,0.30303030303030304,-0.02163033045385987,0.4016064257028112,0.32679738562091504,0.35211267605633806,0.08051648738006434
2014/2015,2014-11-09,Atlas,Tijuana,1,1,0,football-data,2.37,3.4,3.24,2.4,3.4,3.8,2.21,3.25,3.15,0.42194092827004215,0.29411764705882354,0.30864197530864196,0.024700550637507757,0.4166666666666667,0.29411764705882354,0.2631578947368421,-0.02605779153766763,0.45248868778280543,0.3076923076923077,0.31746031746031744,0.07764131293543053
2014/2015,2014-11-09,Guadalajara,Tigres UANL,0,0,0,football-data,2.72,3.32,2.82,2.88,3.32,2.98,2.64,3.07,2.67,0.3676470588235294,0.30120481927710846,0.3546099290780142,0.023461807178652094,0.3472222222222222,0.30120481927710846,0.33557046979865773,-0.016002488702011597,0.3787878787878788,0.32573289902280134,0.37453183520599254,0.07905261301667266
2014/2015,2014-11-09,Leon,Puebla,0,0,0,football-data,1.59,4.17,6.35,1.68,4.17,6.5,1.56,3.88,5.52,0.6289308176100629,0.23980815347721823,0.15748031496062992,0.026219286047910906,0.5952380952380952,0.23980815347721823,0.15384615384615385,-0.011107597438532735,0.641025641025641,0.2577319587628866,0.1811594202898551,0.07991702007838253
2014/2015,2014-11-09,Monterrey,Chiapas,1,2,-1,football-data,2.0,3.51,4.16,2.13,3.51,4.16,1.98,3.32,3.66,0.5,0.2849002849002849,0.24038461538461536,0.02528490028490027,0.4694835680751174,0.2849002849002849,0.24038461538461536,-0.005231531639982245,0.5050505050505051,0.30120481927710846,0.27322404371584696,0.07947936804346067
2014/2015,2014-11-09,Toluca,America,2,2,0,football-data,3.03,3.21,2.58,3.13,3.25,2.8,2.78,3.13,2.5,0.33003300330033003,0.3115264797507788,0.38759689922480617,0.029156382275915105,0.3194888178913738,0.3076923076923077,0.35714285714285715,-0.01567601727346135,0.3597122302158274,0.3194888178913738,0.4,0.07920104810720119
2014/2015,2014-11-15,Monterrey,Guadalajara,1,0,1,football-data,2.03,3.54,4.0,1.9,3.77,5.1,1.84,3.27,4.24,0.4926108374384237,0.2824858757062147,0.25,0.02509671314463846,0.5263157894736842,0.26525198938992045,0.19607843137254904,-0.012353789763846379,0.5434782608695652,0.3058103975535168,0.23584905660377356,0.08513771502685552
2014/2015,2014-11-22,America,Atlas,1,2,-1,football-data,1.81,3.63,4.92,1.84,3.63,5.2,1.74,3.43,4.64,0.5524861878453039,0.27548209366391185,0.2032520325203252,0.03122031402954084,0.5434782608695652,0.27548209366391185,0.1923076923076923,0.011268046841169443,0.5747126436781609,0.29154518950437314,0.21551724137931036,0.08177507456184441
2014/2015,2014-11-22,Morelia,Guadalajara,1,2,-1,football-data,2.56,3.04,3.2,2.57,3.1,3.3,2.41,2.99,2.98,0.390625,0.32894736842105265,0.3125,0.032072368421052655,0.38910505836575876,0.3225806451612903,0.30303030303030304,0.014716006557352168,0.41493775933609955,0.33444816053511706,0.33557046979865773,0.0849563896698744
2014/2015,2014-11-22,Puebla,Santos Laguna,3,3,0,football-data,3.1,3.39,2.45,3.14,3.4,2.5,2.95,3.12,2.37,0.3225806451612903,0.2949852507374631,0.4081632653061224,0.025729161204875783,0.3184713375796178,0.29411764705882354,0.4,0.012588984638441492,0.3389830508474576,0.3205128205128205,0.42194092827004215,0.08143679963032024
2014/2015,2014-11-22,Tijuana,Leon,3,2,1,football-data,3.51,3.56,2.17,3.6,3.58,2.4,3.27,3.26,2.13,0.2849002849002849,0.2808988764044944,0.4608294930875576,0.02662865439233686,0.2777777777777778,0.27932960893854747,0.4166666666666667,-0.026225946617008056,0.3058103975535168,0.3067484662576687,0.4694835680751174,0.08204243188630289
2014/2015,2014-11-23,Chiapas,Queretaro,2,1,1,football-data,2.1,3.43,3.86,2.13,3.43,4.05,2.04,3.23,3.56,0.47619047619047616,0.29154518950437314,0.2590673575129534,0.0268030232078027,0.4694835680751174,0.29154518950437314,0.2469135802469136,0.007942337826404078,0.49019607843137253,0.30959752321981426,0.2808988764044944,0.08069247805568125
2014/2015,2014-11-23,Leones Negros,Cruz Azul,1,1,0,football-data,3.11,3.03,2.64,3.2,3.1,2.72,2.91,2.97,2.5,0.3215434083601286,0.33003300330033003,0.3787878787878788,0.03036429044833744,0.3125,0.3225806451612903,0.3676470588235294,0.002727703984819696,0.3436426116838488,0.33670033670033667,0.4,0.08034294838418532
2014/2015,2014-11-23,Pachuca,Veracruz,1,0,1,football-data,1.68,3.86,5.91,1.73,3.86,6.0,1.62,3.56,5.45,0.5952380952380952,0.2590673575129534,0.1692047377326565,0.023510190483705173,0.5780346820809249,0.2590673575129534,0.16666666666666666,0.0037687062605449295,0.6172839506172839,0.2808988764044944,0.18348623853211007,0.08166906555388831
2014/2015,2014-11-23,Pumas UNAM,Monterrey,4,2,1,football-data,1.99,3.4,4.38,2.25,3.47,4.55,1.91,3.29,3.98,0.5025125628140703,0.29411764705882354,0.22831050228310504,0.024940712155999023,0.4444444444444444,0.2881844380403458,0.21978021978021978,-0.047590897734990034,0.5235602094240838,0.303951367781155,0.25125628140703515,0.07876785861227398
2014/2015,2014-11-23,Tigres UANL,Toluca,2,1,1,football-data,2.08,3.37,4.05,2.32,3.37,4.05,2.09,3.16,3.51,0.4807692307692307,0.29673590504451036,0.2469135802469136,0.0244187160606546,0.4310344827586207,0.29673590504451036,0.2469135802469136,-0.025316031949955353,0.47846889952153115,0.3164556962025316,0.2849002849002849,0.07982488062434756
2014/2015,2014-11-27,Pachuca,Tigres UANL,1,1,0,football-data,2.59,3.19,3.08,2.64,3.3,3.2,2.47,3.06,2.87,0.3861003861003861,0.31347962382445144,0.3246753246753247,0.02425533460016216,0.3787878787878788,0.30303030303030304,0.3125,-0.005681818181818121,0.4048582995951417,0.32679738562091504,0.3484320557491289,0.08008774096518567
2014/2015,2014-11-27,Pumas UNAM,America,1,0,1,football-data,4.13,3.4,2.05,4.6,3.5,2.15,3.61,3.26,2.03,0.24213075060532688,0.29411764705882354,0.48780487804878053,0.024053275712931033,0.2173913043478261,0.2857142857142857,0.46511627906976744,-0.03177813086812087,0.2770083102493075,0.3067484662576687,0.4926108374384237,0.07636761394539993
2014/2015,2014-11-28,Chiapas,Toluca,1,1,0,football-data,2.25,3.26,3.64,2.3,3.26,3.85,2.19,3.08,3.36,0.4444444444444444,0.3067484662576687,0.2747252747252747,0.025918185427387774,0.4347826086956522,0.3067484662576687,0.2597402597402597,0.0012713346935806502,0.4566210045662101,0.3246753246753247,0.2976190476190476,0.07891537686058236
2014/2015,2014-11-28,Monterrey,Atlas,0,1,-1,football-data,2.65,3.17,3.02,2.65,3.25,3.1,2.45,3.05,2.9,0.37735849056603776,0.31545741324921134,0.33112582781456956,0.02394173162981872,0.37735849056603776,0.3076923076923077,0.3225806451612903,0.007631443419635842,0.4081632653061224,0.3278688524590164,0.3448275862068966,0.08085970397203535
2014/2015,2014-11-29,America,Pumas UNAM,1,0,1,football-data,1.61,4.01,6.45,1.75,4.25,6.6,1.6,3.68,5.54,0.6211180124223602,0.24937655860349128,0.15503875968992248,0.025533330715773905,0.5714285714285714,0.23529411764705882,0.15151515151515152,-0.041762159409218236,0.625,0.2717391304347826,0.18050541516245489,0.07724454559723748
2014/2015,2014-11-30,Tigres UANL,Pachuca,1,1,0,football-data,1.94,3.34,4.74,1.96,3.5,4.74,1.88,3.28,4.14,0.5154639175257733,0.29940119760479045,0.21097046413502107,0.025835579265584663,0.5102040816326531,0.2857142857142857,0.21097046413502107,0.006888831481959734,0.5319148936170213,0.3048780487804878,0.24154589371980678,0.07833883611731585
2014/2015,2014-11-30,Toluca,Chiapas,1,1,0,football-data,2.02,3.4,4.16,2.09,3.4,4.3,1.95,3.24,3.9,0.49504950495049505,0.29411764705882354,0.24038461538461536,0.02955176739393406,0.47846889952153115,0.29411764705882354,0.23255813953488372,0.005144686115238439,0.5128205128205129,0.30864197530864196,0.25641025641025644,0.07787274453941118
2014/2015,2014-12-01,Atlas,Monterrey,0,2,-1,football-data,2.26,3.42,3.43,2.26,3.42,3.6,2.16,3.17,3.31,0.4424778761061947,0.29239766081871343,0.29154518950437314,0.026420726429281283,0.4424778761061947,0.29239766081871343,0.2777777777777778,0.012653314702685936,0.4629629629629629,0.31545741324921134,0.3021148036253776,0.08053517983755176
2014/2015,2014-12-05,Monterrey,America,0,3,-1,football-data,3.0,3.07,2.72,3.13,3.2,2.78,2.89,2.94,2.53,0.3333333333333333,0.32573289902280134,0.3676470588235294,0.026713291179664145,0.3194888178913738,0.3125,0.3597122302158274,-0.008298951892798945,0.3460207612456747,0.3401360544217687,0.3952569169960475,0.08141373266349072
2014/2015,2014-12-05,Toluca,Tigres UANL,0,0,0,football-data,2.57,3.06,3.23,2.64,3.15,3.4,2.38,2.96,3.13,0.38910505836575876,0.32679738562091504,0.30959752321981426,0.025499967206488172,0.3787878787878788,0.31746031746031744,0.29411764705882354,-0.009634156692980289,0.42016806722689076,0.33783783783783783,0.3194888178913738,0.07749472295610227
2014/2015,2014-12-07,Tigres UANL,Toluca,0,0,0,football-data,2.16,3.34,3.83,2.19,3.34,4.05,2.11,3.16,3.44,0.4629629629629629,0.29940119760479045,0.2610966057441253,0.023460766311878656,0.4566210045662101,0.29940119760479045,0.2469135802469136,0.0029357824179141456,0.47393364928909953,0.3164556962025316,0.29069767441860467,0.08108701991023581
2014/2015,2014-12-08,America,Monterrey,0,0,0,football-data,1.78,3.82,5.02,1.83,3.82,5.15,1.75,3.49,4.54,0.5617977528089888,0.2617801047120419,0.19920318725099603,0.022781044772026693,0.5464480874316939,0.2617801047120419,0.1941747572815534,0.0024029494252890693,0.5714285714285714,0.28653295128939826,0.22026431718061673,0.07822583989858645
2014/2015,2014-12-12,Tigres UANL,America,1,0,1,football-data,2.57,3.14,3.15,2.63,3.15,3.25,2.45,2.96,2.98,0.38910505836575876,0.3184713375796178,0.31746031746031744,0.025036713405694133,0.3802281368821293,0.31746031746031744,0.3076923076923077,0.0053807620347545715,0.4081632653061224,0.33783783783783783,0.33557046979865773,0.08157157294261785
2014/2015,2014-12-15,America,Tigres UANL,3,0,1,football-data,2.02,3.29,4.35,2.05,3.6,4.55,1.93,3.2,4.04,0.49504950495049505,0.303951367781155,0.2298850574712644,0.0288859302029143,0.48780487804878053,0.2777777777777778,0.21978021978021978,-0.014637124393221845,0.5181347150259068,0.3125,0.24752475247524752,0.07815946750115432
2014/2015,2015-01-10,America,Leon,3,2,1,football-data,1.83,3.76,4.68,1.9,3.79,4.85,1.79,3.49,4.29,0.5464480874316939,0.26595744680851063,0.2136752136752137,0.026080747915418367,0.5263157894736842,0.2638522427440633,0.2061855670103093,-0.0036464007719431146,0.5586592178770949,0.28653295128939826,0.2331002331002331,0.0782924022667264
2014/2015,2015-01-10,Morelia,Toluca,0,0,0,football-data,2.63,3.1,3.11,2.7,3.2,3.11,2.56,3.01,2.82,0.3802281368821293,0.3225806451612903,0.3215434083601286,0.024352190403548413,0.37037037037037035,0.3125,0.3215434083601286,0.004413778730498974,0.390625,0.33222591362126247,0.3546099290780142,0.07746084269927667
2014/2015,2015-01-10,Puebla,Tijuana,2,1,1,football-data,2.15,3.32,3.81,2.25,3.35,3.9,2.1,3.1,3.59,0.46511627906976744,0.30120481927710846,0.26246719160104987,0.028788289947925705,0.4444444444444444,0.29850746268656714,0.25641025641025644,-0.0006378364587320551,0.47619047619047616,0.3225806451612903,0.2785515320334262,0.07732265338519273
2014/2015,2015-01-10,Santos Laguna,Veracruz,1,2,-1,football-data,1.61,3.93,6.71,1.65,4.0,6.71,1.57,3.74,5.84,0.6211180124223602,0.2544529262086514,0.14903129657228018,0.024602235203291745,0.6060606060606061,0.25,0.14903129657228018,0.005091902632886169,0.6369426751592356,0.267379679144385,0.17123287671232876,0.0755552310159493
2014/2015,2015-01-11,Chiapas,Guadalajara,2,1,1,football-data,2.27,3.15,3.74,2.3,3.2,3.74,2.21,3.08,3.31,0.44052863436123346,0.31746031746031744,0.267379679144385,0.02536863096593578,0.4347826086956522,0.3125,0.267379679144385,0.014662287840037092,0.45248868778280543,0.3246753246753247,0.3021148036253776,0.07927881608350762
2014/2015,2015-01-11,Leones Negros,Monterrey,1,0,1,football-data,2.74,3.0,3.06,2.77,3.1,3.2,2.62,2.9,2.86,0.36496350364963503,0.3333333333333333,0.32679738562091504,0.025094222603883276,0.36101083032490977,0.3225806451612903,0.3125,-0.003908524513799971,0.38167938931297707,0.3448275862068966,0.3496503496503497,0.07615732517022344
2014/2015,2015-01-11,Pachuca,Cruz Azul,0,1,-1,football-data,2.7,3.09,3.02,2.75,3.1,3.04,2.56,3.01,2.84,0.37037037037037035,0.3236245954692557,0.33112582781456956,0.025120793654195506,0.36363636363636365,0.3225806451612903,0.32894736842105265,0.01516437721870667,0.390625,0.33222591362126247,0.35211267605633806,0.07496358967760042
2014/2015,2015-01-11,Pumas UNAM,Queretaro,1,1,0,football-data,2.27,3.28,3.58,2.27,3.3,4.0,2.14,3.15,3.44,0.44052863436123346,0.3048780487804878,0.27932960893854747,0.02473629208026873,0.44052863436123346,0.30303030303030304,0.25,-0.006441062608463444,0.4672897196261682,0.31746031746031744,0.29069767441860467,0.07544771150509044
2014/2015,2015-01-11,Tigres UANL,Atlas,0,1,-1,football-data,2.02,3.36,4.31,2.15,3.4,4.45,2.0,3.15,3.84,0.49504950495049505,0.2976190476190476,0.2320185614849188,0.024687114054461556,0.46511627906976744,0.29411764705882354,0.2247191011235955,-0.016046972747813526,0.5,0.31746031746031744,0.2604166666666667,0.07787698412698418
2014/2015,2015-01-17,Cruz Azul,Santos Laguna,1,0,1,football-data,1.96,3.57,4.25,2.0,3.57,4.35,1.93,3.33,3.83,0.5102040816326531,0.2801120448179272,0.23529411764705882,0.025610244097639123,0.5,0.2801120448179272,0.2298850574712644,0.009997102289191595,0.5181347150259068,0.3003003003003003,0.2610966057441253,0.07953162107033229
2014/2015,2015-01-17,Queretaro,Leones Negros,1,0,1,football-data,2.34,2.91,3.9,2.4,3.4,3.9,2.21,2.92,3.54,0.4273504273504274,0.3436426116838488,0.25641025641025644,0.027403295444532683,0.4166666666666667,0.29411764705882354,0.25641025641025644,-0.03280542986425328,0.45248868778280543,0.3424657534246575,0.2824858757062147,0.0774403169136777
2014/2015,2015-01-17,Tijuana,America,1,0,1,football-data,3.38,3.22,2.39,3.38,3.3,2.45,3.15,3.13,2.26,0.2958579881656805,0.3105590062111801,0.41841004184100417,0.024827036217864862,0.2958579881656805,0.30303030303030304,0.4081632653061224,0.007051556502105871,0.31746031746031744,0.3194888178913738,0.4424778761061947,0.07942701145788589
2014/2015,2015-01-17,Veracruz,Puebla,3,1,1,football-data,2.78,2.89,3.12,2.8,3.1,3.14,2.56,2.88,2.95,0.3597122302158274,0.3460207612456747,0.3205128205128205,0.02624581197432252,0.35714285714285715,0.3225806451612903,0.3184713375796178,-0.001805160116234772,0.390625,0.3472222222222222,0.3389830508474576,0.07683027306967993
2014/2015,2015-01-18,Atlas,Morelia,2,1,1,football-data,2.52,3.15,3.22,2.52,3.2,3.97,2.32,3.05,3.14,0.3968253968253968,0.31746031746031744,0.3105590062111801,0.024844720496894235,0.3968253968253968,0.3125,0.2518891687657431,-0.038785434408860175,0.4310344827586207,0.3278688524590164,0.3184713375796178,0.07737467279725485
2014/2015,2015-01-18,Guadalajara,Pumas UNAM,2,1,1,football-data,2.19,3.17,3.95,2.24,3.3,3.95,2.13,3.1,3.5,0.4566210045662101,0.31545741324921134,0.2531645569620253,0.025242974777446747,0.4464285714285714,0.30303030303030304,0.2531645569620253,0.0026234314208997134,0.4694835680751174,0.3225806451612903,0.2857142857142857,0.07777849895069355
2014/2015,2015-01-18,Leon,Tigres UANL,0,1,-1,football-data,2.16,3.24,3.95,2.2,3.3,3.95,2.11,3.16,3.45,0.4629629629629629,0.30864197530864196,0.2531645569620253,0.024769495233630145,0.45454545454545453,0.30303030303030304,0.2531645569620253,0.010740314537782902,0.47393364928909953,0.3164556962025316,0.2898550724637681,0.08024441795539916
2014/2015,2015-01-18,Monterrey,Pachuca,1,0,1,football-data,2.21,3.31,3.69,2.44,3.31,3.75,2.17,3.14,3.34,0.45248868778280543,0.3021148036253776,0.2710027100271003,0.02560620143528336,0.4098360655737705,0.3021148036253776,0.26666666666666666,-0.02138246413418532,0.4608294930875576,0.3184713375796178,0.29940119760479045,0.07870202827196593
2014/2015,2015-01-18,Toluca,Chiapas,3,0,1,football-data,2.09,3.22,4.24,2.11,3.3,4.4,2.0,3.18,3.83,0.47846889952153115,0.3105590062111801,0.23584905660377356,0.024876962336484842,0.47393364928909953,0.30303030303030304,0.22727272727272727,0.004236679592129811,0.5,0.31446540880503143,0.2610966057441253,0.07556201454915668
2014/2015,2015-01-24,America,Puebla,0,0,0,football-data,1.55,4.1,7.06,1.6,4.5,7.3,1.54,3.81,6.08,0.6451612903225806,0.24390243902439027,0.141643059490085,0.0307067888370558,0.625,0.2222222222222222,0.136986301369863,-0.015791476407914784,0.6493506493506493,0.26246719160104987,0.16447368421052633,0.07629152516222559
2014/2015,2015-01-24,Morelia,Leon,0,0,0,football-data,2.9,3.2,2.71,2.9,3.3,2.92,2.64,3.12,2.66,0.3448275862068966,0.3125,0.36900369003690037,0.026331276243797053,0.3448275862068966,0.30303030303030304,0.3424657534246575,-0.009676357338142871,0.3787878787878788,0.3205128205128205,0.37593984962406013,0.0752405489247594
2014/2015,2015-01-24,Santos Laguna,Monterrey,4,1,1,football-data,2.1,3.37,3.97,2.15,3.4,4.1,2.06,3.22,3.56,0.47619047619047616,0.29673590504451036,0.2518891687657431,0.024815550000729658,0.46511627906976744,0.29411764705882354,0.24390243902439027,0.003136365152981213,0.4854368932038835,0.3105590062111801,0.2808988764044944,0.07689477581955795
2014/2015,2015-01-24,Veracruz,Cruz Azul,0,0,0,football-data,3.45,3.01,2.48,3.5,3.2,2.5,3.26,3.0,2.29,0.2898550724637681,0.33222591362126247,0.40322580645161293,0.025306792536643474,0.2857142857142857,0.3125,0.4,-0.0017857142857142794,0.3067484662576687,0.3333333333333333,0.4366812227074236,0.07676302229842547
2014/2015,2015-01-25,Chiapas,Atlas,3,1,1,football-data,2.22,3.2,3.79,2.31,3.24,3.8,2.22,3.11,3.29,0.4504504504504504,0.3125,0.2638522427440633,0.026802693194513783,0.4329004329004329,0.30864197530864196,0.2631578947368421,0.004700302945916945,0.4504504504504504,0.3215434083601286,0.303951367781155,0.07594522659173397
2014/2015,2015-01-25,Leones Negros,Guadalajara,1,1,0,football-data,2.94,2.91,2.93,2.94,3.06,3.0,2.69,2.9,2.76,0.3401360544217687,0.3436426116838488,0.341296928327645,0.02507559443326257,0.3401360544217687,0.32679738562091504,0.3333333333333333,0.00026677337601710427,0.3717472118959108,0.3448275862068966,0.3623188405797102,0.07889363868251764
2014/2015,2015-01-25,Pachuca,Queretaro,2,1,1,football-data,2.53,3.14,3.21,2.66,3.2,3.41,2.36,3.04,3.1,0.3952569169960475,0.3184713375796178,0.3115264797507788,0.025254734326444206,0.37593984962406013,0.3125,0.29325513196480935,-0.018305018411130525,0.42372881355932207,0.32894736842105265,0.3225806451612903,0.07525682714166493
2014/2015,2015-01-25,Pumas UNAM,Toluca,3,2,1,football-data,2.91,3.14,2.76,2.91,3.2,2.88,2.69,3.0,2.68,0.3436426116838488,0.3184713375796178,0.3623188405797102,0.024432789843176872,0.3436426116838488,0.3125,0.3472222222222222,0.0033648339060710075,0.3717472118959108,0.3333333333333333,0.3731343283582089,0.07821487358745305
2014/2015,2015-01-25,Tigres UANL,Tijuana,1,2,-1,football-data,1.83,3.41,5.36,1.86,3.55,5.9,1.78,3.29,4.75,0.5464480874316939,0.29325513196480935,0.18656716417910446,0.026270383575607736,0.5376344086021505,0.28169014084507044,0.1694915254237288,-0.011183925129050198,0.5617977528089888,0.303951367781155,0.21052631578947367,0.07627543637961742
2014/2015,2015-01-31,America,Tigres UANL,1,0,1,football-data,2.03,3.4,4.2,2.03,3.4,4.5,1.91,3.26,4.04,0.4926108374384237,0.29411764705882354,0.23809523809523808,0.024823722592485442,0.4926108374384237,0.29411764705882354,0.2222222222222222,0.008950706719469625,0.5235602094240838,0.3067484662576687,0.24752475247524752,0.07783342815700012
2014/2015,2015-01-31,Puebla,Cruz Azul,0,0,0,football-data,3.78,3.14,2.26,3.78,3.15,2.58,3.23,3.03,2.3,0.2645502645502646,0.3184713375796178,0.4424778761061947,0.025499478236077122,0.2645502645502646,0.31746031746031744,0.38759689922480617,-0.030392518764611687,0.30959752321981426,0.33003300330033003,0.4347826086956522,0.07441313521579662
2014/2015,2015-01-31,Queretaro,Santos Laguna,0,1,-1,football-data,2.71,3.24,2.88,2.71,3.25,3.0,2.48,3.13,2.82,0.36900369003690037,0.30864197530864196,0.3472222222222222,0.02486788756776459,0.36900369003690037,0.3076923076923077,0.3333333333333333,0.010029331062541447,0.40322580645161293,0.3194888178913738,0.3546099290780142,0.07732455342100097
2014/2015,2015-01-31,Tijuana,Morelia,4,2,1,football-data,1.74,3.81,5.33,1.95,3.81,5.33,1.79,3.47,4.43,0.5747126436781609,0.26246719160104987,0.18761726078799248,0.02479709606720326,0.5128205128205129,0.26246719160104987,0.18761726078799248,-0.03709503479044485,0.5586592178770949,0.2881844380403458,0.22573363431151244,0.0725772902289532
2014/2015,2015-02-01,Atlas,Pumas UNAM,1,1,0,football-data,2.54,3.07,3.27,2.55,3.2,3.45,2.33,3.04,3.16,0.39370078740157477,0.32573289902280134,0.3058103975535168,0.025244083977892906,0.3921568627450981,0.3125,0.2898550724637681,-0.005488064791133729,0.4291845493562232,0.32894736842105265,0.3164556962025316,0.0745876139798074
2014/2015,2015-02-01,Guadalajara,Pachuca,1,0,1,football-data,2.29,3.17,3.67,2.55,3.25,3.67,2.27,3.03,3.25,0.4366812227074236,0.31545741324921134,0.2724795640326976,0.024618199989332457,0.3921568627450981,0.3076923076923077,0.2724795640326976,-0.027671265529896627,0.44052863436123346,0.33003300330033003,0.3076923076923077,0.07825394535387131
2014/2015,2015-02-01,Leon,Chiapas,1,1,0,football-data,1.91,3.63,4.44,1.93,3.63,4.45,1.86,3.39,4.08,0.5235602094240838,0.27548209366391185,0.2252252252252252,0.024267528313220765,0.5181347150259068,0.27548209366391185,0.2247191011235955,0.018335909813414153,0.5376344086021505,0.2949852507374631,0.24509803921568626,0.07771769855529986
2014/2015,2015-02-01,Monterrey,Veracruz,1,1,0,football-data,1.95,3.33,4.67,2.01,3.33,4.67,1.94,3.2,4.03,0.5128205128205129,0.3003003003003003,0.21413276231263384,0.027253575433447086,0.49751243781094534,0.3003003003003003,0.21413276231263384,0.01194550042387954,0.5154639175257733,0.3125,0.24813895781637715,0.07610287534215043
2014/2015,2015-02-01,Toluca,Leones Negros,3,1,1,football-data,1.93,3.29,4.88,2.01,3.35,4.88,1.88,3.19,4.31,0.5181347150259068,0.303951367781155,0.20491803278688525,0.02700411559394711,0.49751243781094534,0.29850746268656714,0.20491803278688525,0.0009379332843977295,0.5319148936170213,0.31347962382445144,0.2320185614849188,0.0774130789263916
2014/2015,2015-02-07,Cruz Azul,Monterrey,1,0,1,football-data,1.78,3.35,6.04,1.85,3.5,6.04,1.74,3.34,4.92,0.5617977528089888,0.29850746268656714,0.16556291390728478,0.025868129402840667,0.5405405405405405,0.2857142857142857,0.16556291390728478,-0.008182259837889116,0.5747126436781609,0.29940119760479045,0.2032520325203252,0.07736587380327653
2014/2015,2015-02-07,Morelia,America,2,2,0,football-data,4.0,3.49,2.05,4.1,3.5,2.07,3.75,3.34,1.96,0.25,0.28653295128939826,0.48780487804878053,0.02433782933817885,0.24390243902439027,0.2857142857142857,0.48309178743961356,0.0127085121782895,0.26666666666666666,0.29940119760479045,0.5102040816326531,0.07627194590411035
2014/2015,2015-02-07,Santos Laguna,Guadalajara,1,0,1,football-data,1.9,3.53,4.56,1.93,3.53,4.56,1.85,3.35,4.19,0.5263157894736842,0.28328611898017,0.2192982456140351,0.02890015406788926,0.5181347150259068,0.28328611898017,0.2192982456140351,0.02071907962011199,0.5405405405405405,0.29850746268656714,0.2386634844868735,0.07771148771398106
2014/2015,2015-02-07,Veracruz,Queretaro,1,1,0,football-data,2.52,2.97,3.41,2.55,3.1,3.45,2.44,2.93,3.05,0.3968253968253968,0.33670033670033667,0.29325513196480935,0.026780865490542816,0.3921568627450981,0.3225806451612903,0.2898550724637681,0.004592580370156529,0.4098360655737705,0.341296928327645,0.3278688524590164,0.07900184636043184
2014/2015,2015-02-08,Chiapas,Tijuana,2,2,0,football-data,2.26,3.29,3.56,2.27,3.34,3.9,2.16,3.17,3.35,0.4424778761061947,0.303951367781155,0.2808988764044944,0.02732812029184406,0.44052863436123346,0.29940119760479045,0.25641025641025644,-0.0036599116237197027,0.4629629629629629,0.31545741324921134,0.29850746268656714,0.07692783889874133
2014/2015,2015-02-08,Leones Negros,Atlas,0,2,-1,football-data,2.38,3.06,3.56,2.58,3.1,3.7,2.34,2.94,3.25,0.42016806722689076,0.32679738562091504,0.2808988764044944,0.027864329252300202,0.38759689922480617,0.3225806451612903,0.27027027027027023,-0.019552185343633344,0.4273504273504274,0.3401360544217687,0.3076923076923077,0.07517878946450374
2014/2015,2015-02-08,Pachuca,Toluca,1,1,0,football-data,2.84,3.15,2.77,2.84,3.18,2.9,2.64,3.01,2.73,0.35211267605633806,0.31746031746031744,0.36101083032490977,0.030583823841565216,0.35211267605633806,0.31446540880503143,0.3448275862068966,0.011405671068266177,0.3787878787878788,0.33222591362126247,0.3663003663003663,0.07731415870950764
2014/2015,2015-02-08,Pumas UNAM,Leon,1,3,-1,football-data,2.75,3.32,2.78,2.88,3.32,2.94,2.61,3.13,2.68,0.36363636363636365,0.30120481927710846,0.3597122302158274,0.024553413129299484,0.3472222222222222,0.30120481927710846,0.3401360544217687,-0.011436904078900634,0.3831417624521073,0.3194888178913738,0.3731343283582089,0.07576490870169006
2014/2015,2015-02-08,Tigres UANL,Puebla,1,0,1,football-data,1.76,3.55,5.51,1.8,3.7,6.0,1.69,3.39,5.28,0.5681818181818182,0.28169014084507044,0.18148820326678766,0.03136016229367633,0.5555555555555556,0.27027027027027023,0.16666666666666666,-0.007507507507507616,0.591715976331361,0.2949852507374631,0.1893939393939394,0.0760951664627636
2014/2015,2015-02-14,America,Chiapas,5,0,1,football-data,1.53,4.05,7.74,1.67,4.05,7.74,1.54,3.8,6.09,0.6535947712418301,0.2469135802469136,0.12919896640826872,0.02970731789701242,0.5988023952095809,0.2469135802469136,0.12919896640826872,-0.02508505813523687,0.6493506493506493,0.2631578947368421,0.16420361247947454,0.07671215656696595
2014/2015,2015-02-14,Puebla,Monterrey,2,0,1,football-data,2.54,3.13,3.21,2.58,3.2,3.5,2.38,3.01,3.09,0.39370078740157477,0.3194888178913738,0.3115264797507788,0.024716085043727354,0.38759689922480617,0.3125,0.2857142857142857,-0.014188815060908078,0.42016806722689076,0.33222591362126247,0.3236245954692557,0.07601857631740883
2014/2015,2015-02-14,Queretaro,Cruz Azul,1,2,-1,football-data,2.99,3.01,2.79,3.25,3.1,2.92,2.88,2.91,2.62,0.33444816053511706,0.33222591362126247,0.35842293906810035,0.02509701322447988,0.3076923076923077,0.3225806451612903,0.3424657534246575,-0.027261293721744462,0.3472222222222222,0.3436426116838488,0.38167938931297707,0.07254422321904808
2014/2015,2015-02-14,Tijuana,Pumas UNAM,3,0,1,football-data,2.01,3.56,4.1,2.03,3.56,4.4,1.94,3.32,3.87,0.49751243781094534,0.2808988764044944,0.24390243902439027,0.022313753239830092,0.4926108374384237,0.2808988764044944,0.22727272727272727,0.0007824411156454048,0.5154639175257733,0.30120481927710846,0.25839793281653745,0.0750666696194191
2014/2015,2015-02-15,Atlas,Pachuca,1,3,-1,football-data,2.45,3.19,3.3,2.45,3.2,3.65,2.25,3.05,3.28,0.4081632653061224,0.31347962382445144,0.30303030303030304,0.024673192160876933,0.4081632653061224,0.3125,0.273972602739726,-0.00536413195415153,0.4444444444444444,0.3278688524590164,0.3048780487804878,0.07719134568394859
2014/2015,2015-02-15,Guadalajara,Veracruz,0,0,0,football-data,2.29,3.09,3.75,2.5,3.2,3.8,2.18,3.02,3.5,0.4366812227074236,0.3236245954692557,0.26666666666666666,0.026972484843345912,0.4,0.3125,0.2631578947368421,-0.02434210526315783,0.4587155963302752,0.33112582781456956,0.2857142857142857,0.07555570985913063
2014/2015,2015-02-15,Leon,Leones Negros,2,1,1,football-data,1.71,3.89,5.48,1.85,3.89,5.48,1.72,3.53,4.73,0.5847953216374269,0.2570694087403599,0.18248175182481752,0.02434648220260427,0.5405405405405405,0.2570694087403599,0.18248175182481752,-0.01990829889428214,0.5813953488372093,0.28328611898017,0.2114164904862579,0.07609795830363719
2014/2015,2015-02-15,Tigres UANL,Morelia,1,0,1,football-data,1.57,4.11,6.82,1.64,4.11,7.0,1.55,3.75,6.04,0.6369426751592356,0.24330900243309,0.14662756598240467,0.02687924357473026,0.6097560975609756,0.24330900243309,0.14285714285714285,-0.00407775714879155,0.6451612903225806,0.26666666666666666,0.16556291390728478,0.07739087089653207
2014/2015,2015-02-15,Toluca,Santos Laguna,2,2,0,football-data,2.19,3.51,3.51,2.25,3.51,3.51,2.16,3.25,3.28,0.4566210045662101,0.2849002849002849,0.2849002849002849,0.026421574366779943,0.4444444444444444,0.2849002849002849,0.2849002849002849,0.01424501424501412,0.4629629629629629,0.3076923076923077,0.3048780487804878,0.07553331943575836
2014/2015,2015-02-21,Cruz Azul,Guadalajara,1,2,-1,football-data,1.76,3.44,5.99,1.8,3.6,5.99,1.71,3.34,5.22,0.5681818181818182,0.29069767441860467,0.1669449081803005,0.025824400780723344,0.5555555555555556,0.2777777777777778,0.1669449081803005,0.00027824151363375904,0.5847953216374269,0.29940119760479045,0.19157088122605365,0.0757674004682709
2014/2015,2015-02-21,Morelia,Puebla,1,2,-1,football-data,2.39,3.18,3.35,2.48,3.25,3.47,2.31,3.09,3.12,0.41841004184100417,0.31446540880503143,0.29850746268656714,0.03138291333260268,0.40322580645161293,0.3076923076923077,0.2881844380403458,-0.0008974478157335319,0.4329004329004329,0.3236245954692557,0.3205128205128205,0.07703784888250897
2014/2015,2015-02-21,Santos Laguna,Atlas,0,1,-1,football-data,1.74,3.9,5.21,1.87,3.9,5.21,1.74,3.59,4.52,0.5747126436781609,0.25641025641025644,0.19193857965451055,0.023061479742927826,0.53475935828877,0.25641025641025644,0.19193857965451055,-0.016891805646463087,0.5747126436781609,0.2785515320334262,0.22123893805309736,0.07450311376468433
2014/2015,2015-02-21,Veracruz,Toluca,3,0,1,football-data,2.78,3.08,2.93,2.94,3.16,2.93,2.67,2.97,2.73,0.3597122302158274,0.3246753246753247,0.341296928327645,0.025684483218797016,0.3401360544217687,0.3164556962025316,0.341296928327645,-0.0021113210480546707,0.37453183520599254,0.33670033670033667,0.3663003663003663,0.07753253820669559
2014/2015,2015-02-22,Chiapas,Tigres UANL,1,0,1,football-data,3.01,3.14,2.63,3.1,3.14,2.8,2.82,3.0,2.56,0.33222591362126247,0.3184713375796178,0.3802281368821293,0.030925388083009597,0.3225806451612903,0.3184713375796178,0.35714285714285715,-0.001805160116234772,0.3546099290780142,0.3333333333333333,0.390625,0.07856826241134751
2014/2015,2015-02-22,Leones Negros,Tijuana,0,1,-1,football-data,2.76,3.16,2.85,2.8,3.16,3.14,2.6,3.01,2.77,0.3623188405797102,0.3164556962025316,0.3508771929824561,0.029651729764697876,0.35714285714285715,0.3164556962025316,0.3184713375796178,-0.007930109074993474,0.3846153846153846,0.33222591362126247,0.36101083032490977,0.07785212856155677
2014/2015,2015-02-22,Monterrey,Queretaro,2,1,1,football-data,2.07,3.3,4.19,2.15,3.35,4.55,2.04,3.17,3.68,0.48309178743961356,0.30303030303030304,0.2386634844868735,0.024785574956790235,0.46511627906976744,0.29850746268656714,0.21978021978021978,-0.016596038463445706,0.49019607843137253,0.31545741324921134,0.2717391304347826,0.07739262211536646
2014/2015,2015-02-22,Pachuca,Leon,2,1,1,football-data,2.52,3.27,3.1,2.68,3.31,3.18,2.48,3.1,2.84,0.3968253968253968,0.3058103975535168,0.3225806451612903,0.025216439540203917,0.3731343283582089,0.3021148036253776,0.31446540880503143,-0.01028545921138213,0.40322580645161293,0.3225806451612903,0.35211267605633806,0.07791912766924125
2014/2015,2015-02-22,Pumas UNAM,America,0,1,-1,football-data,3.32,3.32,2.36,3.65,3.32,2.45,3.34,3.18,2.17,0.30120481927710846,0.30120481927710846,0.42372881355932207,0.026138452113539046,0.273972602739726,0.30120481927710846,0.4081632653061224,-0.016659312677043125,0.29940119760479045,0.31446540880503143,0.4608294930875576,0.07469609949737954
2014/2015,2015-02-28,America,Leones Negros,0,1,-1,football-data,1.5,4.27,7.97,1.51,4.27,8.23,1.45,4.04,7.21,0.6666666666666666,0.234192037470726,0.12547051442910917,0.026329218566501833,0.6622516556291391,0.234192037470726,0.12150668286755771,0.017950375967422882,0.6896551724137931,0.24752475247524752,0.13869625520110956,0.07587618009015018
2014/2015,2015-02-28,Morelia,Chiapas,3,2,1,football-data,2.43,3.35,3.18,2.5,3.35,3.25,2.37,3.14,2.99,0.4115226337448559,0.29850746268656714,0.31446540880503143,0.024495505236454385,0.4,0.29850746268656714,0.3076923076923077,0.00619977037887498,0.42194092827004215,0.3184713375796178,0.33444816053511706,0.07486042638477697
2014/2015,2015-02-28,Puebla,Queretaro,4,1,1,football-data,2.44,3.04,3.41,2.5,3.17,3.55,2.32,3.02,3.16,0.4098360655737705,0.32894736842105265,0.29325513196480935,0.0320385659596325,0.4,0.31545741324921134,0.28169014084507044,-0.002852445905718204,0.4310344827586207,0.33112582781456956,0.3164556962025316,0.07861600677572178
2014/2015,2015-02-28,Tijuana,Pachuca,3,2,1,football-data,1.93,3.7,4.25,2.0,3.7,4.5,1.91,3.38,3.9,0.5181347150259068,0.27027027027027023,0.23529411764705882,0.02369910294323585,0.5,0.27027027027027023,0.2222222222222222,-0.007507507507507616,0.5235602094240838,0.2958579881656805,0.25641025641025644,0.0758284540000207
2014/2015,2015-03-01,Atlas,Veracruz,0,3,-1,football-data,2.85,3.03,2.91,2.92,3.1,2.91,2.67,2.97,2.73,0.3508771929824561,0.33003300330033003,0.3436426116838488,0.024552807966634838,0.3424657534246575,0.3225806451612903,0.3436426116838488,0.008689010269796515,0.37453183520599254,0.33670033670033667,0.3663003663003663,0.07753253820669559
2014/2015,2015-03-01,Guadalajara,Monterrey,3,0,1,football-data,2.4,3.08,3.52,2.48,3.2,3.65,2.31,3.04,3.18,0.4166666666666667,0.3246753246753247,0.2840909090909091,0.025432900432900585,0.40322580645161293,0.3125,0.273972602739726,-0.010301590808660999,0.4329004329004329,0.32894736842105265,0.31446540880503143,0.07631321012651693
2014/2015,2015-03-01,Leon,Santos Laguna,2,1,1,football-data,2.19,3.69,3.3,2.2,3.72,3.65,2.13,3.36,3.24,0.4566210045662101,0.2710027100271003,0.30303030303030304,0.030654017623613417,0.45454545454545453,0.26881720430107525,0.273972602739726,-0.00266473841374415,0.4694835680751174,0.2976190476190476,0.30864197530864196,0.07574459100280695
2014/2015,2015-03-01,Tigres UANL,Pumas UNAM,3,0,1,football-data,1.81,3.52,5.18,1.87,3.52,5.26,1.78,3.35,4.68,0.5524861878453039,0.2840909090909091,0.19305019305019305,0.02962728998640607,0.53475935828877,0.2840909090909091,0.19011406844106465,0.008964335820743852,0.5617977528089888,0.29850746268656714,0.2136752136752137,0.07398042917076975
2014/2015,2015-03-01,Toluca,Cruz Azul,1,0,1,football-data,2.91,3.07,2.81,2.91,3.25,2.94,2.63,2.99,2.76,0.3436426116838488,0.32573289902280134,0.35587188612099646,0.02524739682764654,0.3436426116838488,0.3076923076923077,0.3401360544217687,-0.008529026202074741,0.3802281368821293,0.33444816053511706,0.3623188405797102,0.07699513799695668
2014/2015,2015-03-07,Cruz Azul,Atlas,1,1,0,football-data,1.86,3.54,4.86,1.86,3.7,6.0,1.76,3.33,4.84,0.5376344086021505,0.2824858757062147,0.20576131687242796,0.02588160118079319,0.5376344086021505,0.27027027027027023,0.16666666666666666,-0.025428654460912692,0.5681818181818182,0.3003003003003003,0.2066115702479339,0.0750936887300524
2014/2015,2015-03-07,Queretaro,Guadalajara,1,0,1,football-data,2.33,3.04,3.73,2.38,3.12,3.8,2.25,3.02,3.35,0.4291845493562232,0.32894736842105265,0.2680965147453083,0.02622843252258411,0.42016806722689076,0.3205128205128205,0.2631578947368421,0.0038387824765533374,0.4444444444444444,0.33112582781456956,0.29850746268656714,0.07407773494558123
2014/2015,2015-03-07,Veracruz,Leon,1,0,1,football-data,2.78,3.22,2.81,2.78,3.25,2.9,2.57,3.1,2.73,0.3597122302158274,0.3105590062111801,0.35587188612099646,0.026143122548003994,0.3597122302158274,0.3076923076923077,0.3448275862068966,0.012232124115031606,0.38910505836575876,0.3225806451612903,0.3663003663003663,0.0779860698274153
2014/2015,2015-03-08,Chiapas,Puebla,2,2,0,football-data,2.1,3.39,3.93,2.22,3.4,4.0,2.05,3.19,3.63,0.47619047619047616,0.2949852507374631,0.2544529262086514,0.025628653136590795,0.4504504504504504,0.29411764705882354,0.25,-0.005431902490726115,0.48780487804878053,0.31347962382445144,0.27548209366391185,0.07676659553714371
2014/2015,2015-03-08,Leones Negros,Tigres UANL,2,1,1,football-data,3.54,3.02,2.44,3.54,3.1,2.8,3.06,2.92,2.47,0.2824858757062147,0.33112582781456956,0.4098360655737705,0.023447769094554705,0.2824858757062147,0.3225806451612903,0.35714285714285715,-0.037790621989637785,0.32679738562091504,0.3424657534246575,0.4048582995951417,0.0741214386407143
2014/2015,2015-03-08,Monterrey,Toluca,3,2,1,football-data,2.62,3.07,3.1,2.62,3.2,3.25,2.42,3.06,2.99,0.38167938931297707,0.32573289902280134,0.3225806451612903,0.029992933497068774,0.38167938931297707,0.3125,0.3076923076923077,0.0018716970052847781,0.4132231404958678,0.32679738562091504,0.33444816053511706,0.07446868665189976
2014/2015,2015-03-08,Pachuca,America,0,0,0,football-data,3.59,3.33,2.23,3.59,3.43,2.32,3.24,3.22,2.19,0.2785515320334262,0.3003003003003003,0.4484304932735426,0.027282325607269176,0.2785515320334262,0.29154518950437314,0.4310344827586207,0.0011312042964199964,0.30864197530864196,0.3105590062111801,0.4566210045662101,0.07582198608603208
2014/2015,2015-03-08,Pumas UNAM,Morelia,2,1,1,football-data,2.31,3.32,3.45,2.38,3.32,3.75,2.17,3.17,3.37,0.4329004329004329,0.30120481927710846,0.2898550724637681,0.023960324641309372,0.42016806722689076,0.30120481927710846,0.26666666666666666,-0.01196044682933417,0.4608294930875576,0.31545741324921134,0.29673590504451036,0.07302281138127942
2014/2015,2015-03-08,Santos Laguna,Tijuana,1,1,0,football-data,2.04,3.61,3.85,2.11,3.63,3.85,2.0,3.37,3.56,0.49019607843137253,0.2770083102493075,0.2597402597402597,0.02694464842093991,0.47393364928909953,0.27548209366391185,0.2597402597402597,0.009156002693271104,0.5,0.29673590504451036,0.2808988764044944,0.07763478144900482
2014/2015,2015-03-14,America,Santos Laguna,1,0,1,football-data,1.68,3.93,5.62,1.8,3.99,5.8,1.67,3.62,4.98,0.5952380952380952,0.2544529262086514,0.17793594306049823,0.02762696450724489,0.5555555555555556,0.2506265664160401,0.1724137931034483,-0.021404084924956046,0.5988023952095809,0.27624309392265195,0.2008032128514056,0.07584870198363847
2014/2015,2015-03-14,Morelia,Leones Negros,0,1,-1,football-data,2.37,3.22,3.41,2.45,3.22,3.41,2.3,3.06,3.17,0.42194092827004215,0.3105590062111801,0.29325513196480935,0.025755066446031538,0.4081632653061224,0.3105590062111801,0.29325513196480935,0.011977403482111848,0.4347826086956522,0.32679738562091504,0.31545741324921134,0.0770374075657787
2014/2015,2015-03-14,Puebla,Guadalajara,1,2,-1,football-data,2.49,3.06,3.26,2.55,3.17,3.3,2.41,3.01,3.03,0.4016064257028112,0.32679738562091504,0.3067484662576687,0.03515227758139483,0.3921568627450981,0.31545741324921134,0.30303030303030304,0.010644579024612355,0.41493775933609955,0.33222591362126247,0.33003300330033003,0.07719667625769211
2014/2015,2015-03-14,Tijuana,Veracruz,3,1,1,football-data,1.87,3.67,4.52,2.0,3.67,4.75,1.86,3.36,4.18,0.53475935828877,0.2724795640326976,0.22123893805309736,0.02847786037456501,0.5,0.2724795640326976,0.21052631578947367,-0.016994120177828753,0.5376344086021505,0.2976190476190476,0.23923444976076558,0.07448790598196364
2014/2015,2015-03-15,Atlas,Monterrey,2,1,1,football-data,2.29,3.15,3.55,2.3,3.25,3.6,2.22,3.07,3.33,0.4366812227074236,0.31746031746031744,0.28169014084507044,0.03583168101281142,0.4347826086956522,0.3076923076923077,0.2777777777777778,0.020252694165737717,0.4504504504504504,0.32573289902280134,0.3003003003003003,0.07648364977355193
2014/2015,2015-03-15,Chiapas,Pumas UNAM,0,2,-1,football-data,2.09,3.42,3.93,2.1,3.42,4.15,2.01,3.24,3.72,0.47846889952153115,0.29239766081871343,0.2544529262086514,0.02531948654889593,0.47619047619047616,0.29239766081871343,0.24096385542168672,0.009551992430876233,0.49751243781094534,0.30864197530864196,0.26881720430107525,0.0749716174206625
2014/2015,2015-03-15,Leon,Cruz Azul,2,2,0,football-data,2.57,3.43,2.86,2.68,3.43,3.0,2.49,3.09,2.83,0.38910505836575876,0.29154518950437314,0.3496503496503497,0.03030059752048153,0.3731343283582089,0.29154518950437314,0.3333333333333333,-0.001987148804084571,0.4016064257028112,0.3236245954692557,0.35335689045936397,0.07858791163143097
2014/2015,2015-03-15,Tigres UANL,Pachuca,2,1,1,football-data,1.86,3.59,4.77,1.95,3.65,4.85,1.84,3.35,4.32,0.5376344086021505,0.2785515320334262,0.20964360587002098,0.025829546505597767,0.5128205128205129,0.273972602739726,0.2061855670103093,-0.007021317429451779,0.5434782608695652,0.29850746268656714,0.23148148148148145,0.07346720503761373
2014/2015,2015-03-15,Toluca,Queretaro,1,0,1,football-data,2.31,3.29,3.46,2.35,3.4,4.14,2.11,3.2,3.48,0.4329004329004329,0.303951367781155,0.28901734104046245,0.025869141722050237,0.425531914893617,0.29411764705882354,0.24154589371980678,-0.03880454432775271,0.47393364928909953,0.3125,0.28735632183908044,0.07378997112817998
2014/2015,2015-03-21,Cruz Azul,Tijuana,2,1,1,football-data,1.83,3.6,4.94,2.0,3.65,4.94,1.84,3.37,4.25,0.5464480874316939,0.2777777777777778,0.20242914979757085,0.026655015007042593,0.5,0.273972602739726,0.20242914979757085,-0.023598247462703115,0.5434782608695652,0.29673590504451036,0.23529411764705882,0.07550828356113448
2014/2015,2015-03-21,Queretaro,Atlas,2,0,1,football-data,2.17,3.21,3.9,2.31,3.21,3.9,2.21,3.07,3.38,0.4608294930875576,0.3115264797507788,0.25641025641025644,0.028766229248592845,0.4329004329004329,0.3115264797507788,0.25641025641025644,0.0008371690614681349,0.45248868778280543,0.32573289902280134,0.2958579881656805,0.07407957497128725
2014/2015,2015-03-21,Santos Laguna,Tigres UANL,2,2,0,football-data,2.47,3.29,3.12,2.56,3.29,3.3,2.42,3.07,2.95,0.4048582995951417,0.303951367781155,0.3205128205128205,0.029322487889117177,0.390625,0.303951367781155,0.30303030303030304,-0.0023933291885420704,0.4132231404958678,0.32573289902280134,0.3389830508474576,0.07793909036612678
2014/2015,2015-03-21,Veracruz,America,4,0,1,football-data,3.62,3.1,2.32,3.62,3.15,2.4,3.26,3.01,2.29,0.27624309392265195,0.3225806451612903,0.4310344827586207,0.029858221842562926,0.27624309392265195,0.31746031746031744,0.4166666666666667,0.010370078049636078,0.3067484662576687,0.33222591362126247,0.4366812227074236,0.07565560258635484
2014/2015,2015-03-22,Guadalajara,Toluca,1,0,1,football-data,2.43,3.18,3.35,2.43,3.21,3.45,2.32,3.06,3.14,0.4115226337448559,0.31446540880503143,0.29850746268656714,0.024495505236454385,0.4115226337448559,0.3115264797507788,0.2898550724637681,0.012904185959402792,0.4310344827586207,0.32679738562091504,0.3184713375796178,0.07630320595915352
2014/2015,2015-03-22,Leones Negros,Chiapas,0,1,-1,football-data,2.65,3.16,3.02,2.65,3.2,3.25,2.42,3.06,2.97,0.37735849056603776,0.3164556962025316,0.33112582781456956,0.024940014583139103,0.37735849056603776,0.3125,0.3076923076923077,-0.0024492017416545275,0.4132231404958678,0.32679738562091504,0.33670033670033667,0.07672086281711943
2014/2015,2015-03-22,Monterrey,Leon,5,1,1,football-data,2.31,3.45,3.3,2.4,3.46,3.4,2.26,3.24,3.08,0.4329004329004329,0.2898550724637681,0.30303030303030304,0.02578580839450395,0.4166666666666667,0.28901734104046245,0.29411764705882354,-0.00019834523404727022,0.4424778761061947,0.30864197530864196,0.3246753246753247,0.0757951760901614
2014/2015,2015-03-22,Pachuca,Morelia,2,0,1,football-data,2.01,3.82,3.8,2.01,3.82,4.1,1.95,3.42,3.72,0.49751243781094534,0.2617801047120419,0.2631578947368421,0.022450437259829314,0.49751243781094534,0.2617801047120419,0.24390243902439027,0.003194981547377518,0.5128205128205129,0.29239766081871343,0.26881720430107525,0.07403537794030157
2014/2015,2015-03-22,Pumas UNAM,Puebla,2,1,1,football-data,2.27,3.3,3.57,2.27,3.3,3.75,2.16,3.16,3.37,0.44052863436123346,0.30303030303030304,0.2801120448179272,0.02367098220946362,0.44052863436123346,0.30303030303030304,0.26666666666666666,0.010225604058203164,0.4629629629629629,0.3164556962025316,0.29673590504451036,0.076154564210005
2014/2015,2015-04-04,Morelia,Santos Laguna,0,1,-1,football-data,2.47,3.57,2.95,2.6,3.57,2.98,2.42,3.21,2.84,0.4048582995951417,0.2801120448179272,0.3389830508474576,0.023953395260526422,0.3846153846153846,0.2801120448179272,0.33557046979865773,0.00029789923196954504,0.4132231404958678,0.3115264797507788,0.35211267605633806,0.07686229630298458
2014/2015,2015-04-05,America,Cruz Azul,1,0,1,football-data,2.17,3.3,3.82,2.3,3.3,3.87,2.08,3.16,3.57,0.4608294930875576,0.30303030303030304,0.2617801047120419,0.025639900829902418,0.4347826086956522,0.30303030303030304,0.25839793281653745,-0.003789155457507243,0.4807692307692307,0.3164556962025316,0.2801120448179272,0.07733697178968946
2014/2015,2015-04-05,Atlas,Guadalajara,1,1,0,football-data,2.42,3.07,3.49,2.67,3.1,3.49,2.38,2.95,3.14,0.4132231404958678,0.32573289902280134,0.28653295128939826,0.025488990808067324,0.37453183520599254,0.3225806451612903,0.28653295128939826,-0.016354568343318943,0.42016806722689076,0.3389830508474576,0.3184713375796178,0.0776224556539662
2014/2015,2015-04-05,Chiapas,Pachuca,2,2,0,football-data,2.32,3.42,3.32,2.33,3.45,3.6,2.15,3.24,3.3,0.4310344827586207,0.29239766081871343,0.30120481927710846,0.0246369628544425,0.4291845493562232,0.2898550724637681,0.2777777777777778,-0.0031826004022309506,0.46511627906976744,0.30864197530864196,0.30303030303030304,0.07678855740871238
2014/2015,2015-04-05,Leon,Queretaro,4,5,-1,football-data,1.9,3.69,4.38,2.0,3.7,4.55,1.9,3.4,3.89,0.5263157894736842,0.2710027100271003,0.22831050228310504,0.025629001783889604,0.5,0.27027027027027023,0.21978021978021978,-0.00994950994951005,0.5263157894736842,0.29411764705882354,0.2570694087403599,0.07750284527286766
2014/2015,2015-04-05,Puebla,Toluca,0,1,-1,football-data,2.53,3.21,3.11,2.56,3.21,3.11,2.42,3.07,2.95,0.3952569169960475,0.3115264797507788,0.3215434083601286,0.028326805106954733,0.390625,0.3115264797507788,0.3215434083601286,0.023694888110907364,0.4132231404958678,0.32573289902280134,0.3389830508474576,0.07793909036612678
2014/2015,2015-04-05,Pumas UNAM,Leones Negros,2,0,1,football-data,2.01,3.38,4.35,2.02,3.4,4.35,1.97,3.2,3.92,0.49751243781094534,0.2958579881656805,0.2298850574712644,0.02325548344789019,0.49504950495049505,0.29411764705882354,0.2298850574712644,0.01905220948058295,0.5076142131979695,0.3125,0.25510204081632654,0.07521625401429599
2014/2015,2015-04-05,Tigres UANL,Veracruz,3,1,1,football-data,1.76,3.61,5.53,1.87,3.65,5.53,1.76,3.37,4.7,0.5681818181818182,0.2770083102493075,0.18083182640144665,0.026021954832572414,0.53475935828877,0.273972602739726,0.18083182640144665,-0.010436212570057335,0.5681818181818182,0.29673590504451036,0.2127659574468085,0.07768368067313713
2014/2015,2015-04-05,Tijuana,Monterrey,3,4,-1,football-data,2.19,3.45,3.55,2.22,3.6,4.22,2.02,3.35,3.55,0.4566210045662101,0.2898550724637681,0.28169014084507044,0.028166217875048583,0.4504504504504504,0.2777777777777778,0.23696682464454977,-0.03480494712722204,0.49504950495049505,0.29850746268656714,0.28169014084507044,0.07524710848213267
2014/2015,2015-04-11,Cruz Azul,Tigres UANL,2,0,1,football-data,2.12,3.38,3.89,2.22,3.5,4.4,2.0,3.26,3.73,0.4716981132075471,0.2958579881656805,0.2570694087403599,0.02462551011358749,0.4504504504504504,0.2857142857142857,0.22727272727272727,-0.03656253656253661,0.5,0.3067484662576687,0.2680965147453083,0.07484498100297698
2014/2015,2015-04-11,Queretaro,Tijuana,2,1,1,football-data,2.09,3.56,3.75,2.33,3.56,3.75,2.11,3.28,3.39,0.47846889952153115,0.2808988764044944,0.26666666666666666,0.026034442592692164,0.4291845493562232,0.2808988764044944,0.26666666666666666,-0.023249907572615802,0.47393364928909953,0.3048780487804878,0.2949852507374631,0.07379694880705046
2014/2015,2015-04-11,Santos Laguna,Chiapas,4,3,1,football-data,1.9,3.7,4.37,2.13,3.74,4.37,1.94,3.39,3.76,0.5263157894736842,0.27027027027027023,0.22883295194508008,0.025419011689034487,0.4694835680751174,0.267379679144385,0.22883295194508008,-0.03430380083541751,0.5154639175257733,0.2949852507374631,0.26595744680851063,0.07640661507174706
2014/2015,2015-04-11,Veracruz,Morelia,1,1,0,football-data,1.88,3.5,4.83,1.9,3.65,5.5,1.8,3.41,4.39,0.5319148936170213,0.2857142857142857,0.20703933747412007,0.024668516805427032,0.5263157894736842,0.273972602739726,0.18181818181818182,-0.01789342596840804,0.5555555555555556,0.29325513196480935,0.22779043280182235,0.07660112032218724
2014/2015,2015-04-12,Guadalajara,Leon,1,0,1,football-data,2.47,3.35,3.12,2.5,3.5,3.5,2.25,3.2,3.14,0.4048582995951417,0.29850746268656714,0.3205128205128205,0.02387858279452937,0.4,0.2857142857142857,0.2857142857142857,-0.02857142857142858,0.4444444444444444,0.3125,0.3184713375796178,0.07541578202406218
2014/2015,2015-04-12,Leones Negros,Puebla,1,1,0,football-data,2.54,3.06,3.3,2.54,3.1,3.7,2.38,2.98,3.11,0.39370078740157477,0.32679738562091504,0.30303030303030304,0.023528476052792735,0.39370078740157477,0.3225806451612903,0.27027027027027023,-0.013448297166864798,0.42016806722689076,0.33557046979865773,0.3215434083601286,0.07728194538567701
2014/2015,2015-04-12,Monterrey,America,1,1,0,football-data,3.23,3.41,2.36,3.3,3.41,2.62,2.92,3.21,2.37,0.30959752321981426,0.29325513196480935,0.42372881355932207,0.026581468743945624,0.30303030303030304,0.29325513196480935,0.38167938931297707,-0.022035175691910602,0.3424657534246575,0.3115264797507788,0.42194092827004215,0.07593316144547835
2014/2015,2015-04-12,Pachuca,Pumas UNAM,3,1,1,football-data,2.01,3.66,3.93,2.06,3.66,4.1,1.98,3.33,3.67,0.49751243781094534,0.27322404371584696,0.2544529262086514,0.02518940773544376,0.4854368932038835,0.27322404371584696,0.24390243902439027,0.002563375944120816,0.5050505050505051,0.3003003003003003,0.2724795640326976,0.07783036938350296
2014/2015,2015-04-12,Toluca,Atlas,0,0,0,football-data,1.95,3.43,4.5,2.02,3.43,4.5,1.93,3.24,3.98,0.5128205128205129,0.29154518950437314,0.2222222222222222,0.026587924547108344,0.49504950495049505,0.29154518950437314,0.2222222222222222,0.008816916677090392,0.5181347150259068,0.30864197530864196,0.25125628140703515,0.07803297174158397
2014/2015,2015-04-18,America,Queretaro,0,4,-1,football-data,1.59,4.15,6.22,1.67,4.15,6.5,1.58,3.78,5.61,0.6289308176100629,0.24096385542168672,0.1607717041800643,0.030666377211813867,0.5988023952095809,0.24096385542168672,0.15384615384615385,-0.006387595522578504,0.6329113924050632,0.2645502645502646,0.17825311942959002,0.07571477638491775
2014/2015,2015-04-18,Chiapas,Veracruz,1,1,0,football-data,2.02,3.6,3.96,2.25,3.6,4.0,2.03,3.26,3.57,0.49504950495049505,0.2777777777777778,0.25252525252525254,0.02535253525352532,0.4444444444444444,0.2777777777777778,0.25,-0.02777777777777779,0.4926108374384237,0.3067484662576687,0.2801120448179272,0.07947134851401971
2014/2015,2015-04-18,Morelia,Cruz Azul,2,0,1,football-data,4.13,3.43,2.03,4.7,3.45,2.2,3.78,3.22,2.0,0.24213075060532688,0.29154518950437314,0.4926108374384237,0.026286777548123696,0.2127659574468085,0.2898550724637681,0.45454545454545453,-0.04283351554396875,0.2645502645502646,0.3105590062111801,0.5,0.07510927076144469
2014/2015,2015-04-18,Puebla,Atlas,0,1,-1,football-data,2.27,3.23,3.56,2.36,3.33,3.6,2.21,3.12,3.3,0.44052863436123346,0.30959752321981426,0.2808988764044944,0.031025033985542017,0.42372881355932207,0.3003003003003003,0.2777777777777778,0.0018068916374001098,0.45248868778280543,0.3205128205128205,0.30303030303030304,0.07603181132592884
2014/2015,2015-04-18,Tijuana,Guadalajara,1,1,0,football-data,1.93,3.6,4.3,2.25,3.6,4.45,1.95,3.35,3.8,0.5181347150259068,0.2777777777777778,0.23255813953488372,0.02847063233856839,0.4444444444444444,0.2777777777777778,0.2247191011235955,-0.05305867665418229,0.5128205128205129,0.29850746268656714,0.2631578947368421,0.07448587024392217
2014/2015,2015-04-19,Leon,Toluca,1,1,0,football-data,2.09,3.62,3.63,2.18,3.62,3.85,2.08,3.33,3.39,0.47846889952153115,0.27624309392265195,0.27548209366391185,0.03019408710809479,0.4587155963302752,0.27624309392265195,0.2597402597402597,-0.005301050006813135,0.4807692307692307,0.3003003003003003,0.2949852507374631,0.0760547818069941
2014/2015,2015-04-19,Leones Negros,Pachuca,1,1,0,football-data,2.67,3.28,2.9,2.77,3.28,3.13,2.56,3.05,2.8,0.37453183520599254,0.3048780487804878,0.3448275862068966,0.024237470193376964,0.36101083032490977,0.3048780487804878,0.3194888178913738,-0.014622303003228643,0.390625,0.3278688524590164,0.35714285714285715,0.07563670960187352
2014/2015,2015-04-19,Pumas UNAM,Santos Laguna,1,0,1,football-data,2.39,3.49,3.13,2.47,3.5,3.14,2.32,3.26,2.95,0.41841004184100417,0.28653295128939826,0.3194888178913738,0.024431811021776273,0.4048582995951417,0.2857142857142857,0.3184713375796178,0.009043922889045097,0.4310344827586207,0.3067484662576687,0.3389830508474576,0.0767659998637471
2014/2015,2015-04-19,Tigres UANL,Monterrey,3,0,1,football-data,2.0,3.67,3.94,2.0,3.75,4.5,1.89,3.42,3.93,0.5,0.2724795640326976,0.25380710659898476,0.02628667063168244,0.5,0.26666666666666666,0.2222222222222222,-0.011111111111111183,0.5291005291005292,0.29239766081871343,0.2544529262086514,0.07595111612789407
2014/2015,2015-04-25,Cruz Azul,Chiapas,0,1,-1,football-data,1.6,3.92,6.87,1.65,3.94,7.7,1.58,3.64,5.97,0.625,0.25510204081632654,0.14556040756914118,0.025662448385467718,0.6060606060606061,0.25380710659898476,0.12987012987012986,-0.010262157470279254,0.6329113924050632,0.2747252747252747,0.16750418760469013,0.07514085473502807
2014/2015,2015-04-25,Queretaro,Tigres UANL,1,3,-1,football-data,2.93,3.21,2.69,2.93,3.3,2.82,2.72,3.07,2.61,0.341296928327645,0.3115264797507788,0.3717472118959108,0.02457061997433474,0.341296928327645,0.30303030303030304,0.3546099290780142,-0.001062839564037743,0.3676470588235294,0.32573289902280134,0.3831417624521073,0.07652172029843785
2014/2015,2015-04-25,Santos Laguna,Leones Negros,1,0,1,football-data,1.77,3.8,5.08,1.84,3.8,5.7,1.74,3.49,4.7,0.5649717514124294,0.2631578947368421,0.19685039370078738,0.024980039850059033,0.5434782608695652,0.2631578947368421,0.17543859649122806,-0.017925247902364716,0.5747126436781609,0.28653295128939826,0.2127659574468085,0.07401155241436763
2014/2015,2015-04-25,Veracruz,Pumas UNAM,3,3,0,football-data,2.24,3.32,3.62,2.31,3.4,3.86,2.12,3.15,3.48,0.4464285714285714,0.30120481927710846,0.27624309392265195,0.023876484628331696,0.4329004329004329,0.29411764705882354,0.2590673575129534,-0.013914562527790109,0.4716981132075471,0.31746031746031744,0.28735632183908044,0.07651475250694495
2014/2015,2015-04-26,Atlas,Leon,3,2,1,football-data,2.46,3.35,3.13,2.46,3.35,3.56,2.29,3.2,3.06,0.4065040650406504,0.29850746268656714,0.3194888178913738,0.024500345618591268,0.4065040650406504,0.29850746268656714,0.2808988764044944,-0.014089595868288063,0.4366812227074236,0.3125,0.32679738562091504,0.07597860832833869
2014/2015,2015-04-26,Monterrey,Morelia,1,0,1,football-data,1.67,4.03,5.56,1.77,4.03,5.56,1.66,3.56,5.12,0.5988023952095809,0.24813895781637715,0.1798561151079137,0.02679746813387185,0.5649717514124294,0.24813895781637715,0.1798561151079137,-0.007033175663279767,0.6024096385542169,0.2808988764044944,0.1953125,0.07862101495871121
2014/2015,2015-04-26,Pachuca,Puebla,2,1,1,football-data,2.21,3.4,3.62,2.21,3.4,4.6,2.02,3.22,3.75,0.45248868778280543,0.29411764705882354,0.27624309392265195,0.022849428764280866,0.45248868778280543,0.29411764705882354,0.2173913043478261,-0.036002360810544864,0.49504950495049505,0.3105590062111801,0.26666666666666666,0.0722751778283417
2014/2015,2015-04-26,Toluca,Tijuana,2,0,1,football-data,2.04,3.6,3.85,2.1,3.6,4.08,1.99,3.33,3.65,0.49019607843137253,0.2777777777777778,0.2597402597402597,0.02771411594941009,0.47619047619047616,0.2777777777777778,0.24509803921568626,-0.0009337068160597539,0.5025125628140703,0.3003003003003003,0.273972602739726,0.07678546585409673
2014/2015,2015-04-27,Guadalajara,America,1,1,0,football-data,3.21,3.14,2.53,3.21,3.2,2.69,2.94,3.02,2.47,0.3115264797507788,0.3184713375796178,0.3952569169960475,0.025254734326443984,0.3115264797507788,0.3125,0.3717472118959108,-0.004226308353310282,0.3401360544217687,0.33112582781456956,0.4048582995951417,0.07612018183148006
2014/2015,2015-05-02,Morelia,Queretaro,1,2,-1,football-data,3.08,3.29,2.52,3.1,3.35,2.52,2.91,3.17,2.39,0.3246753246753247,0.303951367781155,0.3968253968253968,0.025452089281876367,0.3225806451612903,0.29850746268656714,0.3968253968253968,0.017913504673254144,0.3436426116838488,0.31545741324921134,0.41841004184100417,0.07751006677406425
2014/2015,2015-05-02,Puebla,Leon,2,0,1,football-data,2.28,3.36,3.41,2.37,3.36,3.8,2.16,3.21,3.31,0.4385964912280702,0.2976190476190476,0.29325513196480935,0.029470670811927224,0.42194092827004215,0.2976190476190476,0.2631578947368421,-0.017282129374068145,0.4629629629629629,0.3115264797507788,0.3021148036253776,0.07660424633911922
2014/2015,2015-05-02,Tijuana,Atlas,1,2,-1,football-data,2.03,3.45,4.09,2.1,3.5,4.1,2.0,3.28,3.68,0.4926108374384237,0.2898550724637681,0.24449877750611249,0.026964687408304266,0.47619047619047616,0.2857142857142857,0.24390243902439027,0.005807200929152101,0.5,0.3048780487804878,0.2717391304347826,0.07661717921527034
2014/2015,2015-05-03,America,Toluca,3,1,1,football-data,1.71,3.72,5.7,1.81,3.72,5.7,1.74,3.41,4.83,0.5847953216374269,0.26881720430107525,0.17543859649122806,0.02905112242973029,0.5524861878453039,0.26881720430107525,0.17543859649122806,-0.0032580113623927875,0.5747126436781609,0.29325513196480935,0.20703933747412007,0.07500711311709019
2014/2015,2015-05-03,Chiapas,Monterrey,0,2,-1,football-data,2.41,3.45,3.13,2.52,3.45,3.14,2.37,3.24,2.9,0.41493775933609955,0.2898550724637681,0.3194888178913738,0.02428164969124147,0.3968253968253968,0.2898550724637681,0.3184713375796178,0.0051518068687828045,0.42194092827004215,0.30864197530864196,0.3448275862068966,0.07541048978558074
2014/2015,2015-05-03,Leones Negros,Veracruz,1,2,-1,football-data,2.6,3.16,3.09,2.77,3.2,3.14,2.52,3.02,2.86,0.3846153846153846,0.3164556962025316,0.3236245954692557,0.024695676287171953,0.36101083032490977,0.3125,0.3184713375796178,-0.008017832095472466,0.3968253968253968,0.33112582781456956,0.3496503496503497,0.07760157429031622
2014/2015,2015-05-03,Pachuca,Santos Laguna,2,3,-1,football-data,2.22,3.63,3.3,2.37,3.63,3.32,2.22,3.33,3.06,0.4504504504504504,0.27548209366391185,0.30303030303030304,0.028962847144665238,0.42194092827004215,0.27548209366391185,0.30120481927710846,-0.0013721587889374831,0.4504504504504504,0.3003003003003003,0.32679738562091504,0.07754813637166569
2014/2015,2015-05-03,Pumas UNAM,Cruz Azul,0,1,-1,football-data,3.3,3.22,2.43,3.39,3.25,2.48,3.11,3.09,2.31,0.30303030303030304,0.3105590062111801,0.4115226337448559,0.02511194298633912,0.2949852507374631,0.3076923076923077,0.40322580645161293,0.005903364881383766,0.3215434083601286,0.3236245954692557,0.4329004329004329,0.07806843672981723
2014/2015,2015-05-03,Tigres UANL,Guadalajara,2,1,1,football-data,1.75,3.54,5.73,1.84,3.57,5.73,1.75,3.3,4.96,0.5714285714285714,0.2824858757062147,0.17452006980802792,0.02843451694281418,0.5434782608695652,0.2801120448179272,0.17452006980802792,-0.0018896245044797144,0.5714285714285714,0.30303030303030304,0.20161290322580647,0.07607177768468087
2014/2015,2015-05-09,Queretaro,Chiapas,1,0,1,football-data,1.64,4.17,5.7,1.71,4.3,5.7,1.64,3.74,5.06,0.6097560975609756,0.23980815347721823,0.17543859649122806,0.025002847529421945,0.5847953216374269,0.23255813953488372,0.17543859649122806,-0.0072079423364613815,0.6097560975609756,0.267379679144385,0.19762845849802374,0.07476423520338438
2014/2015,2015-05-09,Veracruz,Pachuca,1,2,-1,football-data,2.22,3.63,3.28,2.32,3.63,3.5,2.19,3.26,3.18,0.4504504504504504,0.27548209366391185,0.3048780487804878,0.03081059289485011,0.4310344827586207,0.27548209366391185,0.2857142857142857,-0.007769137863181785,0.4566210045662101,0.3067484662576687,0.31446540880503143,0.07783487962891011
2014/2015,2015-05-10,Atlas,America,1,2,-1,football-data,3.07,3.36,2.44,3.2,3.36,2.59,2.91,3.17,2.4,0.32573289902280134,0.2976190476190476,0.4098360655737705,0.0331880122156194,0.3125,0.2976190476190476,0.3861003861003861,-0.003780566280566222,0.3436426116838488,0.31545741324921134,0.4166666666666667,0.07576669159972682
2014/2015,2015-05-10,Cruz Azul,Leones Negros,0,2,-1,football-data,1.49,4.24,8.29,1.51,4.3,8.7,1.47,3.93,7.22,0.6711409395973155,0.23584905660377356,0.12062726176115804,0.02761725796224712,0.6622516556291391,0.23255813953488372,0.1149425287356322,0.00975232389965508,0.6802721088435374,0.2544529262086514,0.13850415512465375,0.07322919017684248
2014/2015,2015-05-10,Guadalajara,Morelia,2,3,-1,football-data,1.89,3.52,4.71,1.91,3.62,5.0,1.81,3.38,4.4,0.5291005291005292,0.2840909090909091,0.21231422505307856,0.025505663244516752,0.5235602094240838,0.27624309392265195,0.2,-0.00019669665326427221,0.5524861878453039,0.2958579881656805,0.22727272727272727,0.07561690328371173
2014/2015,2015-05-10,Leon,Tijuana,6,2,1,football-data,2.68,3.6,2.64,2.7,3.61,2.85,2.52,3.33,2.63,0.3731343283582089,0.2777777777777778,0.3787878787878788,0.029699984923865497,0.37037037037037035,0.2770083102493075,0.3508771929824561,-0.0017441263978660304,0.3968253968253968,0.3003003003003003,0.3802281368821293,0.07735383400782636
2014/2015,2015-05-10,Monterrey,Pumas UNAM,2,2,0,football-data,1.62,4.19,5.74,1.7,4.19,5.75,1.63,3.81,5.07,0.6172839506172839,0.2386634844868735,0.17421602787456444,0.030163462978721745,0.5882352941176471,0.2386634844868735,0.17391304347826086,0.0008118220827815215,0.6134969325153374,0.26246719160104987,0.1972386587771203,0.07320278289350757
2014/2015,2015-05-10,Santos Laguna,Puebla,2,2,0,football-data,1.76,3.92,4.84,1.8,3.94,5.0,1.73,3.61,4.49,0.5681818181818182,0.25510204081632654,0.2066115702479339,0.029895429246078686,0.5555555555555556,0.25380710659898476,0.2,0.009362662154540402,0.5780346820809249,0.2770083102493075,0.22271714922048996,0.0777601415507223
2014/2015,2015-05-10,Toluca,Tigres UANL,0,0,0,football-data,2.01,3.54,4.09,2.01,3.6,4.35,1.93,3.34,3.85,0.49751243781094534,0.2824858757062147,0.24449877750611249,0.024497091023272466,0.49751243781094534,0.2777777777777778,0.2298850574712644,0.00517527305998744,0.5181347150259068,0.29940119760479045,0.2597402597402597,0.07727617237095696
2014/2015,2015-05-14,Pachuca,America,3,2,1,football-data,3.26,3.29,2.41,3.4,3.3,2.48,3.09,3.14,2.29,0.3067484662576687,0.303951367781155,0.41493775933609955,0.025637593374923107,0.29411764705882354,0.30303030303030304,0.40322580645161293,0.0003737565407395671,0.3236245954692557,0.3184713375796178,0.4366812227074236,0.07877715575629729
2014/2015,2015-05-14,Santos Laguna,Tigres UANL,1,1,0,football-data,2.74,3.38,2.75,2.81,3.38,2.82,2.59,3.15,2.67,0.36496350364963503,0.2958579881656805,0.36363636363636365,0.024457855451679222,0.35587188612099646,0.2958579881656805,0.3546099290780142,0.006339803364691088,0.3861003861003861,0.31746031746031744,0.37453183520599254,0.07809253876669597
2014/2015,2015-05-15,Guadalajara,Atlas,0,0,0,football-data,2.67,3.02,3.13,2.73,3.1,3.17,2.47,2.94,3.0,0.37453183520599254,0.33112582781456956,0.3194888178913738,0.025146480911935942,0.3663003663003663,0.3225806451612903,0.31545741324921134,0.004338424710867983,0.4048582995951417,0.3401360544217687,0.3333333333333333,0.07832768735024365
2014/2015,2015-05-15,Queretaro,Veracruz,2,1,1,football-data,1.99,3.35,4.48,2.1,3.45,4.48,1.98,3.18,3.86,0.5025125628140703,0.29850746268656714,0.2232142857142857,0.024234311214923032,0.47619047619047616,0.2898550724637681,0.2232142857142857,-0.010740165631469956,0.5050505050505051,0.31446540880503143,0.2590673575129534,0.07858327136848997
2014/2015,2015-05-16,America,Pachuca,3,4,-1,football-data,1.61,4.26,5.98,1.67,4.3,6.4,1.58,3.82,5.57,0.6211180124223602,0.2347417840375587,0.16722408026755853,0.02308387672747747,0.5988023952095809,0.23255813953488372,0.15625,-0.012389465255535415,0.6329113924050632,0.2617801047120419,0.17953321364452424,0.0742247107616294
2014/2015,2015-05-17,Tigres UANL,Santos Laguna,0,1,-1,football-data,2.1,3.48,3.77,2.13,3.48,4.33,1.99,3.27,3.69,0.47619047619047616,0.28735632183908044,0.26525198938992045,0.028798787419477057,0.4694835680751174,0.28735632183908044,0.23094688221709006,-0.012213227868712151,0.5025125628140703,0.3058103975535168,0.2710027100271003,0.07932567039468741
2014/2015,2015-05-18,Atlas,Guadalajara,1,4,-1,football-data,2.36,3.14,3.47,2.45,3.3,3.56,2.31,3.02,3.18,0.42372881355932207,0.3184713375796178,0.2881844380403458,0.03038458917928577,0.4081632653061224,0.30303030303030304,0.2808988764044944,-0.007907555259080157,0.4329004329004329,0.33112582781456956,0.31446540880503143,0.07849166952003395
2014/2015,2015-05-18,Veracruz,Queretaro,2,2,0,football-data,2.33,3.34,3.31,2.4,3.34,3.4,2.25,3.14,3.15,0.4291845493562232,0.29940119760479045,0.3021148036253776,0.030700550586391318,0.4166666666666667,0.29940119760479045,0.29411764705882354,0.010185511330280672,0.4444444444444444,0.3184713375796178,0.31746031746031744,0.08037609948437963
2014/2015,2015-05-22,Pachuca,Queretaro,2,0,1,football-data,2.65,3.4,2.83,2.76,3.4,3.2,2.43,3.22,2.81,0.37735849056603776,0.29411764705882354,0.35335689045936397,0.024833028084225273,0.3623188405797102,0.29411764705882354,0.3125,-0.031063512361466206,0.4115226337448559,0.3105590062111801,0.35587188612099646,0.07795352607703254
2014/2015,2015-05-22,Santos Laguna,Guadalajara,0,0,0,football-data,2.09,3.42,3.94,2.13,3.5,4.2,2.04,3.25,3.6,0.47846889952153115,0.29239766081871343,0.25380710659898476,0.024673666939229344,0.4694835680751174,0.2857142857142857,0.23809523809523808,-0.0067069081153587895,0.49019607843137253,0.3076923076923077,0.2777777777777778,0.0756661639014582
2014/2015,2015-05-25,Guadalajara,Santos Laguna,0,3,-1,football-data,2.37,3.24,3.35,2.5,3.24,3.4,2.29,3.07,3.14,0.42194092827004215,0.30864197530864196,0.29850746268656714,0.0290903662652513,0.4,0.30864197530864196,0.29411764705882354,0.0027596223674655196,0.4366812227074236,0.32573289902280134,0.3184713375796178,0.0808854593098427
2014/2015,2015-05-25,Queretaro,Pachuca,2,0,1,football-data,1.98,3.78,3.91,2.02,3.78,4.15,1.94,3.44,3.67,0.5050505050505051,0.2645502645502646,0.2557544757033248,0.025355245304094387,0.49504950495049505,0.2645502645502646,0.24096385542168672,0.0005636249224463263,0.5154639175257733,0.29069767441860467,0.2724795640326976,0.07864115597707544
2014/2015,2015-05-29,Santos Laguna,Queretaro,5,0,1,football-data,2.13,3.51,3.68,2.16,3.51,3.88,2.04,3.28,3.51,0.4694835680751174,0.2849002849002849,0.2717391304347826,0.02612298341018482,0.4629629629629629,0.2849002849002849,0.2577319587628866,0.005595206626134441,0.49019607843137253,0.3048780487804878,0.2849002849002849,0.07997441211214529
2014/2015,2015-06-01,Queretaro,Santos Laguna,3,0,1,football-data,2.29,3.58,3.23,2.31,3.6,3.55,2.14,3.34,3.22,0.4366812227074236,0.27932960893854747,0.30959752321981426,0.025608354865785277,0.4329004329004329,0.2777777777777778,0.28169014084507044,-0.007631648476718933,0.4672897196261682,0.29940119760479045,0.3105590062111801,0.07724992344213866
2015/2016,2015-07-25,Cruz Azul,Morelia,0,3,-1,football-data,2.01,3.49,4.16,2.02,3.7,5.4,1.82,3.4,4.33,0.49751243781094534,0.28653295128939826,0.24038461538461536,0.024430004484959023,0.49504950495049505,0.27027027027027023,0.18518518518518517,-0.04949503959404966,0.5494505494505494,0.29411764705882354,0.23094688221709006,0.07451507872646301
2015/2016,2015-07-25,Veracruz,Guadalajara,2,0,1,football-data,2.53,3.08,3.28,2.54,3.2,3.5,2.37,2.99,3.12,0.3952569169960475,0.3246753246753247,0.3048780487804878,0.024810290451859895,0.39370078740157477,0.3125,0.2857142857142857,-0.008084926884139532,0.42194092827004215,0.33444816053511706,0.3205128205128205,0.07690190931797969
2015/2016,2015-07-26,Atlas,Queretaro,0,2,-1,football-data,2.67,3.27,2.9,2.67,3.27,3.3,2.45,3.06,2.94,0.37453183520599254,0.3058103975535168,0.3448275862068966,0.0251698189664058,0.37453183520599254,0.3058103975535168,0.30303030303030304,-0.01662746421018757,0.4081632653061224,0.32679738562091504,0.3401360544217687,0.07509670534880608
2015/2016,2015-07-26,Dorados de Sinaloa,Chiapas,0,0,0,football-data,2.43,3.23,3.29,2.51,3.3,3.3,2.37,3.09,3.03,0.4115226337448559,0.30959752321981426,0.303951367781155,0.02507152474582508,0.39840637450199207,0.30303030303030304,0.30303030303030304,0.0044669805625980885,0.42194092827004215,0.3236245954692557,0.33003300330033003,0.07559852703962777
2015/2016,2015-07-26,Pachuca,Tijuana,2,1,1,football-data,1.85,3.9,4.41,2.1,3.9,4.55,1.84,3.58,3.96,0.5405405405405405,0.25641025641025644,0.22675736961451246,0.023708166565309385,0.47619047619047616,0.25641025641025644,0.21978021978021978,-0.04761904761904756,0.5434782608695652,0.27932960893854747,0.25252525252525254,0.07533312233336531
2015/2016,2015-07-26,Puebla,America,4,2,1,football-data,2.61,3.35,2.86,3.2,3.35,2.94,2.67,3.1,2.65,0.3831417624521073,0.29850746268656714,0.3496503496503497,0.03129957478902412,0.3125,0.29850746268656714,0.3401360544217687,-0.04885648289166422,0.37453183520599254,0.3225806451612903,0.37735849056603776,0.07447097093332067
2015/2016,2015-07-26,Pumas UNAM,Monterrey,3,0,1,football-data,2.23,3.29,3.68,2.35,3.29,3.68,2.2,3.16,3.25,0.4484304932735426,0.303951367781155,0.2717391304347826,0.024120991489480215,0.425531914893617,0.303951367781155,0.2717391304347826,0.001222413109554621,0.45454545454545453,0.3164556962025316,0.3076923076923077,0.07869345844029385
2015/2016,2015-07-26,Santos Laguna,Leon,1,3,-1,football-data,2.09,3.66,3.65,2.16,3.69,3.65,2.04,3.42,3.42,0.47846889952153115,0.27322404371584696,0.273972602739726,0.02566554597710402,0.4629629629629629,0.2710027100271003,0.273972602739726,0.007938275729789224,0.49019607843137253,0.29239766081871343,0.29239766081871343,0.07499140006879923
2015/2016,2015-07-26,Tigres UANL,Toluca,0,1,-1,football-data,2.46,3.31,3.21,2.47,3.31,3.6,2.27,3.09,3.21,0.4065040650406504,0.3021148036253776,0.3115264797507788,0.02014534841680682,0.4048582995951417,0.3021148036253776,0.2777777777777778,-0.015249119001702893,0.44052863436123346,0.3236245954692557,0.3115264797507788,0.07567970958126802
2015/2016,2015-08-01,America,Atlas,1,3,-1,football-data,1.71,3.83,5.53,1.75,3.9,5.55,1.67,3.56,5.08,0.5847953216374269,0.2610966057441253,0.18083182640144665,0.026723753782998738,0.5714285714285714,0.25641025641025644,0.1801801801801802,0.0080190080190079,0.5988023952095809,0.2808988764044944,0.19685039370078738,0.07655166531486257
2015/2016,2015-08-01,Queretaro,Pachuca,1,2,-1,football-data,2.49,3.42,3.03,2.52,3.44,3.2,2.34,3.21,2.93,0.4016064257028112,0.29239766081871343,0.33003300330033003,0.024037089821854707,0.3968253968253968,0.29069767441860467,0.3125,2.3071244001471314e-05,0.4273504273504274,0.3115264797507788,0.341296928327645,0.08017383542885126
2015/2016,2015-08-01,Tijuana,Dorados de Sinaloa,1,2,-1,football-data,1.79,3.78,4.92,1.86,3.78,4.92,1.77,3.52,4.38,0.5586592178770949,0.2645502645502646,0.2032520325203252,0.026461514947684783,0.5376344086021505,0.2645502645502646,0.2032520325203252,0.0054367056727402385,0.5649717514124294,0.2840909090909091,0.22831050228310504,0.07737316278644357
2015/2016,2015-08-02,Chiapas,Santos Laguna,2,1,1,football-data,2.27,3.63,3.18,2.38,3.64,3.26,2.24,3.33,3.04,0.44052863436123346,0.27548209366391185,0.31446540880503143,0.030476136830176692,0.42016806722689076,0.2747252747252747,0.3067484662576687,0.0016418082098341724,0.4464285714285714,0.3003003003003003,0.32894736842105265,0.07567624014992447
2015/2016,2015-08-02,Guadalajara,Cruz Azul,0,1,-1,football-data,3.35,3.09,2.48,3.35,3.15,2.77,2.88,2.97,2.56,0.29850746268656714,0.3236245954692557,0.40322580645161293,0.02535786460743572,0.29850746268656714,0.31746031746031744,0.36101083032490977,-0.02302138952820565,0.3472222222222222,0.33670033670033667,0.390625,0.07454755892255882
2015/2016,2015-08-02,Leon,Veracruz,4,1,1,football-data,1.78,3.86,4.91,1.8,3.91,5.1,1.72,3.63,4.55,0.5617977528089888,0.2590673575129534,0.20366598778004072,0.02453109810198284,0.5555555555555556,0.2557544757033248,0.19607843137254904,0.007388462631429338,0.5813953488372093,0.27548209366391185,0.21978021978021978,0.07665766228134085
2015/2016,2015-08-02,Morelia,Tigres UANL,1,0,1,football-data,1.95,3.4,4.58,2.01,3.45,4.58,1.89,3.29,4.08,0.5128205128205129,0.29411764705882354,0.2183406113537118,0.025278771233048225,0.49751243781094534,0.2898550724637681,0.2183406113537118,0.005708121628425378,0.5291005291005292,0.303951367781155,0.24509803921568626,0.07814993609737053
2015/2016,2015-08-02,Toluca,Pumas UNAM,2,1,1,football-data,2.25,3.32,3.59,2.29,3.35,3.7,2.11,3.21,3.41,0.4444444444444444,0.30120481927710846,0.2785515320334262,0.02420079575497902,0.4366812227074236,0.29850746268656714,0.27027027027027023,0.005458955664261023,0.47393364928909953,0.3115264797507788,0.29325513196480935,0.07871526100468773
2015/2016,2015-08-08,Cruz Azul,Leon,2,0,1,football-data,2.17,3.61,3.48,2.24,3.61,3.5,2.11,3.35,3.28,0.4608294930875576,0.2770083102493075,0.28735632183908044,0.025194125175945548,0.4464285714285714,0.2770083102493075,0.2857142857142857,0.009151167392164705,0.47393364928909953,0.29850746268656714,0.3048780487804878,0.07731916075615453
2015/2016,2015-08-08,Santos Laguna,Tijuana,0,1,-1,football-data,1.95,3.83,3.98,1.98,3.83,4.33,1.9,3.55,3.72,0.5128205128205129,0.2610966057441253,0.25125628140703515,0.025173399971673227,0.5050505050505051,0.2610966057441253,0.23094688221709006,-0.002906006988279586,0.5263157894736842,0.28169014084507044,0.26881720430107525,0.07682313461982981
2015/2016,2015-08-08,Veracruz,Chiapas,2,1,1,football-data,2.71,3.18,2.92,2.71,3.2,3.03,2.51,3.06,2.83,0.36900369003690037,0.31446540880503143,0.3424657534246575,0.025934852266589425,0.36900369003690037,0.3125,0.33003300330033003,0.011536693337230286,0.39840637450199207,0.32679738562091504,0.35335689045936397,0.07856065058227113
2015/2016,2015-08-09,Atlas,Monterrey,0,3,-1,football-data,2.51,3.28,3.05,2.57,3.4,3.18,2.42,3.12,2.9,0.39840637450199207,0.3048780487804878,0.3278688524590164,0.03115327574149629,0.38910505836575876,0.29411764705882354,0.31446540880503143,-0.002311885770386324,0.4132231404958678,0.3205128205128205,0.3448275862068966,0.07856354721558478
2015/2016,2015-08-09,Dorados de Sinaloa,Queretaro,1,1,0,football-data,2.63,3.25,2.97,2.67,3.35,3.04,2.47,3.14,2.82,0.3802281368821293,0.3076923076923077,0.33670033670033667,0.02462078127477363,0.37453183520599254,0.29850746268656714,0.32894736842105265,0.0019866663136123286,0.4048582995951417,0.3184713375796178,0.3546099290780142,0.07793956625277376
2015/2016,2015-08-09,Pachuca,America,0,3,-1,football-data,2.54,3.49,2.9,2.59,3.5,3.02,2.43,3.26,2.79,0.39370078740157477,0.28653295128939826,0.3448275862068966,0.025061324897869497,0.3861003861003861,0.2857142857142857,0.33112582781456956,0.0029404996292412555,0.4115226337448559,0.3067484662576687,0.35842293906810035,0.076694039070625
2015/2016,2015-08-09,Puebla,Pumas UNAM,3,2,1,football-data,2.4,3.35,3.18,2.47,3.45,3.18,2.32,3.18,2.99,0.4166666666666667,0.29850746268656714,0.31446540880503143,0.029639538158265255,0.4048582995951417,0.2898550724637681,0.31446540880503143,0.009178780863941194,0.4310344827586207,0.31446540880503143,0.33444816053511706,0.0799480520987692
2015/2016,2015-08-09,Toluca,Morelia,0,1,-1,football-data,1.97,3.55,4.25,2.2,3.58,4.5,1.92,3.34,3.89,0.5076142131979695,0.28169014084507044,0.23529411764705882,0.024598471690098878,0.45454545454545453,0.27932960893854747,0.2222222222222222,-0.04390271429377579,0.5208333333333334,0.29940119760479045,0.2570694087403599,0.07730393967848359
2015/2016,2015-08-10,Tigres UANL,Guadalajara,2,2,0,football-data,1.76,3.43,6.05,1.95,3.55,7.0,1.73,3.31,5.06,0.5681818181818182,0.29154518950437314,0.1652892561983471,0.025016263884538592,0.5128205128205129,0.28169014084507044,0.14285714285714285,-0.06263220347727394,0.5780346820809249,0.3021148036253776,0.19762845849802374,0.07777794420432627
2015/2016,2015-08-12,America,Dorados de Sinaloa,4,0,1,football-data,1.47,4.52,7.99,1.5,4.52,7.99,1.45,4.18,6.78,0.6802721088435374,0.22123893805309736,0.1251564455569462,0.02666749245358102,0.6666666666666666,0.22123893805309736,0.1251564455569462,0.013062050276710258,0.6896551724137931,0.23923444976076558,0.14749262536873156,0.07638224754329026
2015/2016,2015-08-12,Monterrey,Pachuca,4,3,1,football-data,1.79,3.92,4.65,1.95,3.92,4.75,1.76,3.63,4.26,0.5586592178770949,0.25510204081632654,0.2150537634408602,0.028815022134281776,0.5128205128205129,0.25510204081632654,0.21052631578947367,-0.02155113057368685,0.5681818181818182,0.27548209366391185,0.2347417840375587,0.07840569588328883
2015/2016,2015-08-12,Queretaro,Santos Laguna,1,2,-1,football-data,2.31,3.54,3.19,2.37,3.54,3.26,2.21,3.31,3.09,0.4329004329004329,0.2824858757062147,0.31347962382445144,0.02886593243109914,0.42194092827004215,0.2824858757062147,0.3067484662576687,0.011175270233925616,0.45248868778280543,0.3021148036253776,0.3236245954692557,0.07822808687743876
2015/2016,2015-08-12,Tijuana,Veracruz,1,3,-1,football-data,2.2,3.48,3.52,2.2,3.48,4.0,2.04,3.29,3.52,0.45454545454545453,0.28735632183908044,0.2840909090909091,0.0259926854754442,0.45454545454545453,0.28735632183908044,0.25,-0.008098223615464972,0.49019607843137253,0.303951367781155,0.2840909090909091,0.0782383553034367
2015/2016,2015-08-13,Chiapas,Cruz Azul,2,1,1,football-data,3.02,3.3,2.56,3.1,3.3,2.7,2.9,3.12,2.43,0.33112582781456956,0.30303030303030304,0.390625,0.024781130844872656,0.3225806451612903,0.30303030303030304,0.37037037037037035,-0.004018681438036298,0.3448275862068966,0.3205128205128205,0.4115226337448559,0.07686304046457293
2015/2016,2015-08-13,Guadalajara,Morelia,2,0,1,football-data,2.8,3.09,2.86,2.86,3.25,2.9,2.63,3.03,2.73,0.35714285714285715,0.3236245954692557,0.3496503496503497,0.0304178022624626,0.3496503496503497,0.3076923076923077,0.3448275862068966,0.002170243549553863,0.3802281368821293,0.33003300330033003,0.3663003663003663,0.07656150648282556
2015/2016,2015-08-13,Leon,Tigres UANL,2,1,1,football-data,2.48,3.51,2.96,2.5,3.51,3.2,2.35,3.28,2.88,0.40322580645161293,0.2849002849002849,0.33783783783783783,0.02596392918973578,0.4,0.2849002849002849,0.3125,-0.0025997150997150165,0.425531914893617,0.3048780487804878,0.3472222222222222,0.07763218589632714
2015/2016,2015-08-13,Puebla,Toluca,1,0,1,football-data,2.7,3.31,2.84,2.73,3.31,2.88,2.55,3.12,2.72,0.37037037037037035,0.3021148036253776,0.35211267605633806,0.024597850052086034,0.3663003663003663,0.3021148036253776,0.3472222222222222,0.015637392147966,0.3921568627450981,0.3205128205128205,0.3676470588235294,0.0803167420814479
2015/2016,2015-08-13,Pumas UNAM,Atlas,5,0,1,football-data,2.2,3.56,3.46,2.2,3.56,3.64,2.09,3.34,3.34,0.45454545454545453,0.2808988764044944,0.28901734104046245,0.024461671990411382,0.45454545454545453,0.2808988764044944,0.2747252747252747,0.010169605675223625,0.47846889952153115,0.29940119760479045,0.29940119760479045,0.07727129473111205
2015/2016,2015-08-15,Cruz Azul,Tijuana,1,3,-1,football-data,1.64,3.92,6.24,1.7,3.92,6.45,1.61,3.66,5.49,0.6097560975609756,0.25510204081632654,0.16025641025641024,0.02511454863371254,0.5882352941176471,0.25510204081632654,0.15503875968992248,-0.0016239053761037958,0.6211180124223602,0.27322404371584696,0.18214936247723132,0.0764914186154384
2015/2016,2015-08-15,Santos Laguna,America,0,2,-1,football-data,2.37,3.68,3.02,3.08,3.7,3.1,2.31,3.34,2.88,0.42194092827004215,0.2717391304347826,0.33112582781456956,0.024805886519394305,0.3246753246753247,0.27027027027027023,0.3225806451612903,-0.0824737598931149,0.4329004329004329,0.29940119760479045,0.3472222222222222,0.07952385272744555
2015/2016,2015-08-15,Veracruz,Queretaro,2,2,0,football-data,2.32,3.39,3.33,2.45,3.45,3.35,2.29,3.22,3.04,0.4310344827586207,0.2949852507374631,0.3003003003003003,0.026320033796384035,0.4081632653061224,0.2898550724637681,0.29850746268656714,-0.0034741995435423334,0.4366812227074236,0.3105590062111801,0.32894736842105265,0.07618759733965641
2015/2016,2015-08-16,Atlas,Puebla,2,1,1,football-data,2.4,3.46,3.14,2.44,3.5,3.28,2.3,3.24,2.99,0.4166666666666667,0.28901734104046245,0.3184713375796178,0.0241553452867469,0.4098360655737705,0.2857142857142857,0.3048780487804878,0.00042840006854394375,0.4347826086956522,0.30864197530864196,0.33444816053511706,0.07787274453941118
2015/2016,2015-08-16,Dorados de Sinaloa,Monterrey,1,4,-1,football-data,3.29,3.5,2.3,3.36,3.5,2.45,3.14,3.21,2.24,0.303951367781155,0.2857142857142857,0.4347826086956522,0.024448262191092862,0.2976190476190476,0.2857142857142857,0.4081632653061224,-0.008503401360544283,0.3184713375796178,0.3115264797507788,0.4464285714285714,0.07642638875896801
2015/2016,2015-08-16,Morelia,Leon,3,4,-1,football-data,2.7,3.52,2.7,2.79,3.55,2.8,2.55,3.29,2.62,0.37037037037037035,0.2840909090909091,0.37037037037037035,0.02483164983164965,0.35842293906810035,0.28169014084507044,0.35714285714285715,-0.0027440629439721143,0.3921568627450981,0.303951367781155,0.38167938931297707,0.07778761983923022
2015/2016,2015-08-16,Pachuca,Pumas UNAM,1,2,-1,football-data,2.07,3.75,3.62,2.2,3.75,3.64,2.06,3.45,3.31,0.48309178743961356,0.26666666666666666,0.27624309392265195,0.026001548028932175,0.45454545454545453,0.26666666666666666,0.2747252747252747,-0.004062604062604169,0.4854368932038835,0.2898550724637681,0.3021148036253776,0.07740676929302914
2015/2016,2015-08-16,Tigres UANL,Chiapas,4,1,1,football-data,1.65,3.96,6.08,1.75,3.96,6.08,1.63,3.64,5.35,0.6060606060606061,0.25252525252525254,0.16447368421052633,0.02305954279638489,0.5714285714285714,0.25252525252525254,0.16447368421052633,-0.011572491835649679,0.6134969325153374,0.2747252747252747,0.1869158878504673,0.07513809509107938
2015/2016,2015-08-16,Toluca,Guadalajara,3,1,1,football-data,1.86,3.55,4.86,1.9,3.55,5.1,1.81,3.35,4.42,0.5376344086021505,0.28169014084507044,0.20576131687242796,0.02508586631964893,0.5263157894736842,0.28169014084507044,0.19607843137254904,0.004084361691303551,0.5524861878453039,0.29850746268656714,0.22624434389140272,0.07723799442327373
2015/2016,2015-08-22,America,Veracruz,3,1,1,football-data,1.51,4.57,6.87,1.58,4.57,6.87,1.51,4.13,5.95,0.6622516556291391,0.2188183807439825,0.14556040756914118,0.026630443942262882,0.6329113924050632,0.2188183807439825,0.14556040756914118,-0.0027098192818131306,0.6622516556291391,0.24213075060532688,0.1680672268907563,0.07244963312522223
2015/2016,2015-08-22,Queretaro,Cruz Azul,4,2,1,football-data,2.99,3.11,2.71,2.99,3.35,2.72,2.77,3.08,2.56,0.33444816053511706,0.3215434083601286,0.36900369003690037,0.024995258932146047,0.33444816053511706,0.29850746268656714,0.3676470588235294,0.0006026820452136317,0.36101083032490977,0.3246753246753247,0.390625,0.07631115500023444
2015/2016,2015-08-22,Tijuana,Tigres UANL,1,2,-1,football-data,2.88,3.5,2.52,3.03,3.52,2.54,2.8,3.23,2.43,0.3472222222222222,0.2857142857142857,0.3968253968253968,0.029761904761904656,0.33003300330033003,0.2840909090909091,0.39370078740157477,0.007824699792813972,0.35714285714285715,0.30959752321981426,0.4115226337448559,0.07826301410752734
2015/2016,2015-08-23,Atlas,Toluca,1,2,-1,football-data,2.62,3.34,2.92,2.7,3.45,2.93,2.48,3.17,2.78,0.38167938931297707,0.29940119760479045,0.3424657534246575,0.023546340342424976,0.37037037037037035,0.2898550724637681,0.341296928327645,0.0015223711617835534,0.40322580645161293,0.31545741324921134,0.3597122302158274,0.0783954499166517
2015/2016,2015-08-23,Chiapas,Morelia,3,1,1,football-data,2.5,3.44,2.98,2.52,3.5,3.14,2.37,3.23,2.89,0.4,0.29069767441860467,0.33557046979865773,0.026268144217262313,0.3968253968253968,0.2857142857142857,0.3184713375796178,0.001011020119300321,0.42194092827004215,0.30959752321981426,0.3460207612456747,0.07755921273553112
2015/2016,2015-08-23,Leon,Guadalajara,1,0,1,football-data,1.67,4.25,5.3,1.71,4.25,5.4,1.63,3.86,4.84,0.5988023952095809,0.23529411764705882,0.18867924528301888,0.022775758139658597,0.5847953216374269,0.23529411764705882,0.18518518518518517,0.005274624469670863,0.6134969325153374,0.2590673575129534,0.2066115702479339,0.0791758602762247
2015/2016,2015-08-23,Monterrey,Santos Laguna,1,1,0,football-data,1.96,3.76,4.0,1.98,4.0,4.6,1.89,3.71,4.07,0.5102040816326531,0.26595744680851063,0.25,0.026161528441163817,0.5050505050505051,0.25,0.2173913043478261,-0.027558190601668864,0.5291005291005292,0.2695417789757412,0.24570024570024568,0.04434255377651608
2015/2016,2015-08-23,Puebla,Pachuca,3,2,1,football-data,2.5,3.48,2.97,2.5,3.55,3.16,2.35,3.26,2.9,0.4,0.28735632183908044,0.33670033670033667,0.024056658539417075,0.4,0.28169014084507044,0.3164556962025316,-0.0018541629523980419,0.425531914893617,0.3067484662576687,0.3448275862068966,0.07710796735818226
2015/2016,2015-08-23,Pumas UNAM,Dorados de Sinaloa,2,0,1,football-data,1.61,4.12,6.13,1.67,4.12,6.5,1.6,3.71,5.53,0.6211180124223602,0.24271844660194175,0.1631321370309951,0.026968596055297,0.5988023952095809,0.24271844660194175,0.15384615384615385,-0.004633004342323499,0.625,0.2695417789757412,0.18083182640144665,0.07537360537718785
2015/2016,2015-08-29,Cruz Azul,America,0,2,-1,football-data,2.81,3.31,2.72,2.83,3.5,2.79,2.62,3.21,2.59,0.35587188612099646,0.3021148036253776,0.3676470588235294,0.025633748569903414,0.35335689045936397,0.2857142857142857,0.35842293906810035,-0.0025058847582499766,0.38167938931297707,0.3115264797507788,0.3861003861003861,0.07930625516414214
2015/2016,2015-08-29,Santos Laguna,Pumas UNAM,3,4,-1,football-data,2.17,3.62,3.47,2.17,3.62,3.8,2.06,3.38,3.36,0.4608294930875576,0.27624309392265195,0.2881844380403458,0.02525702505055527,0.4608294930875576,0.27624309392265195,0.2631578947368421,0.00023048174705153635,0.4854368932038835,0.2958579881656805,0.2976190476190476,0.0789139289886116
2015/2016,2015-08-29,Veracruz,Monterrey,2,1,1,football-data,2.64,3.46,2.8,2.88,3.5,2.8,2.64,3.28,2.54,0.3787878787878788,0.28901734104046245,0.35714285714285715,0.024948076971198496,0.3472222222222222,0.2857142857142857,0.35714285714285715,-0.009920634920634885,0.3787878787878788,0.3048780487804878,0.39370078740157477,0.0773667149699413
2015/2016,2015-08-30,Dorados de Sinaloa,Puebla,1,0,1,football-data,2.45,3.51,3.02,2.7,3.51,3.11,2.45,3.17,2.84,0.4081632653061224,0.2849002849002849,0.33112582781456956,0.02418937802097698,0.37037037037037035,0.2849002849002849,0.3215434083601286,-0.023185936369216065,0.4081632653061224,0.31545741324921134,0.35211267605633806,0.07573335461167185
2015/2016,2015-08-30,Guadalajara,Chiapas,4,1,1,football-data,2.39,3.39,3.2,2.44,3.39,3.3,2.28,3.14,3.1,0.41841004184100417,0.2949852507374631,0.3125,0.025895292578467233,0.4098360655737705,0.2949852507374631,0.30303030303030304,0.007851619341536553,0.4385964912280702,0.3184713375796178,0.3225806451612903,0.07964847396897823
2015/2016,2015-08-30,Morelia,Tijuana,1,2,-1,football-data,2.07,3.56,3.84,2.2,3.56,3.84,2.07,3.36,3.39,0.48309178743961356,0.2808988764044944,0.2604166666666667,0.024407330510774594,0.45454545454545453,0.2808988764044944,0.2604166666666667,-0.0041390023833842715,0.48309178743961356,0.2976190476190476,0.2949852507374631,0.07569608579612419
2015/2016,2015-08-30,Pachuca,Atlas,1,1,0,football-data,2.11,3.61,3.65,2.11,3.61,3.85,2.02,3.42,3.45,0.47393364928909953,0.2770083102493075,0.273972602739726,0.024914562278133046,0.47393364928909953,0.2770083102493075,0.2597402597402597,0.01068221927866686,0.49504950495049505,0.29239766081871343,0.2898550724637681,0.07730223823297666
2015/2016,2015-08-30,Tigres UANL,Queretaro,5,1,1,football-data,1.56,4.24,6.77,1.65,4.24,7.0,1.54,3.85,6.06,0.641025641025641,0.23584905660377356,0.14771048744460857,0.024585185074023075,0.6060606060606061,0.23584905660377356,0.14285714285714285,-0.015233194478477596,0.6493506493506493,0.2597402597402597,0.16501650165016502,0.07410741074107419
2015/2016,2015-08-30,Toluca,Leon,1,3,-1,football-data,2.22,3.65,3.27,2.3,3.7,3.38,2.18,3.41,3.06,0.4504504504504504,0.273972602739726,0.3058103975535168,0.030233450743693213,0.4347826086956522,0.27027027027027023,0.2958579881656805,0.0009108671316029326,0.4587155963302752,0.29325513196480935,0.32679738562091504,0.07876811391599947
2015/2016,2015-09-12,America,Tigres UANL,0,1,-1,football-data,2.27,3.52,3.34,2.47,3.55,3.34,2.23,3.28,3.09,0.44052863436123346,0.2840909090909091,0.29940119760479045,0.02402074105693286,0.4048582995951417,0.28169014084507044,0.29940119760479045,-0.014050361954997426,0.4484304932735426,0.3048780487804878,0.3236245954692557,0.07693313752328601
2015/2016,2015-09-12,Queretaro,Morelia,0,1,-1,football-data,2.53,3.44,2.96,2.53,3.45,3.2,2.37,3.23,2.9,0.3952569169960475,0.29069767441860467,0.33783783783783783,0.02379242925248981,0.3952569169960475,0.2898550724637681,0.3125,-0.0023880105401843377,0.42194092827004215,0.30959752321981426,0.3448275862068966,0.07636603769675299
2015/2016,2015-09-12,Tijuana,Guadalajara,2,1,1,football-data,1.93,3.64,4.27,2.1,3.66,4.33,1.93,3.41,3.79,0.5181347150259068,0.2747252747252747,0.234192037470726,0.02705202722190747,0.47619047619047616,0.27322404371584696,0.23094688221709006,-0.01963859787658684,0.5181347150259068,0.29325513196480935,0.2638522427440633,0.07524208973477942
2015/2016,2015-09-13,Atlas,Dorados de Sinaloa,3,2,1,football-data,1.92,3.58,4.44,1.99,3.6,4.5,1.87,3.38,4.03,0.5208333333333334,0.27932960893854747,0.2252252252252252,0.02538816749710593,0.5025125628140703,0.2777777777777778,0.2222222222222222,0.002512562814070307,0.53475935828877,0.2958579881656805,0.24813895781637715,0.07875630427082747
2015/2016,2015-09-13,Chiapas,Leon,6,2,1,football-data,2.36,3.58,3.11,2.7,3.6,3.11,2.41,3.36,2.76,0.42372881355932207,0.27932960893854747,0.3215434083601286,0.024601830857998053,0.37037037037037035,0.2777777777777778,0.3215434083601286,-0.030308443491723236,0.41493775933609955,0.2976190476190476,0.3623188405797102,0.07487564753485731
2015/2016,2015-09-13,Monterrey,Cruz Azul,1,1,0,football-data,2.14,3.51,3.67,2.14,3.6,3.86,2.04,3.35,3.48,0.4672897196261682,0.2849002849002849,0.2724795640326976,0.0246695685591507,0.4672897196261682,0.2777777777777778,0.2590673575129534,0.004134854916899355,0.49019607843137253,0.29850746268656714,0.28735632183908044,0.07605986295702016
2015/2016,2015-09-13,Pachuca,Toluca,3,4,-1,football-data,2.26,3.6,3.29,2.62,3.7,3.3,2.33,3.32,2.9,0.4424778761061947,0.2777777777777778,0.303951367781155,0.02420702166512756,0.38167938931297707,0.27027027027027023,0.30303030303030304,-0.045020037386449774,0.4291845493562232,0.30120481927710846,0.3448275862068966,0.07521695484022817
2015/2016,2015-09-13,Puebla,Santos Laguna,0,1,-1,football-data,2.46,3.25,3.23,2.47,3.4,3.23,2.36,3.21,2.93,0.4065040650406504,0.3076923076923077,0.30959752321981426,0.02379389595277237,0.4048582995951417,0.29411764705882354,0.30959752321981426,0.008573469873779604,0.42372881355932207,0.3115264797507788,0.341296928327645,0.07655222163774589
2015/2016,2015-09-13,Pumas UNAM,Veracruz,3,0,1,football-data,1.71,4.32,4.78,1.85,4.44,6.0,1.64,3.91,4.81,0.5847953216374269,0.23148148148148145,0.20920502092050208,0.02548182403941035,0.5405405405405405,0.2252252252252252,0.16666666666666666,-0.06756756756756765,0.6097560975609756,0.2557544757033248,0.2079002079002079,0.07341078116450839
2015/2016,2015-09-19,Cruz Azul,Pumas UNAM,2,1,1,football-data,2.34,3.54,3.17,2.44,3.54,3.24,2.26,3.28,3.05,0.4273504273504274,0.2824858757062147,0.31545741324921134,0.02529371630585353,0.4098360655737705,0.2824858757062147,0.30864197530864196,0.0009639165886272671,0.4424778761061947,0.3048780487804878,0.3278688524590164,0.07522477734569888
2015/2016,2015-09-19,Santos Laguna,Atlas,0,2,-1,football-data,2.08,3.74,3.62,2.08,3.75,4.0,1.94,3.45,3.68,0.4807692307692307,0.267379679144385,0.27624309392265195,0.024392003836267717,0.4807692307692307,0.26666666666666666,0.25,-0.002564102564102555,0.5154639175257733,0.2898550724637681,0.2717391304347826,0.07705812042432392
2015/2016,2015-09-19,Veracruz,Puebla,2,1,1,football-data,2.2,3.46,3.56,2.38,3.46,3.56,2.17,3.26,3.23,0.45454545454545453,0.28901734104046245,0.2808988764044944,0.024461671990411382,0.42016806722689076,0.28901734104046245,0.2808988764044944,-0.009915715328152386,0.4608294930875576,0.3067484662576687,0.30959752321981426,0.07717548256504059
2015/2016,2015-09-20,Dorados de Sinaloa,Pachuca,1,2,-1,football-data,2.59,3.56,2.8,2.61,3.56,2.9,2.5,3.28,2.68,0.3861003861003861,0.2808988764044944,0.35714285714285715,0.024142119647737603,0.3831417624521073,0.2808988764044944,0.3448275862068966,0.008868225063498159,0.4,0.3048780487804878,0.3731343283582089,0.07801237713869669
2015/2016,2015-09-20,Guadalajara,Queretaro,2,1,1,football-data,2.18,3.46,3.61,2.26,3.5,3.61,2.14,3.3,3.26,0.4587155963302752,0.28901734104046245,0.2770083102493075,0.024741247620045037,0.4424778761061947,0.2857142857142857,0.2770083102493075,0.00520047206978802,0.4672897196261682,0.30303030303030304,0.3067484662576687,0.07706848891413998
2015/2016,2015-09-20,Leon,Tijuana,2,1,1,football-data,1.64,4.49,5.2,1.7,4.6,6.4,1.58,4.18,4.96,0.6097560975609756,0.22271714922048996,0.1923076923076923,0.024780939089157794,0.5882352941176471,0.2173913043478261,0.15625,-0.03812340153452687,0.6329113924050632,0.23923444976076558,0.20161290322580647,0.0737587453916353
2015/2016,2015-09-20,Morelia,America,0,3,-1,football-data,2.94,3.56,2.48,3.05,3.56,2.57,2.83,3.26,2.4,0.3401360544217687,0.2808988764044944,0.40322580645161293,0.024260737277876032,0.3278688524590164,0.2808988764044944,0.38910505836575876,-0.002127212770730358,0.35335689045936397,0.3067484662576687,0.4166666666666667,0.07677202338369948
2015/2016,2015-09-20,Tigres UANL,Monterrey,3,1,1,football-data,1.68,3.99,5.61,1.8,4.0,5.61,1.68,3.68,4.85,0.5952380952380952,0.2506265664160401,0.17825311942959002,0.02411778108372542,0.5555555555555556,0.25,0.17825311942959002,-0.01619132501485443,0.5952380952380952,0.2717391304347826,0.2061855670103093,0.07316279268318704
2015/2016,2015-09-20,Toluca,Chiapas,1,1,0,football-data,1.76,3.95,4.91,1.85,4.0,5.1,1.76,3.64,4.35,0.5681818181818182,0.2531645569620253,0.20366598778004072,0.02501236292388409,0.5405405405405405,0.25,0.19607843137254904,-0.01338102808691044,0.5681818181818182,0.2747252747252747,0.2298850574712644,0.07279215037835729
2015/2016,2015-09-26,America,Guadalajara,1,2,-1,football-data,1.5,4.41,7.7,1.51,4.41,8.0,1.47,4.05,6.65,0.6666666666666666,0.22675736961451246,0.12987012987012986,0.02329416615130886,0.6622516556291391,0.22675736961451246,0.125,0.014009025243651552,0.6802721088435374,0.2469135802469136,0.15037593984962405,0.0775616289400749
2015/2016,2015-09-26,Queretaro,Leon,3,0,1,football-data,2.47,3.67,2.87,2.7,3.68,2.87,2.44,3.42,2.68,0.4048582995951417,0.2724795640326976,0.3484320557491289,0.025769919376968264,0.37037037037037035,0.2717391304347826,0.3484320557491289,-0.009458443445718112,0.4098360655737705,0.29239766081871343,0.3731343283582089,0.07536805475069297
2015/2016,2015-09-26,Tijuana,Chiapas,1,1,0,football-data,1.88,3.77,4.31,2.15,3.79,4.31,1.88,3.52,3.86,0.5319148936170213,0.26525198938992045,0.2320185614849188,0.029185444491860446,0.46511627906976744,0.2638522427440633,0.2320185614849188,-0.0390129167012504,0.5319148936170213,0.2840909090909091,0.2590673575129534,0.07507316022088384
2015/2016,2015-09-27,Atlas,Veracruz,0,1,-1,football-data,1.85,3.75,4.61,2.15,3.75,4.75,1.8,3.55,4.22,0.5405405405405405,0.26666666666666666,0.21691973969631234,0.024126946903519464,0.46511627906976744,0.26666666666666666,0.21052631578947367,-0.05769073847409223,0.5555555555555556,0.28169014084507044,0.23696682464454977,0.07421252104517584
2015/2016,2015-09-27,Dorados de Sinaloa,Toluca,1,2,-1,football-data,2.77,3.41,2.69,3.3,3.5,2.69,2.81,3.18,2.47,0.36101083032490977,0.29325513196480935,0.3717472118959108,0.026013174185629984,0.30303030303030304,0.2857142857142857,0.3717472118959108,-0.03950819935950034,0.35587188612099646,0.31446540880503143,0.4048582995951417,0.07519559452116953
2015/2016,2015-09-27,Monterrey,Morelia,2,2,0,football-data,1.72,3.86,5.39,1.95,4.0,5.39,1.76,3.55,4.45,0.5813953488372093,0.2590673575129534,0.1855287569573284,0.025991463307491136,0.5128205128205129,0.25,0.1855287569573284,-0.051650730222158714,0.5681818181818182,0.28169014084507044,0.2247191011235955,0.074591060150484
2015/2016,2015-09-27,Pachuca,Santos Laguna,0,0,0,football-data,2.24,3.67,3.27,2.29,3.67,3.4,2.15,3.4,3.13,0.4464285714285714,0.2724795640326976,0.3058103975535168,0.02471853301478566,0.4366812227074236,0.2724795640326976,0.29411764705882354,0.0032784337989446577,0.46511627906976744,0.29411764705882354,0.3194888178913738,0.07872274401996471
2015/2016,2015-09-27,Puebla,Cruz Azul,2,1,1,football-data,3.0,3.2,2.64,3.0,3.42,2.7,2.77,3.13,2.53,0.3333333333333333,0.3125,0.3787878787878788,0.024621212121211933,0.3333333333333333,0.29239766081871343,0.37037037037037035,-0.003898635477582846,0.36101083032490977,0.3194888178913738,0.3952569169960475,0.07575656521233087
2015/2016,2015-09-27,Pumas UNAM,Tigres UANL,1,0,1,football-data,2.65,3.32,2.88,2.74,3.5,2.88,2.58,3.18,2.69,0.37735849056603776,0.30120481927710846,0.3472222222222222,0.0257855320653686,0.36496350364963503,0.2857142857142857,0.3472222222222222,-0.002099988413857057,0.38759689922480617,0.31446540880503143,0.3717472118959108,0.07380951992574847
2015/2016,2015-09-30,Chiapas,Queretaro,0,0,0,football-data,2.18,3.65,3.42,2.19,3.65,3.65,2.09,3.4,3.25,0.4587155963302752,0.273972602739726,0.29239766081871343,0.0250858598887147,0.4566210045662101,0.273972602739726,0.273972602739726,0.004566210045662045,0.47846889952153115,0.29411764705882354,0.3076923076923077,0.08027885427266246
2015/2016,2015-09-30,Guadalajara,Monterrey,2,1,1,football-data,2.7,3.38,2.79,2.7,3.48,2.79,2.58,3.25,2.62,0.37037037037037035,0.2958579881656805,0.35842293906810035,0.0246512976041513,0.37037037037037035,0.28735632183908044,0.35842293906810035,0.01614963127755109,0.38759689922480617,0.3076923076923077,0.38167938931297707,0.076968596230091
2015/2016,2015-09-30,Leon,America,3,0,1,football-data,2.91,3.71,2.43,2.95,3.71,2.5,2.76,3.41,2.38,0.3436426116838488,0.2695417789757412,0.4115226337448559,0.024707024404445832,0.3389830508474576,0.2695417789757412,0.4,0.00852482982319902,0.3623188405797102,0.29325513196480935,0.42016806722689076,0.07574203977141036
2015/2016,2015-09-30,Santos Laguna,Dorados de Sinaloa,1,1,0,football-data,1.6,4.24,6.14,1.67,4.3,6.14,1.57,3.93,5.38,0.625,0.23584905660377356,0.16286644951140067,0.023715506115174145,0.5988023952095809,0.23255813953488372,0.16286644951140067,-0.005773015744134691,0.6369426751592356,0.2544529262086514,0.1858736059479554,0.0772692073158423
2015/2016,2015-09-30,Toluca,Tijuana,4,1,1,football-data,1.69,4.07,5.3,1.75,4.07,5.3,1.68,3.67,4.79,0.591715976331361,0.24570024570024568,0.18867924528301888,0.02609546731462542,0.5714285714285714,0.24570024570024568,0.18867924528301888,0.005808062411835957,0.5952380952380952,0.2724795640326976,0.20876826722338204,0.07648592649417485
2015/2016,2015-09-30,Veracruz,Pachuca,0,1,-1,football-data,2.41,3.75,2.91,2.42,3.75,3.02,2.36,3.35,2.81,0.41493775933609955,0.26666666666666666,0.3436426116838488,0.02524703768661496,0.4132231404958678,0.26666666666666666,0.33112582781456956,0.011015634977104005,0.42372881355932207,0.29850746268656714,0.35587188612099646,0.07810816236688556
2015/2016,2015-10-01,Cruz Azul,Atlas,1,1,0,football-data,2.08,3.5,3.89,2.08,3.6,4.6,1.94,3.32,3.86,0.4807692307692307,0.2857142857142857,0.2570694087403599,0.023552925223876198,0.4807692307692307,0.2777777777777778,0.2173913043478261,-0.02406168710516532,0.5154639175257733,0.30120481927710846,0.2590673575129534,0.07573609431583517
2015/2016,2015-10-01,Morelia,Pumas UNAM,2,2,0,football-data,2.45,3.51,3.01,2.63,3.68,3.06,2.38,3.28,2.84,0.4081632653061224,0.2849002849002849,0.33222591362126247,0.025289463827669723,0.3802281368821293,0.2717391304347826,0.32679738562091504,-0.021235347062173116,0.42016806722689076,0.3048780487804878,0.35211267605633806,0.07715879206371667
2015/2016,2015-10-01,Tigres UANL,Puebla,0,1,-1,football-data,1.53,4.34,7.15,1.55,4.4,7.7,1.48,4.04,6.52,0.6535947712418301,0.2304147465437788,0.13986013986013984,0.023869657645748665,0.6451612903225806,0.22727272727272727,0.12987012987012986,0.0023041474654377225,0.6756756756756757,0.24752475247524752,0.15337423312883436,0.07657466127975754
2015/2016,2015-10-03,America,Chiapas,2,1,1,football-data,1.54,4.37,6.76,1.58,4.37,6.76,1.51,4.06,6.02,0.6493506493506493,0.22883295194508008,0.14792899408284024,0.026112595378569692,0.6329113924050632,0.22883295194508008,0.14792899408284024,0.00967333843298368,0.6622516556291391,0.24630541871921185,0.16611295681063123,0.0746700311589823
2015/2016,2015-10-03,Queretaro,Tijuana,2,1,1,football-data,1.81,3.9,4.61,1.9,3.92,4.75,1.78,3.63,4.17,0.5524861878453039,0.25641025641025644,0.21691973969631234,0.025816183951872684,0.5263157894736842,0.25510204081632654,0.21052631578947367,-0.008055853920515554,0.5617977528089888,0.27548209366391185,0.23980815347721823,0.07708799995011884
2015/2016,2015-10-04,Atlas,Tigres UANL,0,1,-1,football-data,3.39,3.29,2.35,3.5,3.35,2.4,3.22,3.17,2.22,0.2949852507374631,0.303951367781155,0.425531914893617,0.024468533412235205,0.2857142857142857,0.29850746268656714,0.4166666666666667,0.0008884150675194658,0.3105590062111801,0.31545741324921134,0.4504504504504504,0.07646686991084195
2015/2016,2015-10-04,Monterrey,Leon,4,0,1,football-data,1.93,3.94,3.92,2.1,3.99,3.93,1.93,3.63,3.53,0.5181347150259068,0.25380710659898476,0.25510204081632654,0.027043862441218147,0.47619047619047616,0.2506265664160401,0.2544529262086514,-0.018730031184832407,0.5181347150259068,0.27548209366391185,0.28328611898017,0.07690292766998863
2015/2016,2015-10-04,Puebla,Morelia,1,3,-1,football-data,2.51,3.24,3.15,2.53,3.35,3.3,2.35,3.12,3.02,0.39840637450199207,0.30864197530864196,0.31746031746031744,0.024508667270951356,0.3952569169960475,0.29850746268656714,0.30303030303030304,-0.0032053172870822877,0.425531914893617,0.3205128205128205,0.33112582781456956,0.0771705632210069
2015/2016,2015-10-04,Pumas UNAM,Guadalajara,1,0,1,football-data,1.81,3.75,4.82,1.85,3.82,4.85,1.78,3.53,4.34,0.5524861878453039,0.26666666666666666,0.20746887966804978,0.02662173418002034,0.5405405405405405,0.2617801047120419,0.2061855670103093,0.00850621226289161,0.5617977528089888,0.28328611898017,0.2304147465437788,0.07549861833293758
2015/2016,2015-10-04,Santos Laguna,Toluca,0,0,0,football-data,2.39,3.53,3.09,2.45,3.53,3.3,2.25,3.32,3.02,0.41841004184100417,0.28328611898017,0.3236245954692557,0.025320756290429847,0.4081632653061224,0.28328611898017,0.30303030303030304,-0.005520312683404693,0.4444444444444444,0.30120481927710846,0.33112582781456956,0.07677509153612228
2015/2016,2015-10-10,Monterrey,Puebla,1,1,0,football-data,1.76,3.99,4.85,1.78,4.1,5.6,1.69,3.74,4.65,0.5681818181818182,0.2506265664160401,0.2061855670103093,0.02499395160816764,0.5617977528089888,0.24390243902439027,0.17857142857142858,-0.015728379595192354,0.591715976331361,0.267379679144385,0.2150537634408602,0.07414941891660609
2015/2016,2015-10-17,Cruz Azul,Dorados de Sinaloa,1,1,0,football-data,1.56,4.19,6.78,1.7,4.2,7.2,1.55,3.89,5.8,0.641025641025641,0.2386634844868735,0.14749262536873156,0.02718175088124597,0.5882352941176471,0.23809523809523808,0.1388888888888889,-0.034780578898226056,0.6451612903225806,0.2570694087403599,0.1724137931034483,0.07464449216638869
2015/2016,2015-10-17,Tijuana,America,0,2,-1,football-data,3.09,3.65,2.34,3.25,3.65,2.35,3.0,3.35,2.24,0.3236245954692557,0.273972602739726,0.4273504273504274,0.024947625559409214,0.3076923076923077,0.273972602739726,0.425531914893617,0.007196825325650691,0.3333333333333333,0.29850746268656714,0.4464285714285714,0.0782693674484718
2015/2016,2015-10-17,Veracruz,Santos Laguna,0,3,-1,football-data,2.62,3.46,2.82,2.8,3.55,3.0,2.56,3.23,2.67,0.38167938931297707,0.28901734104046245,0.3546099290780142,0.025306659431453715,0.35714285714285715,0.28169014084507044,0.3333333333333333,-0.027833668678739043,0.390625,0.30959752321981426,0.37453183520599254,0.0747543584258068
2015/2016,2015-10-18,Chiapas,Monterrey,2,2,0,football-data,2.52,3.6,2.85,2.88,3.6,2.85,2.58,3.32,2.57,0.3968253968253968,0.2777777777777778,0.3508771929824561,0.02548036758563077,0.3472222222222222,0.2777777777777778,0.3508771929824561,-0.02412280701754388,0.38759689922480617,0.30120481927710846,0.38910505836575876,0.07790677686767333
2015/2016,2015-10-18,Guadalajara,Puebla,1,1,0,football-data,2.09,3.49,3.84,2.16,3.5,4.1,2.02,3.31,3.57,0.47846889952153115,0.28653295128939826,0.2604166666666667,0.025418517477596048,0.4629629629629629,0.2857142857142857,0.24390243902439027,-0.007420312298361154,0.49504950495049505,0.3021148036253776,0.2801120448179272,0.0772763533937999
2015/2016,2015-10-18,Leon,Pumas UNAM,1,3,-1,football-data,2.13,3.73,3.47,2.22,3.75,3.58,2.09,3.48,3.21,0.4694835680751174,0.2680965147453083,0.2881844380403458,0.025764520860771523,0.4504504504504504,0.26666666666666666,0.27932960893854747,-0.0035532739443353556,0.47846889952153115,0.28735632183908044,0.3115264797507788,0.07735170111139045
2015/2016,2015-10-18,Morelia,Atlas,0,1,-1,football-data,2.19,3.56,3.46,2.22,3.61,3.6,2.1,3.33,3.3,0.4566210045662101,0.2808988764044944,0.28901734104046245,0.026537222011166817,0.4504504504504504,0.2770083102493075,0.2777777777777778,0.0052365384775356905,0.47619047619047616,0.3003003003003003,0.30303030303030304,0.07952107952107945
2015/2016,2015-10-18,Tigres UANL,Pachuca,2,1,1,football-data,1.61,4.29,5.86,1.7,4.29,5.9,1.58,3.92,5.25,0.6211180124223602,0.2331002331002331,0.1706484641638225,0.02486670968641569,0.5882352941176471,0.2331002331002331,0.1694915254237288,-0.009172947358391026,0.6329113924050632,0.25510204081632654,0.19047619047619047,0.07848962369758028
2015/2016,2015-10-18,Toluca,Queretaro,4,2,1,football-data,1.79,3.84,4.84,1.91,3.84,4.84,1.77,3.57,4.35,0.5586592178770949,0.2604166666666667,0.2066115702479339,0.02568745479169543,0.5235602094240838,0.2604166666666667,0.2066115702479339,-0.009411553661315741,0.5649717514124294,0.2801120448179272,0.2298850574712644,0.07496885370162087
2015/2016,2015-10-24,America,Queretaro,0,1,-1,football-data,1.72,4.16,4.88,1.73,4.2,5.75,1.64,3.83,4.87,0.5813953488372093,0.24038461538461536,0.20491803278688525,0.026697997008709784,0.5780346820809249,0.23809523809523808,0.17391304347826086,-0.009957036345576209,0.6097560975609756,0.2610966057441253,0.2053388090349076,0.07619151234000854
2015/2016,2015-10-24,Santos Laguna,Cruz Azul,1,2,-1,football-data,2.24,3.52,3.39,2.28,3.52,3.66,2.12,3.29,3.31,0.4464285714285714,0.2840909090909091,0.2949852507374631,0.025504731256943636,0.4385964912280702,0.2840909090909091,0.27322404371584696,-0.004088555965173657,0.4716981132075471,0.303951367781155,0.3021148036253776,0.0777642846140798
2015/2016,2015-10-24,Veracruz,Toluca,3,2,1,football-data,2.78,3.46,2.66,3.0,3.46,2.66,2.79,3.21,2.45,0.3597122302158274,0.28901734104046245,0.37593984962406013,0.024669420880349957,0.3333333333333333,0.28901734104046245,0.37593984962406013,-0.0017094760021441058,0.35842293906810035,0.3115264797507788,0.4081632653061224,0.0781126841250015
2015/2016,2015-10-25,Dorados de Sinaloa,Tigres UANL,0,0,0,football-data,3.59,3.39,2.21,3.94,3.5,2.27,3.36,3.22,2.14,0.2785515320334262,0.2949852507374631,0.45248868778280543,0.02602547055369464,0.25380710659898476,0.2857142857142857,0.44052863436123346,-0.019949973325496084,0.2976190476190476,0.3105590062111801,0.4672897196261682,0.07546777345639599
2015/2016,2015-10-25,Monterrey,Tijuana,3,1,1,football-data,1.65,4.2,5.57,1.66,4.07,5.64,1.63,3.91,5.16,0.6060606060606061,0.23809523809523808,0.17953321364452424,0.02368905780036834,0.6024096385542169,0.24570024570024568,0.1773049645390071,0.025414848793469558,0.6134969325153374,0.2557544757033248,0.19379844961240308,0.0630498578310652
2015/2016,2015-10-25,Pachuca,Morelia,2,0,1,football-data,2.2,3.57,3.45,2.24,3.6,3.62,2.09,3.35,3.4,0.45454545454545453,0.2801120448179272,0.2898550724637681,0.02451257182714972,0.4464285714285714,0.2777777777777778,0.27624309392265195,0.00044944312900119243,0.47846889952153115,0.29850746268656714,0.29411764705882354,0.07109400926692189
2015/2016,2015-10-25,Puebla,Leon,1,0,1,football-data,2.32,3.52,3.22,2.48,3.53,3.25,2.3,3.28,2.98,0.4310344827586207,0.2840909090909091,0.3105590062111801,0.02568439806070999,0.40322580645161293,0.28328611898017,0.3076923076923077,-0.005795766875909436,0.4347826086956522,0.3048780487804878,0.33557046979865773,0.07523112727479764
2015/2016,2015-10-25,Pumas UNAM,Chiapas,2,3,-1,football-data,1.61,4.25,5.94,1.7,4.25,5.94,1.61,3.87,5.09,0.6211180124223602,0.23529411764705882,0.16835016835016833,0.024762298419587214,0.5882352941176471,0.23529411764705882,0.16835016835016833,-0.008120419885125796,0.6211180124223602,0.25839793281653745,0.19646365422396858,0.07597959946286625
2015/2016,2015-10-31,Cruz Azul,Veracruz,1,1,0,football-data,1.7,3.74,5.92,1.8,3.75,5.92,1.68,3.56,5.12,0.5882352941176471,0.267379679144385,0.16891891891891891,0.024533892180951034,0.5555555555555556,0.26666666666666666,0.16891891891891891,-0.008858858858858953,0.5952380952380952,0.2808988764044944,0.1953125,0.07144947164258975
2015/2016,2015-10-31,Queretaro,Monterrey,3,1,1,football-data,2.26,3.62,3.33,2.5,3.73,3.33,2.23,3.38,3.01,0.4424778761061947,0.27624309392265195,0.3003003003003003,0.019021270329147022,0.4,0.2680965147453083,0.3003003003003003,-0.031603184954391295,0.4484304932735426,0.2958579881656805,0.33222591362126247,0.07651439506048563
2015/2016,2015-10-31,Tijuana,Pumas UNAM,1,2,-1,football-data,2.47,3.57,2.94,2.66,3.6,2.94,2.47,3.29,2.71,0.4048582995951417,0.2801120448179272,0.3401360544217687,0.02510639883483745,0.37593984962406013,0.2777777777777778,0.3401360544217687,-0.006146318176393439,0.4048582995951417,0.303951367781155,0.36900369003690037,0.07781335741319717
2015/2016,2015-11-01,Chiapas,Puebla,1,0,1,football-data,2.24,3.43,3.48,2.27,3.5,3.6,2.13,3.27,3.33,0.4464285714285714,0.29154518950437314,0.28735632183908044,0.025330082772025087,0.44052863436123346,0.2857142857142857,0.2777777777777778,0.004020697853297062,0.4694835680751174,0.3058103975535168,0.3003003003003003,0.07559426592893459
2015/2016,2015-11-01,Guadalajara,Pachuca,4,4,0,football-data,2.62,3.39,2.87,2.75,3.4,2.97,2.47,3.2,2.78,0.38167938931297707,0.2949852507374631,0.3484320557491289,0.02509669579956908,0.36363636363636365,0.29411764705882354,0.33670033670033667,-0.005545652604476148,0.4048582995951417,0.3125,0.3597122302158274,0.07707052981096907
2015/2016,2015-11-01,Leon,Atlas,2,1,1,football-data,2.12,3.74,3.5,2.16,3.75,3.7,2.02,3.48,3.41,0.4716981132075471,0.267379679144385,0.2857142857142857,0.024792078066217638,0.4629629629629629,0.26666666666666666,0.27027027027027023,-0.00010010010010019776,0.49504950495049505,0.28735632183908044,0.29325513196480935,0.07566095875438483
2015/2016,2015-11-01,Morelia,Dorados de Sinaloa,4,0,1,football-data,1.82,3.64,4.98,1.85,3.64,5.05,1.76,3.44,4.56,0.5494505494505494,0.2747252747252747,0.2008032128514056,0.02497903702722981,0.5405405405405405,0.2747252747252747,0.19801980198019803,0.013285617246013182,0.5681818181818182,0.29069767441860467,0.2192982456140351,0.07817773821445795
2015/2016,2015-11-01,Tigres UANL,Santos Laguna,2,2,0,football-data,1.81,3.69,4.99,1.87,3.7,5.15,1.75,3.49,4.6,0.5524861878453039,0.2710027100271003,0.2004008016032064,0.023889699475610593,0.53475935828877,0.27027027027027023,0.1941747572815534,-0.0007956141594064325,0.5714285714285714,0.28653295128939826,0.2173913043478261,0.07535282706579571
2015/2016,2015-11-01,Toluca,America,2,3,-1,football-data,2.79,3.46,2.65,2.92,3.46,2.82,2.65,3.21,2.56,0.35842293906810035,0.28901734104046245,0.37735849056603776,0.02479877067460068,0.3424657534246575,0.28901734104046245,0.3546099290780142,-0.013906976456865783,0.37735849056603776,0.3115264797507788,0.390625,0.0795099703168165
2015/2016,2015-11-07,Cruz Azul,Toluca,1,2,-1,football-data,2.41,3.43,3.09,2.46,3.5,3.2,2.29,3.29,2.99,0.41493775933609955,0.29154518950437314,0.3236245954692557,0.030107544309728507,0.4065040650406504,0.2857142857142857,0.3125,0.004718350754936207,0.4366812227074236,0.303951367781155,0.33444816053511706,0.07508075102369571
2015/2016,2015-11-07,Santos Laguna,Morelia,2,3,-1,football-data,2.13,3.67,3.53,2.22,3.67,3.75,2.05,3.4,3.38,0.4694835680751174,0.2724795640326976,0.28328611898017,0.025249251087984925,0.4504504504504504,0.2724795640326976,0.26666666666666666,-0.010403318850185306,0.48780487804878053,0.29411764705882354,0.2958579881656805,0.0777805132732845
2015/2016,2015-11-07,Veracruz,Tigres UANL,1,3,-1,football-data,3.95,3.36,2.11,4.02,3.48,2.17,3.55,3.21,2.06,0.2531645569620253,0.2976190476190476,0.47393364928909953,0.024717253870172318,0.24875621890547267,0.28735632183908044,0.4608294930875576,-0.0030579661678893366,0.28169014084507044,0.3115264797507788,0.4854368932038835,0.07865351379973262
2015/2016,2015-11-08,Atlas,Chiapas,2,3,-1,football-data,2.27,3.52,3.39,2.32,3.52,3.39,2.18,3.32,3.15,0.44052863436123346,0.2840909090909091,0.2949852507374631,0.01960479418960559,0.4310344827586207,0.2840909090909091,0.2949852507374631,0.010110642586993013,0.4587155963302752,0.30120481927710846,0.31746031746031744,0.07738073306770099
2015/2016,2015-11-08,Dorados de Sinaloa,Guadalajara,2,1,1,football-data,2.27,3.4,3.44,2.7,3.45,3.44,2.26,3.24,3.08,0.44052863436123346,0.29411764705882354,0.29069767441860467,0.02534395583866167,0.37037037037037035,0.2898550724637681,0.29069767441860467,-0.049076882747256745,0.4424778761061947,0.30864197530864196,0.3246753246753247,0.0757951760901614
2015/2016,2015-11-08,Monterrey,America,2,1,1,football-data,2.52,3.44,2.96,2.67,3.51,2.96,2.48,3.26,2.72,0.3968253968253968,0.29069767441860467,0.33783783783783783,0.02536090908183919,0.37453183520599254,0.2849002849002849,0.33783783783783783,-0.002730042055884785,0.40322580645161293,0.3067484662576687,0.3676470588235294,0.07762133153281114
2015/2016,2015-11-08,Pachuca,Leon,3,2,1,football-data,1.75,4.17,4.69,1.9,4.17,4.8,1.75,3.82,4.15,0.5714285714285714,0.23980815347721823,0.21321961620469082,0.02445634111048056,0.5263157894736842,0.23980815347721823,0.20833333333333334,-0.02554272371576427,0.5714285714285714,0.2617801047120419,0.24096385542168672,0.07417253156229986
2015/2016,2015-11-08,Puebla,Tijuana,2,1,1,football-data,2.0,3.79,3.84,2.05,3.8,3.95,1.95,3.49,3.62,0.5,0.2638522427440633,0.2604166666666667,0.02426890941073001,0.48780487804878053,0.2631578947368421,0.2531645569620253,0.0041273297476478454,0.5128205128205129,0.28653295128939826,0.27624309392265195,0.07559655803256304
2015/2016,2015-11-08,Pumas UNAM,Queretaro,2,1,1,football-data,2.29,3.61,3.21,2.29,3.61,3.8,2.14,3.36,3.2,0.4366812227074236,0.2770083102493075,0.3115264797507788,0.02521601270750984,0.4366812227074236,0.2770083102493075,0.2631578947368421,-0.023152572306426755,0.4672897196261682,0.2976190476190476,0.3125,0.07740876724521595
2015/2016,2015-11-11,Dorados de Sinaloa,Veracruz,0,0,0,football-data,2.61,3.32,2.93,2.61,3.4,3.1,2.46,3.14,2.84,0.3831417624521073,0.30120481927710846,0.341296928327645,0.02564351005686083,0.3831417624521073,0.29411764705882354,0.3225806451612903,-0.0001599453277789653,0.4065040650406504,0.3184713375796178,0.35211267605633806,0.07708807867660616
2015/2016,2015-11-12,Atlas,Guadalajara,0,1,-1,football-data,3.0,3.2,2.63,3.0,3.25,3.0,2.71,3.07,2.66,0.3333333333333333,0.3125,0.3802281368821293,0.026061470215462457,0.3333333333333333,0.3076923076923077,0.3333333333333333,-0.025641025641025772,0.36900369003690037,0.32573289902280134,0.37593984962406013,0.07067643868376194
2015/2016,2015-11-15,Pachuca,Cruz Azul,1,2,-1,football-data,1.68,4.19,5.21,1.7,4.2,5.5,1.64,3.81,4.84,0.5952380952380952,0.2386634844868735,0.19193857965451055,0.025840159379479255,0.5882352941176471,0.23809523809523808,0.18181818181818182,0.008148714031066984,0.6097560975609756,0.26246719160104987,0.2066115702479339,0.07883485940995927
2015/2016,2015-11-21,America,Pumas UNAM,1,1,0,football-data,1.9,3.85,4.17,1.95,3.85,4.21,1.86,3.56,3.9,0.5263157894736842,0.2597402597402597,0.23980815347721823,0.025864202691162186,0.5128205128205129,0.2597402597402597,0.23752969121140144,0.01009046377217393,0.5376344086021505,0.2808988764044944,0.25641025641025644,0.0749435414169013
2015/2016,2015-11-21,Queretaro,Puebla,0,0,0,football-data,2.36,3.51,3.16,2.38,3.51,3.3,2.28,3.28,3.02,0.42372881355932207,0.2849002849002849,0.3164556962025316,0.025084794662138643,0.42016806722689076,0.2849002849002849,0.30303030303030304,0.008098655157478651,0.4385964912280702,0.3048780487804878,0.33112582781456956,0.07460036782312773
2015/2016,2015-11-21,Tijuana,Atlas,2,0,1,football-data,1.88,3.82,4.35,2.02,3.82,4.5,1.84,3.56,3.98,0.5319148936170213,0.2617801047120419,0.2298850574712644,0.023580055800327404,0.49504950495049505,0.2617801047120419,0.2222222222222222,-0.020948168115240917,0.5434782608695652,0.2808988764044944,0.25125628140703515,0.07563341868109474
2015/2016,2015-11-22,Chiapas,Pachuca,3,2,1,football-data,2.14,3.71,3.47,2.19,3.71,3.51,2.08,3.47,3.27,0.4672897196261682,0.2695417789757412,0.2881844380403458,0.02501593664225532,0.4566210045662101,0.2695417789757412,0.2849002849002849,0.011063068442236146,0.4807692307692307,0.2881844380403458,0.3058103975535168,0.0747640663630933
2015/2016,2015-11-22,Guadalajara,Santos Laguna,0,3,-1,football-data,2.41,3.54,3.05,2.5,3.56,3.07,2.36,3.29,2.85,0.41493775933609955,0.2824858757062147,0.3278688524590164,0.02529248750133073,0.4,0.2808988764044944,0.32573289902280134,0.006631775427295761,0.42372881355932207,0.303951367781155,0.3508771929824561,0.07855737432293308
2015/2016,2015-11-22,Leon,Dorados de Sinaloa,3,0,1,football-data,1.58,4.33,6.11,1.6,4.39,6.5,1.55,3.96,5.64,0.6329113924050632,0.23094688221709006,0.1636661211129296,0.027524395735082807,0.625,0.22779043280182235,0.15384615384615385,0.006636586647976284,0.6451612903225806,0.25252525252525254,0.1773049645390071,0.07499150738684013
2015/2016,2015-11-22,Morelia,Veracruz,1,2,-1,football-data,2.14,3.69,3.5,2.15,3.69,3.8,2.03,3.43,3.4,0.4672897196261682,0.2710027100271003,0.2857142857142857,0.024006715367554055,0.46511627906976744,0.2710027100271003,0.2631578947368421,-0.000723116166290172,0.4926108374384237,0.29154518950437314,0.29411764705882354,0.07827367400162033
2015/2016,2015-11-22,Tigres UANL,Cruz Azul,0,0,0,football-data,1.7,4.03,5.31,1.8,4.15,5.36,1.67,3.7,4.85,0.5882352941176471,0.24813895781637715,0.18832391713747648,0.024698169071500686,0.5555555555555556,0.24096385542168672,0.18656716417910446,-0.016913424843653213,0.5988023952095809,0.27027027027027023,0.2061855670103093,0.07525823249016028
2015/2016,2015-11-22,Toluca,Monterrey,3,1,1,football-data,2.12,3.69,3.53,2.25,3.7,3.58,2.09,3.48,3.22,0.4716981132075471,0.2710027100271003,0.28328611898017,0.025986942214817343,0.4444444444444444,0.27027027027027023,0.27932960893854747,-0.0059556763467378815,0.47846889952153115,0.28735632183908044,0.3105590062111801,0.07638422757179164
2015/2016,2015-11-26,America,Leon,4,1,1,football-data,1.76,4.04,4.81,1.8,4.3,5.0,1.71,3.73,4.44,0.5681818181818182,0.24752475247524752,0.2079002079002079,0.023606778557273778,0.5555555555555556,0.23255813953488372,0.2,-0.011886304909560774,0.5847953216374269,0.2680965147453083,0.2252252252252252,0.07811706160796028
2015/2016,2015-11-26,Tigres UANL,Chiapas,2,1,1,football-data,1.65,4.07,5.74,1.68,4.2,6.45,1.6,3.83,5.2,0.6060606060606061,0.24570024570024568,0.17421602787456444,0.02597687963541606,0.5952380952380952,0.23809523809523808,0.15503875968992248,-0.011627906976744207,0.625,0.2610966057441253,0.1923076923076923,0.07840429805181759
2015/2016,2015-11-27,Puebla,Toluca,2,2,0,football-data,2.85,3.33,2.67,2.85,3.4,2.67,2.67,3.19,2.56,0.3508771929824561,0.3003003003003003,0.37453183520599254,0.025709328488749073,0.3508771929824561,0.29411764705882354,0.37453183520599254,0.01952667524727225,0.37453183520599254,0.31347962382445144,0.390625,0.07863645903044403
2015/2016,2015-11-27,Veracruz,Pumas UNAM,1,0,1,football-data,2.82,3.45,2.63,2.82,3.5,2.73,2.64,3.27,2.54,0.3546099290780142,0.2898550724637681,0.3802281368821293,0.02469313842391152,0.3546099290780142,0.2857142857142857,0.3663003663003663,0.006624581092666171,0.3787878787878788,0.3058103975535168,0.39370078740157477,0.07829906374297035
2015/2016,2015-11-29,Chiapas,Tigres UANL,0,1,-1,football-data,2.83,3.35,2.68,3.0,3.55,2.71,2.72,3.26,2.5,0.35335689045936397,0.29850746268656714,0.3731343283582089,0.024998681504140086,0.3333333333333333,0.28169014084507044,0.36900369003690037,-0.015972835784695882,0.3676470588235294,0.3067484662576687,0.4,0.07439552508119807
2015/2016,2015-11-29,Leon,America,2,1,1,football-data,2.4,3.71,2.96,2.52,3.71,2.96,2.36,3.44,2.75,0.4166666666666667,0.2695417789757412,0.33783783783783783,0.024046283480245734,0.3968253968253968,0.2695417789757412,0.33783783783783783,0.004205013638975963,0.42372881355932207,0.29069767441860467,0.36363636363636365,0.07806285161429027
2015/2016,2015-11-29,Pumas UNAM,Veracruz,1,0,1,football-data,1.63,4.22,5.69,1.63,4.23,6.5,1.54,3.93,5.74,0.6134969325153374,0.23696682464454977,0.17574692442882248,0.02621068158870976,0.6134969325153374,0.23640661938534277,0.15384615384615385,0.0037497057468340866,0.6493506493506493,0.2544529262086514,0.17421602787456444,0.07801960343386516
2015/2016,2015-11-29,Toluca,Puebla,1,0,1,football-data,1.78,3.87,4.87,1.83,3.95,4.95,1.76,3.57,4.36,0.5617977528089888,0.25839793281653745,0.2053388090349076,0.025534494660433893,0.5464480874316939,0.2531645569620253,0.20202020202020202,0.0016328464139212517,0.5681818181818182,0.2801120448179272,0.2293577981651376,0.07765166116488298
2015/2016,2015-12-04,America,Pumas UNAM,0,3,-1,football-data,1.93,3.7,4.22,1.95,3.79,4.35,1.87,3.53,3.89,0.5181347150259068,0.27027027027027023,0.23696682464454977,0.02537180994072674,0.5128205128205129,0.2638522427440633,0.2298850574712644,0.006557813035840576,0.53475935828877,0.28328611898017,0.2570694087403599,0.07511488600929983
2015/2016,2015-12-04,Tigres UANL,Toluca,0,0,0,football-data,1.68,3.86,5.85,1.7,4.1,5.85,1.65,3.66,5.11,0.5952380952380952,0.2590673575129534,0.17094017094017094,0.02524562369121952,0.5882352941176471,0.24390243902439027,0.17094017094017094,0.003077904082208205,0.6060606060606061,0.27322404371584696,0.19569471624266144,0.07497936601911448
2015/2016,2015-12-06,Pumas UNAM,America,1,3,-1,football-data,3.08,3.55,2.39,3.14,3.61,2.6,2.87,3.32,2.33,0.3246753246753247,0.28169014084507044,0.41841004184100417,0.02477550736139933,0.3184713375796178,0.2770083102493075,0.3846153846153846,-0.019904967555690156,0.3484320557491289,0.30120481927710846,0.4291845493562232,0.07882142438246054
2015/2016,2015-12-07,Toluca,Tigres UANL,0,2,-1,football-data,2.58,3.34,2.96,2.79,3.34,2.96,2.53,3.12,2.77,0.38759689922480617,0.29940119760479045,0.33783783783783783,0.0248359346674345,0.35842293906810035,0.29940119760479045,0.33783783783783783,-0.004338025489271424,0.3952569169960475,0.3205128205128205,0.36101083032490977,0.07678056783377762
2015/2016,2015-12-11,Tigres UANL,Pumas UNAM,3,0,1,football-data,1.56,4.12,7.11,1.75,4.15,7.11,1.56,3.78,5.85,0.641025641025641,0.24271844660194175,0.14064697609001406,0.024391063717596806,0.5714285714285714,0.24096385542168672,0.14064697609001406,-0.04696059705972777,0.641025641025641,0.2645502645502646,0.17094017094017094,0.07651607651607661
2015/2016,2015-12-14,Pumas UNAM,Tigres UANL,3,0,1,football-data,3.34,3.35,2.34,3.34,3.4,2.53,3.02,3.22,2.31,0.29940119760479045,0.29850746268656714,0.4273504273504274,0.025259087641785083,0.29940119760479045,0.29411764705882354,0.3952569169960475,-0.011224238340338588,0.33112582781456956,0.3105590062111801,0.4329004329004329,0.07458526692618261
2015/2016,2016-01-09,America,Puebla,0,0,0,football-data,1.75,3.89,5.04,1.77,4.1,5.2,1.69,3.69,4.74,0.5714285714285714,0.2570694087403599,0.1984126984126984,0.026910678581629766,0.5649717514124294,0.24390243902439027,0.1923076923076923,0.0011818827445120306,0.591715976331361,0.2710027100271003,0.21097046413502107,0.07368915049348246
2015/2016,2016-01-09,Queretaro,Atlas,1,3,-1,football-data,2.04,3.45,4.07,2.1,3.56,4.1,1.98,3.25,3.8,0.49019607843137253,0.2898550724637681,0.24570024570024568,0.02575139659538639,0.47619047619047616,0.2808988764044944,0.24390243902439027,0.0009917916193609155,0.5050505050505051,0.3076923076923077,0.2631578947368421,0.07590070747965494
2015/2016,2016-01-09,Tijuana,Pachuca,1,1,0,football-data,2.27,3.61,3.25,2.29,3.61,3.4,2.18,3.4,3.12,0.44052863436123346,0.2770083102493075,0.3076923076923077,0.02522925230284878,0.4366812227074236,0.2770083102493075,0.29411764705882354,0.007807180015554582,0.4587155963302752,0.29411764705882354,0.3205128205128205,0.07334606390191922
2015/2016,2016-01-10,Chiapas,Dorados de Sinaloa,1,0,1,football-data,1.77,3.81,5.05,1.81,3.85,5.1,1.74,3.55,4.57,0.5649717514124294,0.26246719160104987,0.19801980198019803,0.025458744993677174,0.5524861878453039,0.2597402597402597,0.19607843137254904,0.008304878958112605,0.5747126436781609,0.28169014084507044,0.2188183807439825,0.0752211652672139
2015/2016,2016-01-10,Guadalajara,Veracruz,2,2,0,football-data,2.11,3.37,3.94,2.12,3.4,3.95,2.03,3.21,3.68,0.47393364928909953,0.29673590504451036,0.25380710659898476,0.024476660932594818,0.4716981132075471,0.29411764705882354,0.2531645569620253,0.018980317228395993,0.4926108374384237,0.3115264797507788,0.2717391304347826,0.07587644762398504
2015/2016,2016-01-10,Leon,Santos Laguna,2,0,1,football-data,2.36,3.54,3.13,2.36,3.6,3.3,2.24,3.36,3.02,0.42372881355932207,0.2824858757062147,0.3194888178913738,0.0257035071569105,0.42372881355932207,0.2777777777777778,0.30303030303030304,0.004536894367402899,0.4464285714285714,0.2976190476190476,0.33112582781456956,0.07517344686218852
2015/2016,2016-01-10,Monterrey,Pumas UNAM,1,0,1,football-data,1.91,3.91,4.08,1.93,3.98,4.25,1.86,3.63,3.81,0.5235602094240838,0.2557544757033248,0.24509803921568626,0.024412724343094938,0.5181347150259068,0.25125628140703515,0.23529411764705882,0.0046851140800008295,0.5376344086021505,0.27548209366391185,0.26246719160104987,0.07558369386711217
2015/2016,2016-01-10,Morelia,Cruz Azul,2,2,0,football-data,2.43,3.32,3.2,2.6,3.4,3.25,2.36,3.15,2.99,0.4115226337448559,0.30120481927710846,0.3125,0.025227453021964497,0.3846153846153846,0.29411764705882354,0.3076923076923077,-0.013574660633484115,0.42372881355932207,0.31746031746031744,0.33444816053511706,0.07563729155475651
2015/2016,2016-01-10,Toluca,Tigres UANL,1,0,1,football-data,2.97,3.3,2.6,3.0,3.3,2.7,2.77,3.1,2.54,0.33670033670033667,0.30303030303030304,0.3846153846153846,0.024346024346024286,0.3333333333333333,0.30303030303030304,0.37037037037037035,0.006734006734006703,0.36101083032490977,0.3225806451612903,0.39370078740157477,0.0772922628877748
2015/2016,2016-01-16,Cruz Azul,Guadalajara,1,1,0,football-data,2.19,3.46,3.58,2.19,3.6,4.0,2.05,3.28,3.56,0.4566210045662101,0.28901734104046245,0.27932960893854747,0.02496795454521994,0.4566210045662101,0.2777777777777778,0.25,-0.015601217656012079,0.48780487804878053,0.3048780487804878,0.2808988764044944,0.07358180323376273
2015/2016,2016-01-16,Santos Laguna,Chiapas,1,0,1,football-data,1.87,3.77,4.45,1.93,3.84,4.45,1.85,3.53,4.02,0.53475935828877,0.26525198938992045,0.2247191011235955,0.02473044880228592,0.5181347150259068,0.2604166666666667,0.2247191011235955,0.0032704828161689292,0.5405405405405405,0.28328611898017,0.24875621890547267,0.07258287842618305
2015/2016,2016-01-16,Veracruz,Leon,1,3,-1,football-data,2.59,3.49,2.85,2.69,3.53,2.9,2.46,3.29,2.75,0.3861003861003861,0.28653295128939826,0.3508771929824561,0.02351053037224049,0.3717472118959108,0.28328611898017,0.3448275862068966,-0.0001390829170226926,0.4065040650406504,0.303951367781155,0.36363636363636365,0.07409179645816888
2015/2016,2016-01-17,Atlas,America,0,3,-1,football-data,3.05,3.49,2.44,3.11,3.49,2.46,2.91,3.25,2.36,0.3278688524590164,0.28653295128939826,0.4098360655737705,0.02423786932218519,0.3215434083601286,0.28653295128939826,0.4065040650406504,0.014580424690177285,0.3436426116838488,0.3076923076923077,0.42372881355932207,0.07506373293547863
2015/2016,2016-01-17,Dorados de Sinaloa,Tijuana,0,1,-1,football-data,2.69,3.38,2.8,2.72,3.45,2.8,2.58,3.18,2.69,0.3717472118959108,0.2958579881656805,0.35714285714285715,0.024748057204448504,0.3676470588235294,0.2898550724637681,0.35714285714285715,0.014644988430154715,0.38759689922480617,0.31446540880503143,0.3717472118959108,0.07380951992574847
2015/2016,2016-01-17,Pachuca,Queretaro,1,0,1,football-data,2.03,3.66,3.84,2.03,3.72,4.0,1.97,3.44,3.61,0.4926108374384237,0.27322404371584696,0.2604166666666667,0.026251547820937304,0.4926108374384237,0.26881720430107525,0.25,0.011428041739498962,0.5076142131979695,0.29069767441860467,0.2770083102493075,0.07532019786588173
2015/2016,2016-01-17,Puebla,Monterrey,1,3,-1,football-data,2.84,3.41,2.64,2.88,3.52,2.64,2.72,3.23,2.52,0.35211267605633806,0.29325513196480935,0.3787878787878788,0.024155686809026022,0.3472222222222222,0.2840909090909091,0.3787878787878788,0.010101010101009944,0.3676470588235294,0.30959752321981426,0.3968253968253968,0.07406997886874045
2015/2016,2016-01-17,Pumas UNAM,Toluca,3,2,1,football-data,2.14,3.56,3.62,2.3,3.68,3.75,2.09,3.36,3.37,0.4672897196261682,0.2808988764044944,0.27624309392265195,0.024431689953314573,0.4347826086956522,0.2717391304347826,0.26666666666666666,-0.02681159420289858,0.47846889952153115,0.2976190476190476,0.29673590504451036,0.07282385218508924
2015/2016,2016-01-17,Tigres UANL,Morelia,2,0,1,football-data,1.55,4.12,7.26,1.62,4.21,7.6,1.53,3.81,6.47,0.6451612903225806,0.24271844660194175,0.13774104683195593,0.02562078375647836,0.6172839506172839,0.23752969121140144,0.13157894736842105,-0.013607410802893627,0.6535947712418301,0.26246719160104987,0.1545595054095827,0.07062146825246263
2015/2016,2016-01-23,America,Pachuca,1,4,-1,football-data,1.98,3.8,3.89,2.03,3.9,4.75,1.83,3.61,3.96,0.5050505050505051,0.2631578947368421,0.2570694087403599,0.025277808527707002,0.4926108374384237,0.25641025641025644,0.21052631578947367,-0.04045259036184623,0.5464480874316939,0.2770083102493075,0.25252525252525254,0.07598165020625403
2015/2016,2016-01-23,Queretaro,Dorados de Sinaloa,3,0,1,football-data,1.58,4.06,6.83,1.8,4.1,6.83,1.58,3.72,5.81,0.6329113924050632,0.24630541871921185,0.14641288433382138,0.025629695458096347,0.5555555555555556,0.24390243902439027,0.14641288433382138,-0.0541291210862328,0.6329113924050632,0.26881720430107525,0.17211703958691912,0.07384563629305751
2015/2016,2016-01-23,Tijuana,Santos Laguna,1,3,-1,football-data,2.31,3.54,3.23,2.31,3.65,3.25,2.23,3.33,3.05,0.4329004329004329,0.2824858757062147,0.30959752321981426,0.02498383182646191,0.4329004329004329,0.273972602739726,0.3076923076923077,0.014565343332466618,0.4484304932735426,0.3003003003003003,0.3278688524590164,0.07659964603285951
2015/2016,2016-01-24,Chiapas,Veracruz,1,1,0,football-data,2.82,3.23,2.77,2.82,3.3,3.2,2.57,3.13,2.72,0.3546099290780142,0.30959752321981426,0.36101083032490977,0.025218282622738286,0.3546099290780142,0.30303030303030304,0.3125,-0.029859767891682765,0.38910505836575876,0.3194888178913738,0.3676470588235294,0.07624093508066188
2015/2016,2016-01-24,Guadalajara,Tigres UANL,2,2,0,football-data,3.58,3.17,2.32,3.76,3.3,2.36,3.32,3.07,2.23,0.27932960893854747,0.31545741324921134,0.4310344827586207,0.02582150494637947,0.26595744680851063,0.30303030303030304,0.42372881355932207,-0.007283436601864368,0.30120481927710846,0.32573289902280134,0.4484304932735426,0.07536821157345241
2015/2016,2016-01-24,Leon,Cruz Azul,3,2,1,football-data,2.3,3.46,3.33,2.3,3.66,3.6,2.14,3.25,3.33,0.4347826086956522,0.28901734104046245,0.3003003003003003,0.024100250036414916,0.4347826086956522,0.27322404371584696,0.2777777777777778,-0.014215569810723028,0.4672897196261682,0.3076923076923077,0.3003003003003003,0.07528232761877618
2015/2016,2016-01-24,Monterrey,Atlas,1,0,1,football-data,1.57,4.3,6.4,1.61,4.35,6.4,1.55,3.93,5.6,0.6369426751592356,0.23255813953488372,0.15625,0.025750814694119217,0.6211180124223602,0.2298850574712644,0.15625,0.00725306989362462,0.6451612903225806,0.2544529262086514,0.17857142857142858,0.07818564510266057
2015/2016,2016-01-24,Morelia,Toluca,1,1,0,football-data,2.59,3.49,2.85,2.59,3.49,3.08,2.42,3.22,2.82,0.3861003861003861,0.28653295128939826,0.3508771929824561,0.02351053037224049,0.3861003861003861,0.28653295128939826,0.3246753246753247,-0.0026913379348909583,0.4132231404958678,0.3105590062111801,0.3546099290780142,0.07839207578506202
2015/2016,2016-01-24,Pumas UNAM,Puebla,0,1,-1,football-data,1.88,3.89,4.25,1.9,3.9,5.0,1.81,3.58,4.15,0.5319148936170213,0.2570694087403599,0.23529411764705882,0.024278420004439916,0.5263157894736842,0.25641025641025644,0.2,-0.017273954116059365,0.5524861878453039,0.27932960893854747,0.24096385542168672,0.07277965220553795
2015/2016,2016-01-30,Cruz Azul,Chiapas,2,1,1,football-data,1.79,3.82,4.87,1.87,3.9,4.9,1.77,3.57,4.36,0.5586592178770949,0.2617801047120419,0.2053388090349076,0.02577813162404441,0.53475935828877,0.25641025641025644,0.2040816326530612,-0.004748752647912413,0.5649717514124294,0.2801120448179272,0.2293577981651376,0.07444159439549414
2015/2016,2016-01-30,Santos Laguna,Queretaro,2,0,1,football-data,1.62,4.11,6.09,1.87,4.11,6.09,1.63,3.75,5.15,0.6172839506172839,0.24330900243309,0.16420361247947454,0.024796565529848547,0.53475935828877,0.24330900243309,0.16420361247947454,-0.05772802679866551,0.6134969325153374,0.26666666666666666,0.1941747572815534,0.07433835646355735
2015/2016,2016-01-30,Veracruz,Tijuana,2,2,0,football-data,2.37,3.45,3.19,2.46,3.48,3.29,2.27,3.24,3.05,0.42194092827004215,0.2898550724637681,0.31347962382445144,0.02527562455826171,0.4065040650406504,0.28735632183908044,0.303951367781155,-0.0021882453391142143,0.44052863436123346,0.30864197530864196,0.3278688524590164,0.07703946212889168
2015/2016,2016-01-31,Atlas,Pumas UNAM,1,1,0,football-data,2.6,3.4,2.89,2.67,3.4,2.9,2.52,3.16,2.76,0.3846153846153846,0.29411764705882354,0.3460207612456747,0.02475379291988289,0.37453183520599254,0.29411764705882354,0.3448275862068966,0.013477068471712705,0.3968253968253968,0.3164556962025316,0.3623188405797102,0.07559993360763873
2015/2016,2016-01-31,Dorados de Sinaloa,America,0,3,-1,football-data,3.37,3.42,2.29,4.1,3.45,2.29,3.35,3.23,2.14,0.29673590504451036,0.29239766081871343,0.4366812227074236,0.02581478857064745,0.24390243902439027,0.2898550724637681,0.4366812227074236,-0.02956126580441798,0.29850746268656714,0.30959752321981426,0.4672897196261682,0.07539470553254968
2015/2016,2016-01-31,Morelia,Guadalajara,2,0,1,football-data,2.24,3.48,3.44,2.45,3.48,3.44,2.2,3.27,3.18,0.4464285714285714,0.28735632183908044,0.29069767441860467,0.024482567686256562,0.4081632653061224,0.28735632183908044,0.29069767441860467,-0.013782738436192377,0.45454545454545453,0.3058103975535168,0.31446540880503143,0.07482126090400265
2015/2016,2016-01-31,Pachuca,Monterrey,3,1,1,football-data,2.16,3.71,3.43,2.3,3.71,3.74,2.03,3.43,3.44,0.4629629629629629,0.2695417789757412,0.29154518950437314,0.0240499314430771,0.4347826086956522,0.2695417789757412,0.267379679144385,-0.028295933184221633,0.4926108374384237,0.29154518950437314,0.29069767441860467,0.07485370136140146
2015/2016,2016-01-31,Tigres UANL,Leon,3,1,1,football-data,1.49,4.42,7.76,1.69,4.42,7.76,1.51,3.93,6.39,0.6711409395973155,0.22624434389140272,0.1288659793814433,0.02625126287016144,0.591715976331361,0.22624434389140272,0.1288659793814433,-0.053173700395793055,0.6622516556291391,0.2544529262086514,0.1564945226917058,0.0731991045294964
2015/2016,2016-01-31,Toluca,Puebla,1,1,0,football-data,1.69,3.95,5.49,1.85,3.96,5.7,1.67,3.66,4.86,0.591715976331361,0.2531645569620253,0.18214936247723132,0.02702989577061743,0.5405405405405405,0.25252525252525254,0.17543859649122806,-0.031495610442978994,0.5988023952095809,0.27322404371584696,0.20576131687242796,0.0777877557978559
2015/2016,2016-02-06,America,Santos Laguna,2,0,1,football-data,1.8,3.87,4.75,1.91,3.95,4.75,1.8,3.59,4.13,0.5555555555555556,0.25839793281653745,0.21052631578947367,0.024479804161566587,0.5235602094240838,0.2531645569620253,0.21052631578947367,-0.012748917824417338,0.5555555555555556,0.2785515320334262,0.24213075060532688,0.07623783819430874
2015/2016,2016-02-06,Chiapas,Tigres UANL,1,3,-1,football-data,5.0,3.66,1.81,5.1,3.68,1.85,4.54,3.44,1.77,0.2,0.27322404371584696,0.5524861878453039,0.02571023156115082,0.19607843137254904,0.2717391304347826,0.5405405405405405,0.008358102347872043,0.22026431718061673,0.29069767441860467,0.5649717514124294,0.0759337430116509
2015/2016,2016-02-06,Queretaro,Veracruz,2,1,1,football-data,1.88,3.68,4.52,1.91,3.68,4.6,1.86,3.44,4.08,0.5319148936170213,0.2717391304347826,0.22123893805309736,0.024892962104901217,0.5235602094240838,0.2717391304347826,0.2173913043478261,0.012690644206692525,0.5376344086021505,0.29069767441860467,0.24509803921568626,0.07343012223644152
2015/2016,2016-02-06,Tijuana,Cruz Azul,1,1,0,football-data,2.45,3.39,3.11,2.45,3.45,3.2,2.32,3.21,3.0,0.4081632653061224,0.2949852507374631,0.3215434083601286,0.02469192440371426,0.4081632653061224,0.2898550724637681,0.3125,0.010518337769890529,0.4310344827586207,0.3115264797507788,0.3333333333333333,0.07589429584273288
2015/2016,2016-02-07,Guadalajara,Toluca,1,1,0,football-data,2.45,3.39,3.11,2.48,3.4,3.2,2.36,3.21,2.93,0.4081632653061224,0.2949852507374631,0.3215434083601286,0.02469192440371426,0.40322580645161293,0.29411764705882354,0.3125,0.009843453510436362,0.42372881355932207,0.3115264797507788,0.341296928327645,0.07655222163774589
2015/2016,2016-02-07,Leon,Morelia,1,2,-1,football-data,1.95,3.88,3.91,2.0,3.88,4.1,1.89,3.6,3.71,0.5128205128205129,0.2577319587628866,0.2557544757033248,0.026306947286724336,0.5,0.2577319587628866,0.24390243902439027,0.001634397787276809,0.5291005291005292,0.2777777777777778,0.2695417789757412,0.07642008585404825
2015/2016,2016-02-07,Monterrey,Dorados de Sinaloa,3,0,1,football-data,1.36,5.2,10.52,1.4,5.2,10.52,1.35,4.72,8.22,0.7352941176470588,0.1923076923076923,0.09505703422053233,0.0226588441752833,0.7142857142857143,0.1923076923076923,0.09505703422053233,0.001650440813938836,0.7407407407407407,0.21186440677966104,0.121654501216545,0.07425964873694668
2015/2016,2016-02-07,Puebla,Atlas,4,1,1,football-data,3.31,3.34,2.36,3.32,3.34,2.9,3.0,3.13,2.37,0.3021148036253776,0.29940119760479045,0.42372881355932207,0.025244814789490144,0.30120481927710846,0.29940119760479045,0.3448275862068966,-0.05456639691120446,0.3333333333333333,0.3194888178913738,0.42194092827004215,0.07476307949474936
2015/2016,2016-02-07,Pumas UNAM,Pachuca,1,1,0,football-data,2.55,3.67,2.78,2.55,3.67,2.9,2.42,3.34,2.75,0.3921568627450981,0.2724795640326976,0.3597122302158274,0.024348656993623097,0.3921568627450981,0.2724795640326976,0.3448275862068966,0.00946401298469235,0.4132231404958678,0.29940119760479045,0.36363636363636365,0.07626070173702182
2015/2016,2016-02-13,Cruz Azul,Queretaro,2,1,1,football-data,1.96,3.6,4.21,1.98,3.66,4.3,1.91,3.39,3.89,0.5102040816326531,0.2777777777777778,0.23752969121140144,0.025511550621832413,0.5050505050505051,0.27322404371584696,0.23255813953488372,0.010832688301235738,0.5235602094240838,0.2949852507374631,0.2570694087403599,0.07561486890190672
2015/2016,2016-02-13,Santos Laguna,Monterrey,1,2,-1,football-data,2.55,3.53,2.86,2.55,3.55,3.25,2.34,3.31,2.9,0.3921568627450981,0.28328611898017,0.3496503496503497,0.025093331375617645,0.3921568627450981,0.28169014084507044,0.3076923076923077,-0.01846068871752382,0.4273504273504274,0.3021148036253776,0.3448275862068966,0.07429281718270153
2015/2016,2016-02-13,Toluca,Atlas,1,1,0,football-data,1.79,3.77,4.97,1.9,3.77,4.97,1.8,3.49,4.3,0.5586592178770949,0.26525198938992045,0.2012072434607646,0.025118450727779962,0.5263157894736842,0.26525198938992045,0.2012072434607646,-0.007224977675630795,0.5555555555555556,0.28653295128939826,0.23255813953488372,0.07464664637983764
2015/2016,2016-02-13,Veracruz,America,1,1,0,football-data,3.81,3.34,2.16,3.85,3.5,2.17,3.45,3.26,2.09,0.26246719160104987,0.29940119760479045,0.4629629629629629,0.024831352168803278,0.2597402597402597,0.2857142857142857,0.4608294930875576,0.006284038542103021,0.2898550724637681,0.3067484662576687,0.47846889952153115,0.07507243824296794
2015/2016,2016-02-14,Dorados de Sinaloa,Pumas UNAM,2,3,-1,football-data,3.47,3.15,2.39,3.7,3.44,2.42,3.28,3.05,2.26,0.2881844380403458,0.31746031746031744,0.41841004184100417,0.024054797341667378,0.27027027027027023,0.29069767441860467,0.4132231404958678,-0.025808914815257378,0.3048780487804878,0.3278688524590164,0.4424778761061947,0.07522477734569888
2015/2016,2016-02-14,Guadalajara,Leon,0,1,-1,football-data,2.37,3.52,3.14,2.41,3.6,3.15,2.29,3.29,2.99,0.42194092827004215,0.2840909090909091,0.3184713375796178,0.024503174940569084,0.41493775933609955,0.2777777777777778,0.31746031746031744,0.010175854574194787,0.4366812227074236,0.303951367781155,0.33444816053511706,0.07508075102369571
2015/2016,2016-02-14,Tigres UANL,Tijuana,1,2,-1,football-data,1.46,4.61,8.18,1.57,4.65,8.18,1.45,4.18,7.08,0.684931506849315,0.21691973969631234,0.12224938875305624,0.02410063529868367,0.6369426751592356,0.2150537634408602,0.12224938875305624,-0.025754172646847984,0.6896551724137931,0.23923444976076558,0.14124293785310735,0.0701325600276661
2015/2016,2016-02-15,Pachuca,Puebla,5,2,1,football-data,1.68,4.14,5.25,1.72,4.14,5.5,1.64,3.78,4.94,0.5952380952380952,0.24154589371980678,0.19047619047619047,0.027260179434092535,0.5813953488372093,0.24154589371980678,0.18181818181818182,0.004759424375198051,0.6097560975609756,0.2645502645502646,0.20242914979757085,0.0767355119088109
2015/2016,2016-02-20,America,Cruz Azul,3,3,0,football-data,1.88,3.63,4.55,1.95,3.8,4.6,1.84,3.45,4.13,0.5319148936170213,0.27548209366391185,0.21978021978021978,0.027177207061152897,0.5128205128205129,0.2631578947368421,0.2173913043478261,-0.006630288094818804,0.5434782608695652,0.2898550724637681,0.24213075060532688,0.07546408393866022
2015/2016,2016-02-20,Queretaro,Tigres UANL,2,2,0,football-data,3.38,3.25,2.37,3.7,3.3,2.37,3.25,3.15,2.22,0.2958579881656805,0.3076923076923077,0.42194092827004215,0.025491224128030288,0.27027027027027023,0.30303030303030304,0.42194092827004215,-0.004758498429384583,0.3076923076923077,0.31746031746031744,0.4504504504504504,0.07560307560307544
2015/2016,2016-02-20,Tijuana,Morelia,1,1,0,football-data,1.95,3.76,4.06,2.1,3.9,4.1,1.96,3.47,3.57,0.5128205128205129,0.26595744680851063,0.24630541871921185,0.025083378348235374,0.47619047619047616,0.25641025641025644,0.24390243902439027,-0.0234968283748771,0.5102040816326531,0.2881844380403458,0.2801120448179272,0.07850056449092602
2015/2016,2016-02-21,Atlas,Pachuca,1,0,1,football-data,2.79,3.41,2.68,2.86,3.5,2.68,2.72,3.22,2.51,0.35842293906810035,0.29325513196480935,0.3731343283582089,0.024812399391118678,0.3496503496503497,0.2857142857142857,0.3731343283582089,0.00849896372284431,0.3676470588235294,0.3105590062111801,0.39840637450199207,0.0766124395367016
2015/2016,2016-02-21,Chiapas,Guadalajara,1,1,0,football-data,2.14,3.45,3.75,2.25,3.45,3.76,2.11,3.26,3.39,0.4672897196261682,0.2898550724637681,0.26666666666666666,0.023811458756602955,0.4444444444444444,0.2898550724637681,0.26595744680851063,0.00025696371672312424,0.47393364928909953,0.3067484662576687,0.2949852507374631,0.07566736628423132
2015/2016,2016-02-21,Leon,Toluca,5,1,1,football-data,2.09,3.65,3.66,2.25,3.65,3.75,2.07,3.41,3.34,0.47846889952153115,0.273972602739726,0.27322404371584696,0.02566554597710402,0.4444444444444444,0.273972602739726,0.26666666666666666,-0.01491628614916296,0.48309178743961356,0.29325513196480935,0.29940119760479045,0.07574811700921336
2015/2016,2016-02-21,Monterrey,Veracruz,5,1,1,football-data,1.47,4.6,8.05,1.57,4.61,8.05,1.45,4.22,6.68,0.6802721088435374,0.2173913043478261,0.12422360248447203,0.02188701567583551,0.6369426751592356,0.21691973969631234,0.12422360248447203,-0.021913982659979903,0.6896551724137931,0.23696682464454977,0.14970059880239522,0.07632259586073808
2015/2016,2016-02-21,Puebla,Dorados de Sinaloa,3,2,1,football-data,1.68,3.93,5.76,1.7,4.05,5.76,1.66,3.64,5.09,0.5952380952380952,0.2544529262086514,0.1736111111111111,0.023302132557857735,0.5882352941176471,0.2469135802469136,0.1736111111111111,0.008759985475671694,0.6024096385542169,0.2747252747252747,0.19646365422396858,0.07359856750346028
2015/2016,2016-02-21,Pumas UNAM,Santos Laguna,1,1,0,football-data,2.88,3.53,2.53,2.93,3.53,3.1,2.64,3.28,2.55,0.3472222222222222,0.28328611898017,0.3952569169960475,0.025765258198439778,0.341296928327645,0.28328611898017,0.3225806451612903,-0.05283630753089463,0.3787878787878788,0.3048780487804878,0.3921568627450981,0.0758227903134645
2015/2016,2016-02-27,Cruz Azul,Monterrey,4,0,1,football-data,2.26,3.58,3.3,2.5,3.58,3.35,2.23,3.32,3.04,0.4424778761061947,0.27932960893854747,0.30303030303030304,0.02483778807504522,0.4,0.27932960893854747,0.29850746268656714,-0.022162928374885427,0.4484304932735426,0.30120481927710846,0.32894736842105265,0.07858268097170384
2015/2016,2016-02-27,Veracruz,Pumas UNAM,0,0,0,football-data,2.27,3.31,3.54,2.33,3.4,3.55,2.22,3.22,3.17,0.44052863436123346,0.3021148036253776,0.2824858757062147,0.025129313692825894,0.4291845493562232,0.29411764705882354,0.28169014084507044,0.004992337260117274,0.4504504504504504,0.3105590062111801,0.31545741324921134,0.07646686991084195
2015/2016,2016-02-28,Dorados de Sinaloa,Atlas,2,1,1,football-data,2.43,3.28,3.25,2.79,3.5,3.25,2.4,3.12,2.94,0.4115226337448559,0.3048780487804878,0.3076923076923077,0.024092990217651433,0.35842293906810035,0.2857142857142857,0.3076923076923077,-0.04817046752530629,0.4166666666666667,0.3205128205128205,0.3401360544217687,0.07731554160125587
2015/2016,2016-02-28,Guadalajara,Tijuana,1,1,0,football-data,2.21,3.47,3.51,2.3,3.5,3.51,2.17,3.28,3.22,0.45248868778280543,0.2881844380403458,0.2849002849002849,0.02557341072343622,0.4347826086956522,0.2857142857142857,0.2849002849002849,0.005397179310222766,0.4608294930875576,0.3048780487804878,0.3105590062111801,0.0762665480792255
2015/2016,2016-02-28,Leon,Chiapas,1,3,-1,football-data,1.68,4.23,5.17,1.69,4.23,5.4,1.64,3.93,4.76,0.5952380952380952,0.23640661938534277,0.19342359767891684,0.025068312302354956,0.591715976331361,0.23640661938534277,0.18518518518518517,0.013307780901888888,0.6097560975609756,0.2544529262086514,0.21008403361344538,0.07429305738307224
2015/2016,2016-02-28,Morelia,Queretaro,1,1,0,football-data,2.36,3.54,3.14,2.36,3.6,4.07,2.18,3.32,3.2,0.42372881355932207,0.2824858757062147,0.3184713375796178,0.02468602684515453,0.42372881355932207,0.2777777777777778,0.24570024570024568,-0.05279316296265435,0.4587155963302752,0.30120481927710846,0.3125,0.07242041560738377
2015/2016,2016-02-28,Santos Laguna,Puebla,1,1,0,football-data,1.85,3.74,4.57,1.85,3.74,4.7,1.79,3.53,4.24,0.5405405405405405,0.267379679144385,0.2188183807439825,0.026738600428907855,0.5405405405405405,0.267379679144385,0.2127659574468085,0.02068617713173393,0.5586592178770949,0.28328611898017,0.23584905660377356,0.07779439346103856
2015/2016,2016-02-28,Tigres UANL,America,4,1,1,football-data,1.98,3.6,4.14,1.99,3.7,4.87,1.86,3.43,4.08,0.5050505050505051,0.2777777777777778,0.24154589371980678,0.0243741765480896,0.5025125628140703,0.27027027027027023,0.2053388090349076,-0.021878357880751986,0.5376344086021505,0.29154518950437314,0.24509803921568626,0.07427763732220982
2015/2016,2016-02-28,Toluca,Pachuca,0,1,-1,football-data,2.62,3.49,2.8,2.73,3.6,2.84,2.51,3.3,2.65,0.38167938931297707,0.28653295128939826,0.35714285714285715,0.025355197745232427,0.3663003663003663,0.2777777777777778,0.35211267605633806,-0.0038091798655179865,0.39840637450199207,0.30303030303030304,0.37735849056603776,0.07879516809833298
2015/2016,2016-03-05,America,Morelia,4,1,1,football-data,1.53,4.55,6.68,1.67,4.55,7.0,1.5,4.15,5.92,0.6535947712418301,0.21978021978021978,0.14970059880239522,0.02307558982444502,0.5988023952095809,0.21978021978021978,0.14285714285714285,-0.03856024215305642,0.6666666666666666,0.24096385542168672,0.16891891891891891,0.07654944100727223
2015/2016,2016-03-05,Tijuana,Leon,0,0,0,football-data,2.29,3.41,3.38,2.35,3.5,3.38,2.2,3.3,3.13,0.4366812227074236,0.29325513196480935,0.2958579881656805,0.025794342837913486,0.425531914893617,0.2857142857142857,0.2958579881656805,0.007104188773583209,0.45454545454545453,0.30303030303030304,0.3194888178913738,0.0770645754671313
2015/2016,2016-03-06,Atlas,Santos Laguna,1,2,-1,football-data,2.86,3.27,2.7,2.96,3.3,2.81,2.7,3.11,2.59,0.3496503496503497,0.3058103975535168,0.37037037037037035,0.02583111757423673,0.33783783783783783,0.30303030303030304,0.35587188612099646,-0.003259973010862671,0.37037037037037035,0.3215434083601286,0.3861003861003861,0.07801416483088497
2015/2016,2016-03-06,Chiapas,Toluca,3,2,1,football-data,1.92,3.56,4.47,2.2,3.6,4.5,1.91,3.4,3.88,0.5208333333333334,0.2808988764044944,0.2237136465324385,0.025445856270266187,0.45454545454545453,0.2777777777777778,0.2222222222222222,-0.045454545454545525,0.5235602094240838,0.29411764705882354,0.2577319587628866,0.07540981524579382
2015/2016,2016-03-06,Monterrey,Tigres UANL,1,0,1,football-data,2.88,3.25,2.7,2.96,3.3,2.9,2.66,3.1,2.64,0.3472222222222222,0.3076923076923077,0.37037037037037035,0.02528490028490027,0.33783783783783783,0.30303030303030304,0.3448275862068966,-0.014304272924962502,0.37593984962406013,0.3225806451612903,0.3787878787878788,0.07730837357322917
2015/2016,2016-03-06,Pachuca,Dorados de Sinaloa,2,2,0,football-data,1.35,5.39,10.12,1.48,5.4,10.12,1.36,4.71,7.95,0.7407407407407407,0.1855287569573284,0.09881422924901187,0.025083726947080942,0.6756756756756757,0.18518518518518517,0.09881422924901187,-0.04032490989012738,0.7352941176470588,0.21231422505307856,0.12578616352201258,0.07339450622214994
2015/2016,2016-03-06,Puebla,Veracruz,1,1,0,football-data,2.37,3.24,3.4,2.38,3.25,3.5,2.25,3.11,3.23,0.42194092827004215,0.30864197530864196,0.29411764705882354,0.024700550637507757,0.42016806722689076,0.3076923076923077,0.2857142857142857,0.013574660633484115,0.4444444444444444,0.3215434083601286,0.30959752321981426,0.07558537602438742
2015/2016,2016-03-06,Pumas UNAM,Cruz Azul,2,2,0,football-data,2.7,3.37,2.79,2.8,3.37,2.82,2.59,3.17,2.67,0.37037037037037035,0.29673590504451036,0.35842293906810035,0.025529214482981066,0.35714285714285715,0.29673590504451036,0.3546099290780142,0.008488691265381654,0.3861003861003861,0.31545741324921134,0.37453183520599254,0.07608963455558992
2015/2016,2016-03-06,Queretaro,Guadalajara,0,2,-1,football-data,,,,2.8,3.3,3.3,2.44,3.13,2.86,,,,,0.35714285714285715,0.30303030303030304,0.30303030303030304,-0.03679653679653683,0.4098360655737705,0.3194888178913738,0.3496503496503497,0.07897523311549381
2015/2016,2016-03-12,Cruz Azul,Puebla,1,1,0,football-data,1.56,4.12,7.16,1.62,4.12,7.16,1.56,3.82,5.82,0.641025641025641,0.24271844660194175,0.13966480446927373,0.023408892096856482,0.6172839506172839,0.24271844660194175,0.13966480446927373,-0.0003327983115005706,0.641025641025641,0.2617801047120419,0.1718213058419244,0.07462705157960725
2015/2016,2016-03-12,Santos Laguna,Pachuca,3,2,1,football-data,2.3,3.31,3.47,2.37,3.41,3.47,2.22,3.22,3.16,0.4347826086956522,0.3021148036253776,0.2881844380403458,0.025081850361375668,0.42194092827004215,0.29325513196480935,0.2881844380403458,0.0033804982751972634,0.4504504504504504,0.3105590062111801,0.3164556962025316,0.07746515286416211
2015/2016,2016-03-12,Veracruz,Atlas,3,2,1,football-data,2.16,3.35,3.79,2.16,3.35,3.95,2.07,3.22,3.53,0.4629629629629629,0.29850746268656714,0.2638522427440633,0.025322668393593428,0.4629629629629629,0.29850746268656714,0.2531645569620253,0.01463498261155527,0.48309178743961356,0.3105590062111801,0.28328611898017,0.07693691263096358
2015/2016,2016-03-13,Chiapas,Tijuana,1,2,-1,football-data,2.28,3.34,3.48,2.31,3.42,3.5,2.2,3.23,3.2,0.4385964912280702,0.29940119760479045,0.28735632183908044,0.025354010671941207,0.4329004329004329,0.29239766081871343,0.2857142857142857,0.011012379433432029,0.45454545454545453,0.30959752321981426,0.3125,0.07664297776526885
2015/2016,2016-03-13,Leon,Queretaro,2,0,1,football-data,1.41,5.05,8.35,1.8,5.05,8.35,1.44,4.39,6.6,0.7092198581560284,0.19801980198019803,0.11976047904191617,0.0270001391781427,0.5555555555555556,0.19801980198019803,0.11976047904191617,-0.12666416342233022,0.6944444444444444,0.22779043280182235,0.15151515151515152,0.07375002876141834
2015/2016,2016-03-13,Morelia,Monterrey,1,3,-1,football-data,3.36,3.66,2.2,3.6,3.67,2.2,3.18,3.43,2.12,0.2976190476190476,0.27322404371584696,0.45454545454545453,0.02538854588034911,0.2777777777777778,0.2724795640326976,0.45454545454545453,0.004802796355929839,0.31446540880503143,0.29154518950437314,0.4716981132075471,0.07770871151695169
2015/2016,2016-03-13,Tigres UANL,Pumas UNAM,0,0,0,football-data,1.71,3.77,5.73,1.71,4.0,6.73,1.6,3.73,5.57,0.5847953216374269,0.26525198938992045,0.17452006980802792,0.02456738083537524,0.5847953216374269,0.25,0.1485884101040119,-0.016616268258561218,0.625,0.2680965147453083,0.17953321364452424,0.0726297283898325
2015/2016,2016-03-13,Toluca,Dorados de Sinaloa,3,0,1,football-data,1.5,4.61,7.08,1.67,4.65,7.5,1.49,4.14,6.2,0.6666666666666666,0.21691973969631234,0.14124293785310735,0.02482934421608629,0.5988023952095809,0.2150537634408602,0.13333333333333333,-0.052810508016225555,0.6711409395973155,0.24154589371980678,0.16129032258064516,0.07397715589776754
2015/2016,2016-03-14,Guadalajara,America,1,2,-1,football-data,3.02,3.3,2.57,3.3,3.32,2.57,2.9,3.09,2.44,0.33112582781456956,0.30303030303030304,0.38910505836575876,0.02326118921063136,0.30303030303030304,0.30120481927710846,0.38910505836575876,-0.006659819326829686,0.3448275862068966,0.3236245954692557,0.4098360655737705,0.0782882472499229
2015/2016,2016-03-19,America,Leon,2,1,1,football-data,1.79,4.04,4.55,1.85,4.1,4.55,1.75,3.73,4.19,0.5586592178770949,0.24752475247524752,0.21978021978021978,0.025964190132562237,0.5405405405405405,0.24390243902439027,0.21978021978021978,0.004223199345150475,0.5714285714285714,0.2680965147453083,0.2386634844868735,0.07818857066075324
2015/2016,2016-03-19,Queretaro,Chiapas,1,1,0,football-data,2.42,3.5,3.06,2.56,3.5,3.25,2.3,3.21,3.03,0.4132231404958678,0.2857142857142857,0.32679738562091504,0.025734811831068516,0.390625,0.2857142857142857,0.3076923076923077,-0.015968406593406592,0.4347826086956522,0.3115264797507788,0.33003300330033003,0.07634209174676099
2015/2016,2016-03-19,Tijuana,Toluca,0,0,0,football-data,2.48,3.28,3.16,2.48,3.45,3.3,2.32,3.18,3.01,0.40322580645161293,0.3048780487804878,0.3164556962025316,0.0245595514346324,0.40322580645161293,0.2898550724637681,0.30303030303030304,-0.0038888180543159567,0.4310344827586207,0.31446540880503143,0.33222591362126247,0.07772580518491456
2015/2016,2016-03-20,Atlas,Cruz Azul,0,2,-1,football-data,2.99,3.38,2.54,3.01,3.38,2.6,2.84,3.17,2.44,0.33444816053511706,0.2958579881656805,0.39370078740157477,0.024006936102372256,0.33222591362126247,0.2958579881656805,0.3846153846153846,0.012699286402327647,0.35211267605633806,0.31545741324921134,0.4098360655737705,0.0774061548793199
2015/2016,2016-03-20,Dorados de Sinaloa,Santos Laguna,3,1,1,football-data,4.77,3.7,1.83,4.77,3.75,2.05,4.03,3.49,1.86,0.20964360587002098,0.27027027027027023,0.5464480874316939,0.02636196357198517,0.20964360587002098,0.26666666666666666,0.48780487804878053,-0.03588484941453185,0.24813895781637715,0.28653295128939826,0.5376344086021505,0.07230631770792595
2015/2016,2016-03-20,Monterrey,Guadalajara,1,3,-1,football-data,1.79,3.83,4.9,1.8,4.0,5.1,1.73,3.6,4.55,0.5586592178770949,0.2610966057441253,0.2040816326530612,0.023837456274281354,0.5555555555555556,0.25,0.19607843137254904,0.0016339869281045694,0.5780346820809249,0.2777777777777778,0.21978021978021978,0.07559267963892236
2015/2016,2016-03-20,Pachuca,Veracruz,6,0,1,football-data,1.69,4.15,5.2,1.75,4.15,5.2,1.65,3.8,4.81,0.591715976331361,0.24096385542168672,0.1923076923076923,0.024987524060740007,0.5714285714285714,0.24096385542168672,0.1923076923076923,0.004700119157950322,0.6060606060606061,0.2631578947368421,0.2079002079002079,0.07711870869765614
2015/2016,2016-03-20,Puebla,Tigres UANL,0,0,0,football-data,4.03,3.22,2.14,4.03,3.4,2.14,3.63,3.18,2.06,0.24813895781637715,0.3105590062111801,0.4672897196261682,0.02598768365372539,0.24813895781637715,0.29411764705882354,0.4672897196261682,0.009546324501368941,0.27548209366391185,0.31446540880503143,0.4854368932038835,0.07538439567282684
2015/2016,2016-03-21,Pumas UNAM,Morelia,4,2,1,football-data,2.31,3.39,3.36,2.34,3.5,3.8,2.16,3.27,3.32,0.4329004329004329,0.2949852507374631,0.2976190476190476,0.025504731256943636,0.4273504273504274,0.2857142857142857,0.2631578947368421,-0.02377739219844477,0.4629629629629629,0.3058103975535168,0.30120481927710846,0.06997817979358811
2015/2016,2016-03-27,Morelia,Chiapas,2,0,1,football-data,2.06,3.77,3.65,2.07,3.77,3.85,2.01,3.46,3.45,0.4854368932038835,0.26525198938992045,0.273972602739726,0.024661485333529853,0.48309178743961356,0.26525198938992045,0.2597402597402597,0.008084036569793618,0.49751243781094534,0.28901734104046245,0.2898550724637681,0.07638485131517592
2015/2016,2016-04-02,Tijuana,Queretaro,2,4,-1,football-data,1.85,3.59,4.87,1.85,3.8,5.25,1.74,3.5,4.68,0.5405405405405405,0.2785515320334262,0.2053388090349076,0.0244308816088743,0.5405405405405405,0.2631578947368421,0.19047619047619047,-0.005825374246426929,0.5747126436781609,0.2857142857142857,0.2136752136752137,0.07410214306766028
2015/2016,2016-04-02,Toluca,Santos Laguna,0,0,0,football-data,2.15,3.39,3.76,2.2,3.48,3.85,2.1,3.29,3.38,0.46511627906976744,0.2949852507374631,0.26595744680851063,0.02605897661574108,0.45454545454545453,0.28735632183908044,0.2597402597402597,0.0016420361247946325,0.47619047619047616,0.303951367781155,0.2958579881656805,0.07599983213731165
2015/2016,2016-04-02,Veracruz,Dorados de Sinaloa,0,0,0,football-data,2.16,3.53,3.6,2.2,3.53,3.65,2.09,3.3,3.35,0.4629629629629629,0.28328611898017,0.2777777777777778,0.024026859720910565,0.45454545454545453,0.28328611898017,0.273972602739726,0.011804176265350463,0.47846889952153115,0.30303030303030304,0.29850746268656714,0.08000666523840128
2015/2016,2016-04-03,Chiapas,America,0,2,-1,football-data,3.75,3.43,2.14,3.8,3.5,2.2,3.44,3.31,2.08,0.26666666666666666,0.29154518950437314,0.4672897196261682,0.02550157579720813,0.2631578947368421,0.2857142857142857,0.45454545454545453,0.0034176349965824304,0.29069767441860467,0.3021148036253776,0.4807692307692307,0.07358170881321291
2015/2016,2016-04-03,Cruz Azul,Pachuca,0,0,0,football-data,2.42,3.28,3.26,2.42,3.4,3.26,2.32,3.21,3.0,0.4132231404958678,0.3048780487804878,0.3067484662576687,0.024849655534024295,0.4132231404958678,0.29411764705882354,0.3067484662576687,0.014089253812360036,0.4310344827586207,0.3115264797507788,0.3333333333333333,0.07589429584273288
2015/2016,2016-04-03,Leon,Monterrey,1,2,-1,football-data,2.21,3.72,3.28,2.27,3.73,3.3,2.14,3.47,3.11,0.45248868778280543,0.26881720430107525,0.3048780487804878,0.026183940864368482,0.44052863436123346,0.2680965147453083,0.30303030303030304,0.011655452136844824,0.4672897196261682,0.2881844380403458,0.3215434083601286,0.07701756602664256
2015/2016,2016-04-03,Morelia,Puebla,2,0,1,football-data,2.35,3.27,3.42,2.37,3.35,3.8,2.17,3.17,3.34,0.425531914893617,0.3058103975535168,0.29239766081871343,0.023739973265847425,0.42194092827004215,0.29850746268656714,0.2631578947368421,-0.01639371430654868,0.4608294930875576,0.31545741324921134,0.29940119760479045,0.07568810394155934
2015/2016,2016-04-03,Tigres UANL,Atlas,2,2,0,football-data,1.48,4.13,8.24,1.54,4.26,8.26,1.47,3.9,7.1,0.6756756756756757,0.24213075060532688,0.12135922330097088,0.03916564958197344,0.6493506493506493,0.2347417840375587,0.12106537530266344,0.005157808690871457,0.6802721088435374,0.25641025641025644,0.14084507042253522,0.07752743567632914
2015/2016,2016-04-04,Guadalajara,Pumas UNAM,4,0,1,football-data,2.36,3.14,3.47,2.48,3.25,3.75,2.26,3.1,3.23,0.42372881355932207,0.3184713375796178,0.2881844380403458,0.03038458917928577,0.40322580645161293,0.3076923076923077,0.26666666666666666,-0.022415219189412694,0.4424778761061947,0.3225806451612903,0.30959752321981426,0.07465604448729923
2015/2016,2016-04-09,America,Tijuana,6,1,1,football-data,1.5,4.6,7.18,1.52,4.61,7.37,1.47,4.24,6.36,0.6666666666666666,0.2173913043478261,0.1392757660167131,0.023333737031205892,0.6578947368421053,0.21691973969631234,0.13568521031207598,0.010499686850493628,0.6802721088435374,0.23584905660377356,0.15723270440251572,0.07335386984982661
2015/2016,2016-04-09,Queretaro,Toluca,0,0,0,football-data,2.76,3.33,2.76,2.76,3.42,2.85,2.53,3.22,2.69,0.3623188405797102,0.3003003003003003,0.3623188405797102,0.024937981459720593,0.3623188405797102,0.29239766081871343,0.3508771929824561,0.0055936943808796435,0.3952569169960475,0.3105590062111801,0.3717472118959108,0.0775631351031385
2015/2016,2016-04-09,Santos Laguna,Veracruz,2,0,1,football-data,1.54,4.24,7.12,1.56,4.3,7.12,1.51,3.99,6.12,0.6493506493506493,0.23584905660377356,0.1404494382022472,0.02564914415667019,0.641025641025641,0.23255813953488372,0.1404494382022472,0.01403321876277186,0.6622516556291391,0.2506265664160401,0.16339869281045752,0.07627691485563681
2015/2016,2016-04-10,Atlas,Morelia,1,2,-1,football-data,2.26,3.46,3.4,2.37,3.46,3.43,2.22,3.22,3.17,0.4424778761061947,0.28901734104046245,0.29411764705882354,0.0256128642054807,0.42194092827004215,0.28901734104046245,0.29154518950437314,0.0025034588148775683,0.4504504504504504,0.3105590062111801,0.31545741324921134,0.07646686991084195
2015/2016,2016-04-10,Dorados de Sinaloa,Cruz Azul,3,0,1,football-data,3.5,3.5,2.2,3.54,3.5,2.23,3.32,3.28,2.13,0.2857142857142857,0.2857142857142857,0.45454545454545453,0.025974025974025983,0.2824858757062147,0.2857142857142857,0.4484304932735426,0.0166306546940429,0.30120481927710846,0.3048780487804878,0.4694835680751174,0.07556643613271374
2015/2016,2016-04-10,Monterrey,Chiapas,6,0,1,football-data,1.49,4.69,7.17,1.55,4.69,7.5,1.48,4.27,6.21,0.6711409395973155,0.21321961620469082,0.1394700139470014,0.023830569749007546,0.6451612903225806,0.21321961620469082,0.13333333333333333,-0.008285760139395304,0.6756756756756757,0.234192037470726,0.1610305958132045,0.07089830895960625
2015/2016,2016-04-10,Pachuca,Tigres UANL,2,1,1,football-data,2.49,3.46,2.99,2.57,3.46,3.01,2.42,3.21,2.83,0.4016064257028112,0.28901734104046245,0.33444816053511706,0.025071927278390582,0.38910505836575876,0.28901734104046245,0.33222591362126247,0.010348313027483735,0.4132231404958678,0.3115264797507788,0.35335689045936397,0.0781065107060106
2015/2016,2016-04-10,Puebla,Guadalajara,0,3,-1,football-data,3.06,3.12,2.64,3.1,3.3,2.64,2.89,3.05,2.48,0.32679738562091504,0.3205128205128205,0.3787878787878788,0.026098084921614362,0.3225806451612903,0.30303030303030304,0.3787878787878788,0.004398826979472137,0.3460207612456747,0.3278688524590164,0.40322580645161293,0.07711542015630402
2015/2016,2016-04-11,Pumas UNAM,Leon,1,2,-1,football-data,2.38,3.55,3.1,2.46,3.6,3.1,2.3,3.36,2.9,0.42016806722689076,0.28169014084507044,0.3225806451612903,0.024438853233251567,0.4065040650406504,0.2777777777777778,0.3225806451612903,0.006862487979718557,0.4347826086956522,0.2976190476190476,0.3448275862068966,0.07722924252159635
2015/2016,2016-04-16,Cruz Azul,Santos Laguna,0,1,-1,football-data,2.06,3.53,3.9,2.3,3.53,3.96,2.05,3.27,3.55,0.4854368932038835,0.28328611898017,0.25641025641025644,0.025133268594309977,0.4347826086956522,0.28328611898017,0.25252525252525254,-0.02940601979892521,0.48780487804878053,0.3058103975535168,0.28169014084507044,0.07530541644736788
2015/2016,2016-04-16,Queretaro,America,1,0,1,football-data,3.35,3.64,2.21,3.44,3.8,2.23,3.19,3.42,2.12,0.29850746268656714,0.2747252747252747,0.45248868778280543,0.02572142519464715,0.29069767441860467,0.2631578947368421,0.4484304932735426,0.0022860624289893217,0.31347962382445144,0.29239766081871343,0.4716981132075471,0.07757539785071188
2015/2016,2016-04-16,Tijuana,Monterrey,1,2,-1,football-data,2.68,3.49,2.74,2.75,3.55,2.76,2.58,3.26,2.6,0.3731343283582089,0.28653295128939826,0.36496350364963503,0.02463078329724233,0.36363636363636365,0.28169014084507044,0.3623188405797102,0.007645345061144226,0.38759689922480617,0.3067484662576687,0.3846153846153846,0.07896075009785952
2015/2016,2016-04-16,Toluca,Veracruz,4,2,1,football-data,1.67,4.06,5.6,1.71,4.06,5.75,1.63,3.79,5.05,0.5988023952095809,0.24630541871921185,0.17857142857142858,0.023679242500221243,0.5847953216374269,0.24630541871921185,0.17391304347826086,0.005013783834899588,0.6134969325153374,0.2638522427440633,0.19801980198019803,0.07536897723959868
2015/2016,2016-04-17,Chiapas,Pumas UNAM,1,2,-1,football-data,3.02,3.67,2.37,3.02,3.69,2.62,2.86,3.4,2.32,0.33112582781456956,0.2724795640326976,0.42194092827004215,0.025546320117309396,0.33112582781456956,0.2710027100271003,0.38167938931297707,-0.016192072845353067,0.3496503496503497,0.29411764705882354,0.4310344827586207,0.07480247946779395
2015/2016,2016-04-17,Guadalajara,Atlas,1,0,1,football-data,1.96,3.53,4.31,1.98,3.53,4.5,1.87,3.36,4.07,0.5102040816326531,0.28328611898017,0.2320185614849188,0.02550876209774189,0.5050505050505051,0.28328611898017,0.2222222222222222,0.010558846252897158,0.53475935828877,0.2976190476190476,0.24570024570024568,0.07807865160806338
2015/2016,2016-04-17,Leon,Puebla,4,1,1,football-data,1.49,4.62,7.26,1.55,4.62,7.26,1.47,4.28,6.2,0.6711409395973155,0.21645021645021645,0.13774104683195593,0.025332202879487786,0.6451612903225806,0.21645021645021645,0.13774104683195593,-0.0006474463952470533,0.6802721088435374,0.2336448598130841,0.16129032258064516,0.07520729123726677
2015/2016,2016-04-17,Morelia,Pachuca,1,0,1,football-data,3.14,3.66,2.31,3.3,3.66,2.35,2.98,3.42,2.23,0.3184713375796178,0.27322404371584696,0.4329004329004329,0.024595814195897736,0.30303030303030304,0.27322404371584696,0.425531914893617,0.0017862616397670283,0.33557046979865773,0.29239766081871343,0.4484304932735426,0.07639862389091379
2015/2016,2016-04-17,Tigres UANL,Dorados de Sinaloa,5,2,1,football-data,1.38,5.15,9.37,1.4,5.15,10.0,1.35,4.69,8.41,0.7246376811594204,0.1941747572815534,0.10672358591248667,0.025536024353460585,0.7142857142857143,0.1941747572815534,0.1,0.008460471567267813,0.7407407407407407,0.21321961620469082,0.11890606420927467,0.07286642115470632
2015/2016,2016-04-23,America,Toluca,0,1,-1,football-data,1.71,4.14,5.02,1.75,4.18,5.2,1.68,3.82,4.62,0.5847953216374269,0.24154589371980678,0.19920318725099603,0.025544402608229655,0.5714285714285714,0.23923444976076558,0.1923076923076923,0.002970713497029376,0.5952380952380952,0.2617801047120419,0.21645021645021645,0.07346841640035362
2015/2016,2016-04-23,Pumas UNAM,Tijuana,3,1,1,football-data,1.98,3.84,3.86,2.0,3.84,4.4,1.89,3.55,3.72,0.5050505050505051,0.2604166666666667,0.2590673575129534,0.024534529230125113,0.5,0.2604166666666667,0.22727272727272727,-0.012310606060605966,0.5291005291005292,0.28169014084507044,0.26881720430107525,0.07960787424667481
2015/2016,2016-04-23,Veracruz,Cruz Azul,2,1,1,football-data,3.21,3.41,2.38,3.29,3.45,2.4,3.07,3.21,2.28,0.3115264797507788,0.29325513196480935,0.42016806722689076,0.024949678942479014,0.303951367781155,0.2898550724637681,0.4166666666666667,0.010473106911589758,0.32573289902280134,0.3115264797507788,0.4385964912280702,0.07585587000165028
2015/2016,2016-04-24,Atlas,Leon,1,1,0,football-data,3.88,3.77,1.99,3.92,3.81,2.12,3.62,3.48,1.95,0.2577319587628866,0.26525198938992045,0.5025125628140703,0.02549651096687744,0.25510204081632654,0.26246719160104987,0.4716981132075471,-0.010732654375076534,0.27624309392265195,0.28735632183908044,0.5128205128205129,0.07641992858224533
2015/2016,2016-04-24,Dorados de Sinaloa,Morelia,1,0,1,football-data,2.95,3.54,2.48,3.1,3.54,2.51,2.83,3.29,2.39,0.3389830508474576,0.2824858757062147,0.40322580645161293,0.024694733005285352,0.3225806451612903,0.2824858757062147,0.39840637450199207,0.003472895369497131,0.35335689045936397,0.303951367781155,0.41841004184100417,0.07571830008152314
2015/2016,2016-04-24,Monterrey,Queretaro,3,2,1,football-data,1.58,4.4,6.01,1.6,4.45,6.5,1.54,4.08,5.56,0.6329113924050632,0.22727272727272727,0.1663893510815308,0.02657347075932126,0.625,0.2247191011235955,0.15384615384615385,0.003565254969749354,0.6493506493506493,0.24509803921568626,0.1798561151079137,0.0743048036742493
2015/2016,2016-04-24,Pachuca,Guadalajara,1,1,0,football-data,1.88,3.71,4.5,1.91,3.8,4.5,1.82,3.54,4.08,0.5319148936170213,0.2695417789757412,0.2222222222222222,0.02367889481498464,0.5235602094240838,0.2631578947368421,0.2222222222222222,0.008940326383148012,0.5494505494505494,0.2824858757062147,0.24509803921568626,0.07703446437245032
2015/2016,2016-04-24,Puebla,Chiapas,2,1,1,football-data,2.14,3.72,3.45,2.15,3.72,3.7,2.05,3.48,3.34,0.4672897196261682,0.26881720430107525,0.2898550724637681,0.0259619963910116,0.46511627906976744,0.26881720430107525,0.27027027027027023,0.004203753641112806,0.48780487804878053,0.28735632183908044,0.29940119760479045,0.07456239749265148
2015/2016,2016-04-24,Santos Laguna,Tigres UANL,2,1,1,football-data,3.38,3.19,2.41,3.38,3.25,2.7,2.98,3.1,2.39,0.2958579881656805,0.31347962382445144,0.41493775933609955,0.024275371326231365,0.2958579881656805,0.3076923076923077,0.37037037037037035,-0.02607933377164151,0.33557046979865773,0.3225806451612903,0.41841004184100417,0.0765611568009521
2015/2016,2016-04-30,America,Monterrey,3,3,0,football-data,1.97,3.88,3.84,2.0,3.88,3.85,1.91,3.62,3.62,0.5076142131979695,0.2577319587628866,0.2604166666666667,0.02576283862752282,0.5,0.2577319587628866,0.2597402597402597,0.017472218503146397,0.5235602094240838,0.27624309392265195,0.27624309392265195,0.07604639726938767
2015/2016,2016-04-30,Queretaro,Pumas UNAM,2,1,1,football-data,1.99,3.81,3.85,2.11,3.81,3.85,1.98,3.46,3.55,0.5025125628140703,0.26246719160104987,0.2597402597402597,0.024720014155379832,0.47393364928909953,0.26246719160104987,0.2597402597402597,-0.003858899369590829,0.5050505050505051,0.28901734104046245,0.28169014084507044,0.07575798693603808
2015/2016,2016-04-30,Tijuana,Puebla,0,0,0,football-data,1.73,3.75,5.57,1.82,3.8,5.57,1.72,3.57,4.68,0.5780346820809249,0.26666666666666666,0.17953321364452424,0.024234562392115855,0.5494505494505494,0.2631578947368421,0.17953321364452424,-0.007858342168084231,0.5813953488372093,0.2801120448179272,0.2136752136752137,0.07518260733035032
2015/2016,2016-05-01,Chiapas,Atlas,0,3,-1,football-data,2.38,3.61,3.05,2.38,3.61,3.2,2.26,3.36,2.97,0.42016806722689076,0.2770083102493075,0.3278688524590164,0.025045229935214852,0.42016806722689076,0.2770083102493075,0.3125,0.009676377476198317,0.4424778761061947,0.2976190476190476,0.33670033670033667,0.0767972604255791
2015/2016,2016-05-01,Guadalajara,Dorados de Sinaloa,2,1,1,football-data,1.48,4.69,7.4,1.48,4.94,8.22,1.42,4.43,6.94,0.6756756756756757,0.21321961620469082,0.13513513513513511,0.02403042701550162,0.6756756756756757,0.20242914979757085,0.121654501216545,-0.00024067331020849458,0.7042253521126761,0.22573363431151244,0.1440922190201729,0.07405120544436161
2015/2016,2016-05-01,Leon,Pachuca,0,0,0,football-data,2.3,3.65,3.17,2.35,3.68,3.17,2.23,3.43,2.97,0.4347826086956522,0.273972602739726,0.31545741324921134,0.024212624684589512,0.425531914893617,0.2717391304347826,0.31545741324921134,0.012728458577611068,0.4484304932735426,0.29154518950437314,0.33670033670033667,0.07667601947825253
2015/2016,2016-05-01,Morelia,Santos Laguna,3,2,1,football-data,2.73,3.36,2.77,2.74,3.45,2.96,2.54,3.23,2.68,0.3663003663003663,0.2976190476190476,0.36101083032490977,0.024930244244323774,0.36496350364963503,0.2898550724637681,0.33783783783783783,-0.007343586048759065,0.39370078740157477,0.30959752321981426,0.3731343283582089,0.07643263897959796
2015/2016,2016-05-01,Tigres UANL,Veracruz,0,0,0,football-data,1.41,4.99,8.75,1.41,5.22,9.84,1.35,4.68,8.26,0.7092198581560284,0.2004008016032064,0.11428571428571428,0.023906374044948997,0.7092198581560284,0.19157088122605365,0.1016260162601626,0.002416755642244528,0.7407407407407407,0.2136752136752137,0.12106537530266344,0.07548132971861787
2015/2016,2016-05-01,Toluca,Cruz Azul,0,2,-1,football-data,2.85,3.61,2.52,2.91,3.61,2.9,2.72,3.3,2.47,0.3508771929824561,0.2770083102493075,0.3968253968253968,0.024710900057160368,0.3436426116838488,0.2770083102493075,0.3448275862068966,-0.03452149185994713,0.3676470588235294,0.30303030303030304,0.4048582995951417,0.07553566144897417
2015/2016,2016-05-07,Cruz Azul,Tigres UANL,0,3,-1,football-data,2.79,3.24,2.8,2.89,3.3,2.8,2.65,3.14,2.63,0.35842293906810035,0.30864197530864196,0.35714285714285715,0.024207771519599408,0.3460207612456747,0.30303030303030304,0.35714285714285715,0.006193921418834902,0.37735849056603776,0.3184713375796178,0.3802281368821293,0.07605796502778484
2015/2016,2016-05-07,Santos Laguna,Guadalajara,0,1,-1,football-data,2.19,3.49,3.54,2.25,3.56,3.54,2.13,3.28,3.3,0.4566210045662101,0.28653295128939826,0.2824858757062147,0.025639831561823145,0.4444444444444444,0.2808988764044944,0.2824858757062147,0.007829196555153572,0.4694835680751174,0.3048780487804878,0.30303030303030304,0.0773919198859081
2015/2016,2016-05-07,Veracruz,Morelia,1,2,-1,football-data,2.48,3.56,2.93,2.7,3.56,3.1,2.42,3.25,2.81,0.40322580645161293,0.2808988764044944,0.341296928327645,0.025421611183752413,0.37037037037037035,0.2808988764044944,0.3225806451612903,-0.02615010806384488,0.4132231404958678,0.3076923076923077,0.35587188612099646,0.07678733430917184
2015/2016,2016-05-08,Atlas,Tijuana,0,0,0,football-data,2.2,3.64,3.37,2.24,3.74,3.45,2.12,3.43,3.2,0.45454545454545453,0.2747252747252747,0.29673590504451036,0.02600663431523964,0.4464285714285714,0.267379679144385,0.2898550724637681,0.003663323036724453,0.4716981132075471,0.29154518950437314,0.3125,0.07574330271192031
2015/2016,2016-05-08,Dorados de Sinaloa,Leon,0,1,-1,football-data,3.98,3.82,1.95,4.33,3.9,2.05,3.69,3.52,1.92,0.25125628140703515,0.2617801047120419,0.5128205128205129,0.02585689893958998,0.23094688221709006,0.25641025641025644,0.48780487804878053,-0.024837983323872992,0.2710027100271003,0.2840909090909091,0.5208333333333334,0.07592695245134262
2015/2016,2016-05-08,Monterrey,Toluca,1,2,-1,football-data,1.71,4.2,4.96,1.85,4.45,4.96,1.74,3.82,4.2,0.5847953216374269,0.23809523809523808,0.20161290322580647,0.0245034629584715,0.5405405405405405,0.2247191011235955,0.20161290322580647,-0.033127455110057547,0.5747126436781609,0.2617801047120419,0.23809523809523808,0.07458798648544085
2015/2016,2016-05-08,Pachuca,Chiapas,2,1,1,football-data,1.36,5.31,9.98,1.36,5.53,11.5,1.31,5.06,8.78,0.7352941176470588,0.18832391713747648,0.1002004008016032,0.02381843558613861,0.7352941176470588,0.18083182640144665,0.08695652173913043,0.003082465787635824,0.7633587786259541,0.19762845849802374,0.11389521640091117,0.07488245352488909
2015/2016,2016-05-08,Puebla,Queretaro,3,1,1,football-data,2.58,3.33,2.97,2.65,3.38,2.97,2.49,3.19,2.76,0.38759689922480617,0.3003003003003003,0.33670033670033667,0.02459753622544314,0.37735849056603776,0.2958579881656805,0.33670033670033667,0.009916815432055026,0.4016064257028112,0.31347962382445144,0.3623188405797102,0.07740489010697282
2015/2016,2016-05-08,Pumas UNAM,America,1,1,0,football-data,3.01,3.68,2.38,3.1,3.68,2.47,2.88,3.4,2.29,0.33222591362126247,0.2717391304347826,0.42016806722689076,0.024133111282935937,0.3225806451612903,0.2717391304347826,0.4048582995951417,-0.0008219248087852904,0.3472222222222222,0.29411764705882354,0.4366812227074236,0.0780210919884694
2015/2016,2016-05-12,Morelia,Leon,1,1,0,football-data,3.12,3.57,2.36,3.32,3.7,2.4,2.96,3.32,2.28,0.3205128205128205,0.2801120448179272,0.42372881355932207,0.024353678890069785,0.30120481927710846,0.27027027027027023,0.4166666666666667,-0.01185824378595468,0.33783783783783783,0.30120481927710846,0.4385964912280702,0.07763914834301655
2015/2016,2016-05-12,Tigres UANL,Monterrey,1,3,-1,football-data,2.18,3.46,3.61,2.2,3.6,4.0,2.1,3.28,3.36,0.4587155963302752,0.28901734104046245,0.2770083102493075,0.024741247620045037,0.45454545454545453,0.2777777777777778,0.25,-0.017676767676767735,0.47619047619047616,0.3048780487804878,0.2976190476190476,0.07868757259001158
2015/2016,2016-05-13,Guadalajara,America,0,0,0,football-data,2.63,3.22,3.0,2.65,3.45,3.01,2.49,3.09,2.84,0.3802281368821293,0.3105590062111801,0.3333333333333333,0.024120476426642723,0.37735849056603776,0.2898550724637681,0.33222591362126247,-0.0005605233489316408,0.4016064257028112,0.3236245954692557,0.35211267605633806,0.07734369722840495
2015/2016,2016-05-13,Santos Laguna,Pachuca,1,1,0,football-data,2.48,3.44,3.02,2.6,3.45,3.02,2.41,3.16,2.89,0.40322580645161293,0.29069767441860467,0.33112582781456956,0.025049308684787164,0.3846153846153846,0.2898550724637681,0.33112582781456956,0.005596284893722103,0.41493775933609955,0.3164556962025316,0.3460207612456747,0.07741421678430593
2015/2016,2016-05-15,Leon,Morelia,4,1,1,football-data,1.74,4.09,4.91,1.75,4.09,5.0,1.7,3.76,4.49,0.5747126436781609,0.24449877750611249,0.20366598778004072,0.022877408964314006,0.5714285714285714,0.24449877750611249,0.2,0.015927348934683838,0.5882352941176471,0.26595744680851063,0.22271714922048996,0.07690989014664762
2015/2016,2016-05-15,Monterrey,Tigres UANL,1,2,-1,football-data,2.98,3.52,2.47,3.0,3.56,2.75,2.77,3.32,2.41,0.33557046979865773,0.2840909090909091,0.4048582995951417,0.024519678484708596,0.3333333333333333,0.2808988764044944,0.36363636363636365,-0.022131426625808692,0.36101083032490977,0.30120481927710846,0.41493775933609955,0.07715340893811762
2015/2016,2016-05-16,America,Guadalajara,2,1,1,football-data,2.04,3.42,4.11,2.06,3.6,4.16,1.96,3.26,3.81,0.49019607843137253,0.29239766081871343,0.24330900243309,0.025902741683175856,0.4854368932038835,0.2777777777777778,0.24038461538461536,0.0035992863662765995,0.5102040816326531,0.3067484662576687,0.26246719160104987,0.0794197394913716
2015/2016,2016-05-16,Pachuca,Santos Laguna,3,2,1,football-data,1.76,3.97,4.88,1.8,4.0,5.1,1.71,3.66,4.57,0.5681818181818182,0.2518891687657431,0.20491803278688525,0.02498901973444667,0.5555555555555556,0.25,0.19607843137254904,0.0016339869281045694,0.5847953216374269,0.27322404371584696,0.2188183807439825,0.07683774609725624
2015/2016,2016-05-19,America,Monterrey,1,0,1,football-data,1.99,3.8,3.88,2.0,3.8,4.0,1.94,3.46,3.63,0.5025125628140703,0.2631578947368421,0.2577319587628866,0.023402416313798913,0.5,0.2631578947368421,0.25,0.013157894736842035,0.5154639175257733,0.28901734104046245,0.27548209366391185,0.0799633522301475
2015/2016,2016-05-20,Leon,Pachuca,1,1,0,football-data,2.47,3.54,2.96,2.5,3.56,3.04,2.37,3.23,2.89,0.4048582995951417,0.2824858757062147,0.33783783783783783,0.025182013139194215,0.4,0.2808988764044944,0.32894736842105265,0.009846244825546968,0.42194092827004215,0.30959752321981426,0.3460207612456747,0.07755921273553112
2015/2016,2016-05-22,Monterrey,America,4,2,1,football-data,1.93,3.91,3.98,1.95,3.91,4.15,1.85,3.67,3.8,0.5181347150259068,0.2557544757033248,0.25125628140703515,0.025145472136266722,0.5128205128205129,0.2557544757033248,0.24096385542168672,0.0095388439455244,0.5405405405405405,0.2724795640326976,0.2631578947368421,0.07617799931008018
2015/2016,2016-05-23,Pachuca,Leon,2,1,1,football-data,2.07,3.77,3.62,2.12,3.9,3.8,1.99,3.53,3.44,0.48309178743961356,0.26525198938992045,0.27624309392265195,0.024586870752185908,0.4716981132075471,0.25641025641025644,0.2631578947368421,-0.00873373564535429,0.5025125628140703,0.28328611898017,0.29069767441860467,0.0764963562128449
2015/2016,2016-05-27,Pachuca,Monterrey,1,0,1,football-data,2.18,3.52,3.56,2.18,3.6,3.7,2.07,3.43,3.31,0.4587155963302752,0.2840909090909091,0.2808988764044944,0.023705381825678717,0.4587155963302752,0.2777777777777778,0.27027027027027023,0.006763644378323219,0.48309178743961356,0.29154518950437314,0.3021148036253776,0.07675178056936427
2015/2016,2016-05-30,Monterrey,Pachuca,1,1,0,football-data,1.77,4.15,4.57,1.8,4.15,4.58,1.74,3.79,4.18,0.5649717514124294,0.24096385542168672,0.2188183807439825,0.024753987578098657,0.5555555555555556,0.24096385542168672,0.2183406113537118,0.01486002233095407,0.5747126436781609,0.2638522427440633,0.23923444976076558,0.07779933618298962
2016/2017,2016-07-16,Queretaro,Veracruz,2,0,1,football-data,1.86,3.73,4.55,1.96,3.73,4.55,1.84,3.46,4.1,0.5376344086021505,0.2680965147453083,0.21978021978021978,0.025511143127678437,0.5102040816326531,0.2680965147453083,0.21978021978021978,-0.0019191838418187723,0.5434782608695652,0.28901734104046245,0.24390243902439027,0.07639804093441782
2016/2017,2016-07-16,Tijuana,Morelia,2,0,1,football-data,2.1,3.58,3.7,2.1,3.6,3.88,2.01,3.37,3.54,0.47619047619047616,0.27932960893854747,0.27027027027027023,0.025790355399293752,0.47619047619047616,0.2777777777777778,0.2577319587628866,0.011700212731140525,0.49751243781094534,0.29673590504451036,0.2824858757062147,0.0767342185616704
2016/2017,2016-07-17,America,Chiapas,2,0,1,football-data,1.29,5.97,11.88,1.33,5.97,12.0,1.28,5.27,9.85,0.7751937984496123,0.16750418760469013,0.08417508417508417,0.026873070229386675,0.7518796992481203,0.16750418760469013,0.08333333333333333,0.0027172201861436207,0.78125,0.18975332068311196,0.10152284263959391,0.0725261633227059
2016/2017,2016-07-17,Atlas,Toluca,1,1,0,football-data,2.38,3.34,3.27,2.5,3.34,3.32,2.32,3.15,3.07,0.42016806722689076,0.29940119760479045,0.3058103975535168,0.025379662385197843,0.4,0.29940119760479045,0.30120481927710846,0.0006060168818988743,0.4310344827586207,0.31746031746031744,0.32573289902280134,0.07422769924173966
2016/2017,2016-07-17,Monterrey,Puebla,1,1,0,football-data,1.52,4.58,6.79,1.53,4.65,6.79,1.49,4.17,6.09,0.6578947368421053,0.2183406113537118,0.14727540500736377,0.023510753203180856,0.6535947712418301,0.2150537634408602,0.14727540500736377,0.0159239396900539,0.6711409395973155,0.23980815347721823,0.16420361247947454,0.07515270555400821
2016/2017,2016-07-17,Necaxa,Cruz Azul,0,0,0,football-data,3.1,3.38,2.46,3.32,3.52,2.48,3.01,3.2,2.32,0.3225806451612903,0.2958579881656805,0.4065040650406504,0.024942698367621308,0.30120481927710846,0.2840909090909091,0.40322580645161293,-0.011478465180369435,0.33222591362126247,0.3125,0.4310344827586207,0.07576039637988319
2016/2017,2016-07-17,Pachuca,Leon,5,1,1,football-data,2.0,3.79,3.81,2.06,3.79,3.88,1.98,3.46,3.52,0.5,0.2638522427440633,0.26246719160104987,0.02631943434511319,0.4854368932038835,0.2638522427440633,0.2577319587628866,0.007021094710833342,0.5050505050505051,0.28901734104046245,0.2840909090909091,0.07815875518187676
2016/2017,2016-07-17,Pumas UNAM,Guadalajara,1,0,1,football-data,2.9,3.19,2.73,2.92,3.27,2.8,2.7,3.09,2.62,0.3448275862068966,0.31347962382445144,0.3663003663003663,0.024607576331714398,0.3424657534246575,0.3058103975535168,0.35714285714285715,0.0054190081210314656,0.37037037037037035,0.3236245954692557,0.38167938931297707,0.07567435515260312
2016/2017,2016-07-18,Santos Laguna,Tigres UANL,0,0,0,football-data,2.97,3.3,2.6,3.01,3.37,2.68,2.83,3.14,2.49,0.33670033670033667,0.30303030303030304,0.3846153846153846,0.024346024346024286,0.33222591362126247,0.29673590504451036,0.3731343283582089,0.0020961470239817537,0.35335689045936397,0.3184713375796178,0.4016064257028112,0.07343465374179292
2016/2017,2016-07-23,Chiapas,Pachuca,0,2,-1,football-data,3.29,3.7,2.22,3.3,3.83,2.27,3.13,3.45,2.15,0.303951367781155,0.27027027027027023,0.4504504504504504,0.024672088501875633,0.30303030303030304,0.2610966057441253,0.44052863436123346,0.004655543135661855,0.3194888178913738,0.2898550724637681,0.46511627906976744,0.0744601694249094
2016/2017,2016-07-23,Cruz Azul,Pumas UNAM,0,0,0,football-data,2.02,3.7,3.84,2.05,3.7,4.06,1.95,3.44,3.72,0.49504950495049505,0.27027027027027023,0.2604166666666667,0.02573644188743196,0.48780487804878053,0.27027027027027023,0.24630541871921185,0.004380567038262617,0.5128205128205129,0.29069767441860467,0.26881720430107525,0.07233539154019275
2016/2017,2016-07-23,Veracruz,Santos Laguna,2,0,1,football-data,2.89,3.47,2.56,3.02,3.56,2.67,2.81,3.21,2.45,0.3460207612456747,0.2881844380403458,0.390625,0.024830199286020482,0.33112582781456956,0.2808988764044944,0.37453183520599254,-0.0134434605749435,0.35587188612099646,0.3115264797507788,0.4081632653061224,0.07556163117789771
2016/2017,2016-07-24,America,Toluca,3,1,1,football-data,1.59,4.27,6.19,1.62,4.36,6.19,1.57,3.97,5.48,0.6289308176100629,0.234192037470726,0.16155088852988692,0.02467374361067587,0.6172839506172839,0.2293577981651376,0.16155088852988692,0.00819263731230846,0.6369426751592356,0.2518891687657431,0.18248175182481752,0.07131359574979612
2016/2017,2016-07-24,Guadalajara,Monterrey,1,0,1,football-data,2.3,3.51,3.26,2.3,3.52,3.52,2.23,3.27,3.14,0.4347826086956522,0.2849002849002849,0.3067484662576687,0.026431359853605896,0.4347826086956522,0.2840909090909091,0.2840909090909091,0.0029644268774704496,0.4484304932735426,0.3058103975535168,0.3184713375796178,0.07271222840667724
2016/2017,2016-07-24,Leon,Necaxa,0,0,0,football-data,1.85,3.85,4.42,1.88,4.0,5.5,1.75,3.68,4.32,0.5405405405405405,0.2597402597402597,0.22624434389140272,0.026525144172202975,0.5319148936170213,0.25,0.18181818181818182,-0.036266924564796854,0.5714285714285714,0.2717391304347826,0.23148148148148145,0.0746491833448355
2016/2017,2016-07-24,Morelia,Queretaro,2,2,0,football-data,2.67,3.32,2.85,2.67,3.4,3.0,2.5,3.21,2.77,0.37453183520599254,0.30120481927710846,0.3508771929824561,0.02661384746555706,0.37453183520599254,0.29411764705882354,0.3333333333333333,0.00198281559814939,0.4,0.3115264797507788,0.36101083032490977,0.07253731007568853
2016/2017,2016-07-24,Tigres UANL,Atlas,0,0,0,football-data,1.6,4.1,6.34,1.6,4.15,6.94,1.55,3.83,6.01,0.625,0.24390243902439027,0.15772870662460567,0.026631145648995824,0.625,0.24096385542168672,0.1440922190201729,0.01005607444185963,0.6451612903225806,0.2610966057441253,0.1663893510815308,0.07264724714823667
2016/2017,2016-07-25,Puebla,Tijuana,3,2,1,football-data,2.45,3.4,3.1,2.45,3.4,3.24,2.36,3.17,2.99,0.4081632653061224,0.29411764705882354,0.3225806451612903,0.02486155752623631,0.4081632653061224,0.29411764705882354,0.30864197530864196,0.010922887673587844,0.42372881355932207,0.31545741324921134,0.33444816053511706,0.07363438734365046
2016/2017,2016-07-30,Queretaro,Puebla,2,1,1,football-data,2.0,3.54,4.14,2.02,3.54,4.15,1.94,3.33,3.82,0.5,0.2824858757062147,0.24154589371980678,0.024031769426021476,0.49504950495049505,0.2824858757062147,0.24096385542168672,0.01849923607839643,0.5154639175257733,0.3003003003003003,0.2617801047120419,0.07754432253811538
2016/2017,2016-07-30,Tijuana,Guadalajara,4,0,1,football-data,2.32,3.33,3.4,2.34,3.4,3.42,2.23,3.2,3.18,0.4310344827586207,0.3003003003003003,0.29411764705882354,0.025452430117744562,0.4273504273504274,0.29411764705882354,0.29239766081871343,0.013865735227964304,0.4484304932735426,0.3125,0.31446540880503143,0.07539590207857394
2016/2017,2016-07-31,America,Tigres UANL,0,3,-1,football-data,2.26,3.42,3.45,2.26,3.5,3.6,2.14,3.27,3.28,0.4424778761061947,0.29239766081871343,0.2898550724637681,0.024730609388676328,0.4424778761061947,0.2857142857142857,0.2777777777777778,0.0059699395982582,0.4672897196261682,0.3058103975535168,0.3048780487804878,0.07797816596017282
2016/2017,2016-07-31,Atlas,Veracruz,1,0,1,football-data,2.0,3.49,4.16,2.07,3.57,4.36,1.97,3.3,3.79,0.5,0.28653295128939826,0.24038461538461536,0.02691756667401357,0.48309178743961356,0.2801120448179272,0.2293577981651376,-0.007438369577321691,0.5076142131979695,0.30303030303030304,0.2638522427440633,0.07449675897233576
2016/2017,2016-07-31,Chiapas,Toluca,1,0,1,football-data,2.5,3.44,2.99,2.6,3.48,2.99,2.46,3.25,2.79,0.4,0.29069767441860467,0.33444816053511706,0.02514583495372169,0.3846153846153846,0.28735632183908044,0.33444816053511706,0.006419866989582079,0.4065040650406504,0.3076923076923077,0.35842293906810035,0.07261931180105852
2016/2017,2016-07-31,Monterrey,Cruz Azul,1,1,0,football-data,2.23,3.47,3.46,2.24,3.6,3.95,2.08,3.31,3.45,0.4484304932735426,0.2881844380403458,0.28901734104046245,0.02563227235435095,0.4464285714285714,0.2777777777777778,0.2531645569620253,-0.02262909383162559,0.4807692307692307,0.3021148036253776,0.2898550724637681,0.07273910685837648
2016/2017,2016-07-31,Pachuca,Necaxa,1,0,1,football-data,1.96,3.51,4.34,2.01,3.56,4.4,1.92,3.33,3.93,0.5102040816326531,0.2849002849002849,0.2304147465437788,0.02551911307671695,0.49751243781094534,0.2808988764044944,0.22727272727272727,0.005684041488166924,0.5208333333333334,0.3003003003003003,0.2544529262086514,0.07558655984228513
2016/2017,2016-07-31,Pumas UNAM,Leon,1,0,1,football-data,2.56,3.62,2.79,2.61,3.62,3.07,2.46,3.33,2.73,0.390625,0.27624309392265195,0.35842293906810035,0.025291032990752305,0.3831417624521073,0.27624309392265195,0.32573289902280134,-0.014882244602439365,0.4065040650406504,0.3003003003003003,0.3663003663003663,0.07310473164131692
2016/2017,2016-08-01,Santos Laguna,Morelia,2,4,-1,football-data,1.95,3.68,4.17,1.96,3.68,4.35,1.88,3.47,3.89,0.5128205128205129,0.2717391304347826,0.23980815347721823,0.02436779673251377,0.5102040816326531,0.2717391304347826,0.2298850574712644,0.011828269538699976,0.5319148936170213,0.2881844380403458,0.2570694087403599,0.07716874039772703
2016/2017,2016-08-06,Cruz Azul,Tijuana,1,2,-1,football-data,1.68,3.84,5.91,1.83,3.84,5.91,1.71,3.55,4.83,0.5952380952380952,0.2604166666666667,0.1692047377326565,0.024859499637418292,0.5464480874316939,0.2604166666666667,0.1692047377326565,-0.02393050816898279,0.5847953216374269,0.28169014084507044,0.20703933747412007,0.07352479995661731
2016/2017,2016-08-07,Guadalajara,Queretaro,0,0,0,football-data,2.08,3.55,3.79,2.13,3.65,3.85,2.04,3.35,3.5,0.4807692307692307,0.28169014084507044,0.2638522427440633,0.026311614358364377,0.4694835680751174,0.273972602739726,0.2597402597402597,0.0031964305551031025,0.49019607843137253,0.29850746268656714,0.2857142857142857,0.07441782683222531
2016/2017,2016-08-07,Leon,Monterrey,0,3,-1,football-data,2.16,3.72,3.39,2.25,3.87,3.45,2.14,3.43,3.19,0.4629629629629629,0.26881720430107525,0.2949852507374631,0.02676541800150134,0.4444444444444444,0.25839793281653745,0.2898550724637681,-0.007302550275249953,0.4672897196261682,0.29154518950437314,0.31347962382445144,0.0723145329549928
2016/2017,2016-08-07,Morelia,Atlas,3,2,1,football-data,2.5,3.43,3.0,2.5,3.43,3.22,2.37,3.2,2.91,0.4,0.29154518950437314,0.3333333333333333,0.024878522837706418,0.4,0.29154518950437314,0.3105590062111801,0.002104195715553203,0.42194092827004215,0.3125,0.3436426116838488,0.07808353995389083
2016/2017,2016-08-07,Necaxa,Pumas UNAM,2,2,0,football-data,2.32,3.38,3.37,2.38,3.4,3.48,2.24,3.16,3.22,0.4310344827586207,0.2958579881656805,0.29673590504451036,0.02362837596881162,0.42016806722689076,0.29411764705882354,0.28735632183908044,0.0016420361247946325,0.4464285714285714,0.3164556962025316,0.3105590062111801,0.073443273842283
2016/2017,2016-08-07,Tigres UANL,Chiapas,1,0,1,football-data,1.4,4.93,9.29,1.44,4.95,9.71,1.38,4.51,7.98,0.7142857142857143,0.20283975659229211,0.10764262648008613,0.0247680973580926,0.6944444444444444,0.20202020202020202,0.10298661174047373,-0.0005487417948798479,0.7246376811594204,0.22172949002217296,0.12531328320802004,0.07168045438961324
2016/2017,2016-08-07,Toluca,Pachuca,2,0,1,football-data,2.6,3.36,2.92,2.74,3.42,2.94,2.51,3.2,2.76,0.3846153846153846,0.2976190476190476,0.3424657534246575,0.024700185659089824,0.36496350364963503,0.29239766081871343,0.3401360544217687,-0.002502781109882779,0.39840637450199207,0.3125,0.3623188405797102,0.07322521508170232
2016/2017,2016-08-07,Veracruz,America,2,4,-1,football-data,3.68,3.53,2.13,4.16,3.55,2.1,3.65,3.35,2.01,0.2717391304347826,0.28328611898017,0.4694835680751174,0.024508817490069834,0.24038461538461536,0.28169014084507044,0.47619047619047616,-0.0017347675798380369,0.273972602739726,0.29850746268656714,0.49751243781094534,0.0699925032372386
2016/2017,2016-08-08,Puebla,Santos Laguna,0,0,0,football-data,2.28,3.58,3.25,2.46,3.58,3.3,2.23,3.32,3.08,0.4385964912280702,0.27932960893854747,0.3076923076923077,0.02561840785892544,0.4065040650406504,0.27932960893854747,0.30303030303030304,-0.011136022990499095,0.4484304932735426,0.30120481927710846,0.3246753246753247,0.07431063722597564
2016/2017,2016-08-13,Queretaro,Cruz Azul,0,0,0,football-data,2.74,3.4,2.74,2.78,3.4,2.82,2.65,3.17,2.62,0.36496350364963503,0.29411764705882354,0.36496350364963503,0.024044654358093664,0.3597122302158274,0.29411764705882354,0.3546099290780142,0.008439806352665169,0.37735849056603776,0.31545741324921134,0.38167938931297707,0.07449529312822611
2016/2017,2016-08-13,Tijuana,Leon,2,0,1,football-data,1.8,3.93,4.66,1.86,4.1,4.75,1.77,3.69,4.2,0.5555555555555556,0.2544529262086514,0.2145922746781116,0.024600756442318517,0.5376344086021505,0.24390243902439027,0.21052631578947367,-0.007936836583985585,0.5649717514124294,0.2710027100271003,0.23809523809523808,0.07406969953476783
2016/2017,2016-08-14,America,Morelia,1,1,0,football-data,1.48,4.87,6.95,1.55,4.87,8.0,1.45,4.35,6.3,0.6756756756756757,0.2053388090349076,0.14388489208633093,0.02489937679691412,0.6451612903225806,0.2053388090349076,0.125,-0.02449990064251173,0.6896551724137931,0.2298850574712644,0.15873015873015872,0.07827038861521629
2016/2017,2016-08-14,Atlas,Puebla,3,2,1,football-data,2.15,3.44,3.71,2.15,3.44,3.95,2.06,3.25,3.53,0.46511627906976744,0.29069767441860467,0.2695417789757412,0.02535573246411338,0.46511627906976744,0.29069767441860467,0.2531645569620253,0.008978510450397437,0.4854368932038835,0.3076923076923077,0.28328611898017,0.0764153198763613
2016/2017,2016-08-14,Chiapas,Veracruz,1,1,0,football-data,2.19,3.51,3.53,2.28,3.51,3.65,2.14,3.29,3.28,0.4566210045662101,0.2849002849002849,0.28328611898017,0.024807408446664958,0.4385964912280702,0.2849002849002849,0.273972602739726,-0.002530621131918931,0.4672897196261682,0.303951367781155,0.3048780487804878,0.07611913618781108
2016/2017,2016-08-14,Monterrey,Necaxa,2,1,1,football-data,1.68,4.01,5.47,1.75,4.01,5.8,1.66,3.75,4.87,0.5952380952380952,0.24937655860349128,0.18281535648994515,0.027430010331531696,0.5714285714285714,0.24937655860349128,0.1724137931034483,-0.006781076864489033,0.6024096385542169,0.26666666666666666,0.2053388090349076,0.07441511425579117
2016/2017,2016-08-14,Pachuca,Pumas UNAM,3,0,1,football-data,2.04,3.54,3.97,2.32,3.54,3.97,2.06,3.29,3.54,0.49019607843137253,0.2824858757062147,0.2518891687657431,0.0245711229033303,0.4310344827586207,0.2824858757062147,0.2518891687657431,-0.03459047276942151,0.4854368932038835,0.303951367781155,0.2824858757062147,0.0718741366912532
2016/2017,2016-08-14,Toluca,Tigres UANL,0,0,0,football-data,3.14,3.42,2.41,3.36,3.42,2.5,3.03,3.2,2.31,0.3184713375796178,0.29239766081871343,0.41493775933609955,0.025806757734430974,0.2976190476190476,0.29239766081871343,0.4,-0.009983291562238983,0.33003300330033003,0.3125,0.4329004329004329,0.07543343620076293
2016/2017,2016-08-15,Santos Laguna,Guadalajara,0,1,-1,football-data,2.58,3.3,2.99,2.59,3.32,3.02,2.46,3.16,2.84,0.38759689922480617,0.30303030303030304,0.33444816053511706,0.025075362790226263,0.3861003861003861,0.30120481927710846,0.33112582781456956,0.018431033192064294,0.4065040650406504,0.3164556962025316,0.35211267605633806,0.07507243729951996
2016/2017,2016-08-20,Cruz Azul,Santos Laguna,3,1,1,football-data,1.65,4.04,5.9,1.75,4.04,5.9,1.66,3.66,5.12,0.6060606060606061,0.24752475247524752,0.1694915254237288,0.023076883959582517,0.5714285714285714,0.24752475247524752,0.1694915254237288,-0.011555150672452275,0.6024096385542169,0.27322404371584696,0.1953125,0.07094618227006388
2016/2017,2016-08-20,Veracruz,Toluca,2,2,0,football-data,2.89,3.39,2.61,2.98,3.39,2.65,2.77,3.18,2.5,0.3460207612456747,0.2949852507374631,0.3831417624521073,0.024147774435244962,0.33557046979865773,0.2949852507374631,0.37735849056603776,0.00791421110215862,0.36101083032490977,0.31446540880503143,0.4,0.07547623912994128
2016/2017,2016-08-21,Guadalajara,Atlas,2,2,0,football-data,2.09,3.38,3.98,2.11,3.44,4.5,2.0,3.23,3.75,0.47846889952153115,0.2958579881656805,0.25125628140703515,0.025583169094246738,0.47393364928909953,0.29069767441860467,0.2222222222222222,-0.013146454070073532,0.5,0.30959752321981426,0.26666666666666666,0.07626418988648087
2016/2017,2016-08-21,Leon,Queretaro,2,1,1,football-data,2.15,3.67,3.47,2.24,3.67,3.6,2.12,3.39,3.27,0.46511627906976744,0.2724795640326976,0.2881844380403458,0.025780281142810724,0.4464285714285714,0.2724795640326976,0.2777777777777778,-0.0033140867609532387,0.4716981132075471,0.2949852507374631,0.3058103975535168,0.07249376149852704
2016/2017,2016-08-21,Morelia,Chiapas,3,2,1,football-data,1.78,3.93,4.76,1.85,3.93,5.0,1.76,3.62,4.37,0.5617977528089888,0.2544529262086514,0.21008403361344538,0.026334712631085555,0.5405405405405405,0.2544529262086514,0.2,-0.005006533250808243,0.5681818181818182,0.27624309392265195,0.22883295194508008,0.07325786404955026
2016/2017,2016-08-21,Necaxa,Tijuana,1,1,0,football-data,2.14,3.43,3.74,2.3,3.5,3.87,2.11,3.29,3.38,0.4672897196261682,0.29154518950437314,0.267379679144385,0.026214588274926287,0.4347826086956522,0.2857142857142857,0.25839793281653745,-0.02110517277352464,0.47393364928909953,0.303951367781155,0.2958579881656805,0.07374300523593491
2016/2017,2016-08-21,Pumas UNAM,Monterrey,5,3,1,football-data,2.78,3.51,2.63,2.79,3.58,2.7,2.66,3.28,2.55,0.3597122302158274,0.2849002849002849,0.3802281368821293,0.024840651998241592,0.35842293906810035,0.27932960893854747,0.37037037037037035,0.008122918377018173,0.37593984962406013,0.3048780487804878,0.3921568627450981,0.07297476114964585
2016/2017,2016-08-21,Tigres UANL,Pachuca,4,2,1,football-data,1.93,3.52,4.51,1.95,3.64,4.66,1.86,3.4,4.14,0.5181347150259068,0.2840909090909091,0.22172949002217296,0.023955114138988876,0.5128205128205129,0.2747252747252747,0.2145922746781116,0.0021380622238993396,0.5376344086021505,0.29411764705882354,0.24154589371980678,0.07329794938078082
2016/2017,2016-08-22,Puebla,America,2,2,0,football-data,3.72,3.69,2.06,3.98,3.69,2.18,3.5,3.44,2.01,0.26881720430107525,0.2710027100271003,0.4854368932038835,0.025256807532059167,0.25125628140703515,0.2710027100271003,0.4587155963302752,-0.01902541223558929,0.2857142857142857,0.29069767441860467,0.49751243781094534,0.07392439794383554
2016/2017,2016-08-27,Queretaro,Necaxa,1,2,-1,football-data,2.32,3.4,3.33,2.38,3.4,3.35,2.26,3.19,3.16,0.4310344827586207,0.29411764705882354,0.3003003003003003,0.025452430117744562,0.42016806722689076,0.29411764705882354,0.29850746268656714,0.01279317697228155,0.4424778761061947,0.31347962382445144,0.3164556962025316,0.07241319613317776
2016/2017,2016-08-27,Tijuana,Pumas UNAM,1,0,1,football-data,2.07,3.72,3.66,2.08,3.98,3.96,1.97,3.54,3.49,0.48309178743961356,0.26881720430107525,0.27322404371584696,0.02513303545653578,0.4807692307692307,0.25125628140703515,0.25252525252525254,-0.015449235298481634,0.5076142131979695,0.2824858757062147,0.28653295128939826,0.07663304019358241
2016/2017,2016-08-28,America,Guadalajara,0,3,-1,football-data,1.73,3.97,5.11,1.8,3.97,5.4,1.7,3.61,4.8,0.5780346820809249,0.2518891687657431,0.19569471624266144,0.025618567089329414,0.5555555555555556,0.2518891687657431,0.18518518518518517,-0.007370090493516113,0.5882352941176471,0.2770083102493075,0.20833333333333334,0.07357693770028795
2016/2017,2016-08-28,Atlas,Cruz Azul,1,1,0,football-data,2.52,3.35,3.03,2.8,3.35,3.03,2.56,3.13,2.75,0.3968253968253968,0.29850746268656714,0.33003300330033003,0.025365862812293916,0.35714285714285715,0.29850746268656714,0.33003300330033003,-0.014316676870245626,0.390625,0.3194888178913738,0.36363636363636365,0.07375018152773727
2016/2017,2016-08-28,Chiapas,Puebla,0,3,-1,football-data,2.17,3.5,3.59,2.4,3.6,3.59,2.14,3.32,3.26,0.4608294930875576,0.2857142857142857,0.2785515320334262,0.02509531083526939,0.4166666666666667,0.2777777777777778,0.2785515320334262,-0.027004023522129383,0.4672897196261682,0.30120481927710846,0.3067484662576687,0.0752430051609454
2016/2017,2016-08-28,Pachuca,Monterrey,1,1,0,football-data,1.99,3.86,3.78,2.15,3.87,3.8,2.02,3.55,3.37,0.5025125628140703,0.2590673575129534,0.2645502645502646,0.026130184877288354,0.46511627906976744,0.25839793281653745,0.2631578947368421,-0.013327893376853028,0.49504950495049505,0.28169014084507044,0.29673590504451036,0.07347555084007595
2016/2017,2016-08-28,Tigres UANL,Veracruz,1,1,0,football-data,1.33,5.29,11.63,1.38,5.29,11.63,1.33,4.74,9.01,0.7518796992481203,0.1890359168241966,0.08598452278589853,0.026900138858215517,0.7246376811594204,0.1890359168241966,0.08598452278589853,-0.00034187923048445423,0.7518796992481203,0.21097046413502107,0.11098779134295228,0.07383795472609367
2016/2017,2016-08-28,Toluca,Morelia,2,2,0,football-data,2.07,3.57,3.82,2.14,3.67,3.9,2.03,3.41,3.48,0.48309178743961356,0.2801120448179272,0.2617801047120419,0.024983936969582565,0.4672897196261682,0.2724795640326976,0.25641025641025644,-0.003820459930877762,0.4926108374384237,0.29325513196480935,0.28735632183908044,0.0732222912423135
2016/2017,2016-08-29,Santos Laguna,Leon,1,0,1,football-data,2.39,3.59,3.05,2.48,3.59,3.2,2.33,3.33,2.9,0.41841004184100417,0.2785515320334262,0.3278688524590164,0.024830426333446898,0.40322580645161293,0.2785515320334262,0.3125,-0.005722661514960814,0.4291845493562232,0.3003003003003003,0.3448275862068966,0.07431243586341996
2016/2017,2016-09-10,Cruz Azul,America,3,4,-1,football-data,2.6,3.26,2.99,2.63,3.33,2.99,2.5,3.19,2.76,0.3846153846153846,0.3067484662576687,0.33444816053511706,0.025812011408170354,0.3802281368821293,0.3003003003003003,0.33444816053511706,0.014976597717546669,0.4,0.31347962382445144,0.3623188405797102,0.0757984644041616
2016/2017,2016-09-10,Veracruz,Pachuca,1,0,1,football-data,3.25,3.55,2.3,3.27,3.64,2.32,3.11,3.32,2.21,0.3076923076923077,0.28169014084507044,0.4347826086956522,0.024165057233030307,0.3058103975535168,0.2747252747252747,0.4310344827586207,0.011570155037412322,0.3215434083601286,0.30120481927710846,0.45248868778280543,0.07523691542004252
2016/2017,2016-09-11,Guadalajara,Chiapas,2,0,1,football-data,1.64,4.08,5.86,1.65,4.1,6.5,1.61,3.82,5.32,0.6097560975609756,0.24509803921568626,0.1706484641638225,0.0255026009404844,0.6060606060606061,0.24390243902439027,0.15384615384615385,0.0038091989311501706,0.6211180124223602,0.2617801047120419,0.18796992481203006,0.07086804194643226
2016/2017,2016-09-11,Leon,Atlas,4,1,1,football-data,2.0,3.67,3.94,2.01,3.84,4.65,1.88,3.51,3.91,0.5,0.2724795640326976,0.25380710659898476,0.02628667063168244,0.49751243781094534,0.2604166666666667,0.2150537634408602,-0.027017132081527784,0.5319148936170213,0.2849002849002849,0.2557544757033248,0.07256965422063089
2016/2017,2016-09-11,Monterrey,Tijuana,0,0,0,football-data,1.82,3.98,4.45,1.88,4.05,5.0,1.77,3.69,4.22,0.5494505494505494,0.25125628140703515,0.2247191011235955,0.02542593198118004,0.5319148936170213,0.2469135802469136,0.2,-0.02117152613606521,0.5649717514124294,0.2710027100271003,0.23696682464454977,0.07294128608407946
2016/2017,2016-09-11,Morelia,Tigres UANL,0,2,-1,football-data,3.38,3.46,2.27,3.42,3.48,2.3,3.15,3.25,2.23,0.2958579881656805,0.28901734104046245,0.44052863436123346,0.025403963567376397,0.29239766081871343,0.28735632183908044,0.4347826086956522,0.014536591353446093,0.31746031746031744,0.3076923076923077,0.4484304932735426,0.07358311842616772
2016/2017,2016-09-11,Necaxa,Santos Laguna,2,1,1,football-data,2.45,3.34,3.15,2.45,3.38,3.67,2.26,3.19,3.16,0.4081632653061224,0.29940119760479045,0.31746031746031744,0.025024780371230237,0.4081632653061224,0.2958579881656805,0.2724795640326976,-0.023499182495499538,0.4424778761061947,0.31347962382445144,0.3164556962025316,0.07241319613317776
2016/2017,2016-09-11,Pumas UNAM,Queretaro,4,1,1,football-data,2.11,3.54,3.71,2.14,3.55,3.81,2.04,3.38,3.48,0.47393364928909953,0.2824858757062147,0.2695417789757412,0.02596130397105556,0.4672897196261682,0.28169014084507044,0.26246719160104987,0.011447052072288466,0.49019607843137253,0.2958579881656805,0.28735632183908044,0.07341038843613346
2016/2017,2016-09-12,Puebla,Toluca,0,2,-1,football-data,2.58,3.51,2.83,2.59,3.52,2.94,2.49,3.27,2.72,0.38759689922480617,0.2849002849002849,0.35335689045936397,0.0258540745844551,0.3861003861003861,0.2840909090909091,0.3401360544217687,0.010327349613063808,0.4016064257028112,0.3058103975535168,0.3676470588235294,0.07506388207985748
2016/2017,2016-09-17,Queretaro,Monterrey,1,0,1,football-data,2.81,3.45,2.64,2.81,3.49,2.7,2.67,3.27,2.53,0.35587188612099646,0.2898550724637681,0.3787878787878788,0.024514837372643372,0.35587188612099646,0.28653295128939826,0.37037037037037035,0.012775207780765019,0.37453183520599254,0.3058103975535168,0.3952569169960475,0.07559914975555682
2016/2017,2016-09-17,Toluca,Guadalajara,2,1,1,football-data,,,,2.5,3.32,3.1,2.39,3.14,2.9,,,,,0.4,0.30120481927710846,0.3225806451612903,0.023785464438398796,0.41841004184100417,0.3184713375796178,0.3448275862068966,0.0817089656275185
2016/2017,2016-09-17,Veracruz,Morelia,1,3,-1,football-data,2.39,3.41,3.19,2.48,3.48,3.19,2.33,3.28,2.9,0.41841004184100417,0.29325513196480935,0.31347962382445144,0.025144797630265003,0.40322580645161293,0.28735632183908044,0.31347962382445144,0.004061752115144923,0.4291845493562232,0.3048780487804878,0.3448275862068966,0.07889018434360762
2016/2017,2016-09-18,America,Leon,0,2,-1,football-data,1.81,4.07,4.44,1.85,4.07,4.84,1.76,3.74,4.18,0.5524861878453039,0.24570024570024568,0.2252252252252252,0.023411658770774668,0.5405405405405405,0.24570024570024568,0.2066115702479339,-0.007147643511280055,0.5681818181818182,0.267379679144385,0.23923444976076558,0.0747959470869688
2016/2017,2016-09-18,Atlas,Necaxa,0,0,0,football-data,2.42,3.29,3.24,2.5,3.29,3.46,2.3,3.07,3.17,0.4132231404958678,0.303951367781155,0.30864197530864196,0.025816483585664685,0.4,0.303951367781155,0.28901734104046245,-0.007031291178382526,0.4347826086956522,0.32573289902280134,0.31545741324921134,0.07597292096766495
2016/2017,2016-09-18,Chiapas,Cruz Azul,0,3,-1,football-data,3.38,3.37,2.31,3.42,3.38,2.4,3.14,3.22,2.23,0.2958579881656805,0.29673590504451036,0.4329004329004329,0.025494326110623744,0.29239766081871343,0.2958579881656805,0.4166666666666667,0.004922315651060716,0.3184713375796178,0.3105590062111801,0.4484304932735426,0.07746083706434059
2016/2017,2016-09-18,Pachuca,Tijuana,2,2,0,football-data,1.6,4.24,6.16,1.85,4.24,6.16,1.66,3.72,5.04,0.625,0.23584905660377356,0.16233766233766234,0.02318671894143587,0.5405405405405405,0.23584905660377356,0.16233766233766234,-0.06127274051802367,0.6024096385542169,0.26881720430107525,0.1984126984126984,0.06963954126799066
2016/2017,2016-09-18,Tigres UANL,Puebla,2,1,1,football-data,1.41,4.75,9.37,1.44,4.75,9.37,1.39,4.38,7.82,0.7092198581560284,0.21052631578947367,0.10672358591248667,0.026469759857988828,0.6944444444444444,0.21052631578947367,0.10672358591248667,0.011694346146404744,0.7194244604316548,0.22831050228310504,0.1278772378516624,0.07561220056642215
2016/2017,2016-09-19,Santos Laguna,Pumas UNAM,3,1,1,football-data,2.21,3.58,3.42,2.23,3.62,3.74,2.11,3.38,3.27,0.45248868778280543,0.27932960893854747,0.29239766081871343,0.024215957540066224,0.4484304932735426,0.27624309392265195,0.267379679144385,-0.007946733659420446,0.47393364928909953,0.2958579881656805,0.3058103975535168,0.07560203500829665
2016/2017,2016-09-21,Cruz Azul,Toluca,0,1,-1,football-data,2.01,3.62,4.01,2.05,3.67,4.3,1.94,3.34,3.83,0.49751243781094534,0.27624309392265195,0.24937655860349128,0.02313209033708863,0.48780487804878053,0.2724795640326976,0.23255813953488372,-0.007157418383638259,0.5154639175257733,0.29940119760479045,0.2610966057441253,0.075961720874689
2016/2017,2016-09-21,Guadalajara,Tigres UANL,0,1,-1,football-data,2.78,3.21,2.83,2.94,3.3,2.87,2.72,3.02,2.65,0.3597122302158274,0.3115264797507788,0.35335689045936397,0.0245956004259702,0.3401360544217687,0.30303030303030304,0.3484320557491289,-0.008401586798799432,0.3676470588235294,0.33112582781456956,0.37735849056603776,0.07613137720413654
2016/2017,2016-09-21,Morelia,Pachuca,1,5,-1,football-data,2.88,3.73,2.44,2.91,3.73,2.58,2.78,3.39,2.38,0.3472222222222222,0.2680965147453083,0.4098360655737705,0.02515480254130109,0.3436426116838488,0.2680965147453083,0.38759689922480617,-0.0006639743460365999,0.3597122302158274,0.2949852507374631,0.42016806722689076,0.07486554818018121
2016/2017,2016-09-21,Necaxa,America,1,1,0,football-data,2.89,3.46,2.56,3.0,3.5,2.68,2.77,3.24,2.46,0.3460207612456747,0.28901734104046245,0.390625,0.025663102286137107,0.3333333333333333,0.2857142857142857,0.3731343283582089,-0.00781805259417201,0.36101083032490977,0.30864197530864196,0.4065040650406504,0.07615687067420218
2016/2017,2016-09-21,Puebla,Veracruz,3,2,1,football-data,2.07,3.58,3.8,2.15,3.58,3.8,2.04,3.3,3.53,0.48309178743961356,0.27932960893854747,0.2631578947368421,0.02557929111500301,0.46511627906976744,0.27932960893854747,0.2631578947368421,0.0076037827451569395,0.49019607843137253,0.30303030303030304,0.28328611898017,0.07651250044184543
2016/2017,2016-09-22,Leon,Chiapas,0,0,0,football-data,1.47,4.82,7.21,1.5,4.9,7.21,1.45,4.43,6.33,0.6802721088435374,0.20746887966804978,0.13869625520110956,0.026437243712696734,0.6666666666666666,0.2040816326530612,0.13869625520110956,0.009444554520837478,0.6896551724137931,0.22573363431151244,0.1579778830963665,0.07336668982167205
2016/2017,2016-09-22,Monterrey,Santos Laguna,5,2,1,football-data,1.76,4.07,4.69,1.79,4.1,5.1,1.71,3.77,4.49,0.5681818181818182,0.24570024570024568,0.21321961620469082,0.02710168008675473,0.5586592178770949,0.24390243902439027,0.19607843137254904,-0.0013599117259657234,0.5847953216374269,0.26525198938992045,0.22271714922048996,0.07276446024783723
2016/2017,2016-09-22,Pumas UNAM,Atlas,2,0,1,football-data,2.01,3.59,4.0,2.08,3.6,4.25,1.94,3.37,3.82,0.49751243781094534,0.2785515320334262,0.25,0.02606396984437165,0.4807692307692307,0.2777777777777778,0.23529411764705882,-0.006158873805932608,0.5154639175257733,0.29673590504451036,0.2617801047120419,0.07397992728232539
2016/2017,2016-09-22,Tijuana,Queretaro,2,1,1,football-data,1.8,3.91,4.67,1.86,3.91,5.05,1.76,3.6,4.34,0.5555555555555556,0.2557544757033248,0.21413276231263384,0.025442793571514244,0.5376344086021505,0.2557544757033248,0.19801980198019803,-0.008591313714326754,0.5681818181818182,0.2777777777777778,0.2304147465437788,0.07637434250337494
2016/2017,2016-09-24,Chiapas,Necaxa,2,2,0,football-data,2.89,3.34,2.64,2.89,3.38,2.71,2.74,3.16,2.52,0.3460207612456747,0.29940119760479045,0.3787878787878788,0.024209837638343945,0.3460207612456747,0.2958579881656805,0.36900369003690037,0.01088243944825562,0.36496350364963503,0.3164556962025316,0.3968253968253968,0.07824459667756334
2016/2017,2016-09-24,Veracruz,Guadalajara,0,1,-1,football-data,3.12,3.27,2.51,3.15,3.37,2.51,2.91,3.13,2.42,0.3205128205128205,0.3058103975535168,0.39840637450199207,0.024729592568329295,0.31746031746031744,0.29673590504451036,0.39840637450199207,0.012602597006819982,0.3436426116838488,0.3194888178913738,0.4132231404958678,0.07635457007109037
2016/2017,2016-09-25,America,Pumas UNAM,2,1,1,football-data,1.91,3.91,4.08,1.93,4.0,4.96,1.81,3.7,4.03,0.5235602094240838,0.2557544757033248,0.24509803921568626,0.024412724343094938,0.5181347150259068,0.25,0.20161290322580647,-0.030252381748286705,0.5524861878453039,0.27027027027027023,0.24813895781637715,0.07089541593195126
2016/2017,2016-09-25,Atlas,Monterrey,3,1,1,football-data,3.47,3.49,2.22,3.47,3.49,2.38,3.18,3.26,2.21,0.2881844380403458,0.28653295128939826,0.4504504504504504,0.025167839780194434,0.2881844380403458,0.28653295128939826,0.42016806722689076,-0.005114543443365038,0.31446540880503143,0.3067484662576687,0.45248868778280543,0.07370256284550547
2016/2017,2016-09-25,Morelia,Puebla,2,3,-1,football-data,2.04,3.71,3.77,2.08,3.82,4.0,1.96,3.52,3.57,0.49019607843137253,0.2695417789757412,0.26525198938992045,0.0249898467970342,0.4807692307692307,0.2617801047120419,0.25,-0.007450664518727335,0.5102040816326531,0.2840909090909091,0.2801120448179272,0.0744070355414892
2016/2017,2016-09-25,Pachuca,Queretaro,2,0,1,football-data,1.55,4.35,6.65,1.58,4.5,6.75,1.52,4.04,5.84,0.6451612903225806,0.2298850574712644,0.15037593984962405,0.0254222876434691,0.6329113924050632,0.2222222222222222,0.14814814814814814,0.003281762775433572,0.6578947368421053,0.24752475247524752,0.17123287671232876,0.07665236602968162
2016/2017,2016-09-25,Tigres UANL,Cruz Azul,0,0,0,football-data,1.74,3.77,5.46,1.77,3.77,5.46,1.7,3.57,4.85,0.5747126436781609,0.26525198938992045,0.18315018315018314,0.02311481621826439,0.5649717514124294,0.26525198938992045,0.18315018315018314,0.013373923952533007,0.5882352941176471,0.2801120448179272,0.2061855670103093,0.07453290594588347
2016/2017,2016-09-25,Toluca,Leon,1,1,0,football-data,2.26,3.64,3.24,2.28,3.66,3.37,2.2,3.34,3.12,0.4424778761061947,0.2747252747252747,0.30864197530864196,0.025845126140111363,0.4385964912280702,0.27322404371584696,0.29673590504451036,0.008556439988427478,0.45454545454545453,0.29940119760479045,0.3205128205128205,0.0744594726630654
2016/2017,2016-09-26,Santos Laguna,Tijuana,1,2,-1,football-data,2.15,3.61,3.53,2.4,3.62,3.55,2.17,3.34,3.19,0.46511627906976744,0.2770083102493075,0.28328611898017,0.025410708299244966,0.4166666666666667,0.27624309392265195,0.28169014084507044,-0.025400098565610874,0.4608294930875576,0.29940119760479045,0.31347962382445144,0.07371031451679944
2016/2017,2016-10-01,Cruz Azul,Veracruz,5,3,1,football-data,1.52,4.26,7.56,1.56,4.26,7.56,1.51,3.94,6.38,0.6578947368421053,0.2347417840375587,0.1322751322751323,0.024911653154796376,0.641025641025641,0.2347417840375587,0.1322751322751323,0.008042557338332035,0.6622516556291391,0.25380710659898476,0.15673981191222572,0.07279857414034963
2016/2017,2016-10-01,Queretaro,Santos Laguna,1,1,0,football-data,2.44,3.45,3.07,2.46,3.48,3.12,2.31,3.27,2.97,0.4098360655737705,0.2898550724637681,0.32573289902280134,0.0254240370603398,0.4065040650406504,0.28735632183908044,0.3205128205128205,0.014373207392551324,0.4329004329004329,0.3058103975535168,0.33670033670033667,0.07541116715428631
2016/2017,2016-10-01,Tijuana,Atlas,1,0,1,football-data,1.56,4.33,6.51,1.7,4.33,6.51,1.57,3.86,5.53,0.641025641025641,0.23094688221709006,0.15360983102918588,0.025582354271916907,0.5882352941176471,0.23094688221709006,0.15360983102918588,-0.027207992636076983,0.6369426751592356,0.2590673575129534,0.18083182640144665,0.07684185907363572
2016/2017,2016-10-02,Guadalajara,Morelia,2,1,1,football-data,1.83,3.69,4.8,1.88,3.8,4.95,1.78,3.54,4.39,0.5464480874316939,0.2710027100271003,0.20833333333333334,0.025784130792127602,0.5319148936170213,0.2631578947368421,0.20202020202020202,-0.002907009625934709,0.5617977528089888,0.2824858757062147,0.22779043280182235,0.07207406131702587
2016/2017,2016-10-02,Leon,Tigres UANL,3,2,1,football-data,2.82,3.38,2.67,2.88,3.43,2.67,2.71,3.21,2.53,0.3546099290780142,0.2958579881656805,0.37453183520599254,0.024999752449687218,0.3472222222222222,0.29154518950437314,0.37453183520599254,0.013299246932587883,0.36900369003690037,0.3115264797507788,0.3952569169960475,0.07578708678372648
2016/2017,2016-10-02,Monterrey,America,1,1,0,football-data,2.06,3.82,3.59,2.1,3.88,3.62,2.01,3.58,3.36,0.4854368932038835,0.2617801047120419,0.2785515320334262,0.025768529949351526,0.47619047619047616,0.2577319587628866,0.27624309392265195,0.01016552887601474,0.49751243781094534,0.27932960893854747,0.2976190476190476,0.07446109436854043
2016/2017,2016-10-02,Necaxa,Toluca,3,1,1,football-data,2.4,3.27,3.29,2.5,3.3,3.42,2.34,3.07,3.08,0.4166666666666667,0.3058103975535168,0.303951367781155,0.026428432001338376,0.4,0.30303030303030304,0.29239766081871343,-0.0045720361509834495,0.4273504273504274,0.32573289902280134,0.3246753246753247,0.0777586510485535
2016/2017,2016-10-02,Pumas UNAM,Chiapas,1,0,1,football-data,1.55,4.49,6.38,1.65,4.65,6.6,1.52,4.11,5.83,0.6451612903225806,0.22271714922048996,0.15673981191222572,0.02461825145529617,0.6060606060606061,0.2150537634408602,0.15151515151515152,-0.027370478983382296,0.6578947368421053,0.24330900243309,0.17152658662092624,0.0727303258961216
2016/2017,2016-10-03,Puebla,Pachuca,1,1,0,football-data,4.2,3.68,1.94,4.2,3.8,2.1,3.79,3.54,1.89,0.23809523809523808,0.2717391304347826,0.5154639175257733,0.025298286055793984,0.23809523809523808,0.2631578947368421,0.47619047619047616,-0.022556390977443663,0.2638522427440633,0.2824858757062147,0.5291005291005292,0.07543864755080731
2016/2017,2016-10-15,Chiapas,Monterrey,1,4,-1,football-data,4.66,3.92,1.8,4.66,3.97,1.95,4.2,3.65,1.78,0.2145922746781116,0.25510204081632654,0.5555555555555556,0.025249871049993766,0.2145922746781116,0.2518891687657431,0.5128205128205129,-0.020698043735632443,0.23809523809523808,0.273972602739726,0.5617977528089888,0.07386559364395295
2016/2017,2016-10-15,Veracruz,Leon,2,3,-1,football-data,3.51,3.47,2.21,3.55,3.63,2.25,3.24,3.36,2.14,0.2849002849002849,0.2881844380403458,0.45248868778280543,0.02557341072343622,0.28169014084507044,0.27548209366391185,0.4444444444444444,0.0016166789534266535,0.30864197530864196,0.2976190476190476,0.4672897196261682,0.07355074255385774
2016/2017,2016-10-16,America,Tijuana,1,0,1,football-data,1.73,4.02,5.04,1.77,4.06,5.3,1.7,3.74,4.6,0.5780346820809249,0.24875621890547267,0.1984126984126984,0.025203599399096,0.5649717514124294,0.24630541871921185,0.18867924528301888,-4.3584585339928594e-05,0.5882352941176471,0.267379679144385,0.2173913043478261,0.07300627760985812
2016/2017,2016-10-16,Atlas,Queretaro,2,1,1,football-data,2.24,3.3,3.62,2.3,3.35,3.62,2.2,3.18,3.27,0.4464285714285714,0.30303030303030304,0.27624309392265195,0.025701968381526274,0.4347826086956522,0.29850746268656714,0.27624309392265195,0.00953316530487136,0.45454545454545453,0.31446540880503143,0.3058103975535168,0.07482126090400287
2016/2017,2016-10-16,Morelia,Cruz Azul,1,1,0,football-data,3.31,3.38,2.34,3.42,3.58,2.4,3.09,3.3,2.24,0.3021148036253776,0.2958579881656805,0.4273504273504274,0.02532321914148561,0.29239766081871343,0.27932960893854747,0.4166666666666667,-0.011606063576072412,0.3236245954692557,0.30303030303030304,0.4464285714285714,0.0730834699281302
2016/2017,2016-10-16,Pachuca,Santos Laguna,3,0,1,football-data,1.58,4.28,6.29,1.65,4.28,6.5,1.57,3.89,5.55,0.6329113924050632,0.2336448598130841,0.1589825119236884,0.025538764141835646,0.6060606060606061,0.2336448598130841,0.15384615384615385,-0.00644838028015593,0.6369426751592356,0.2570694087403599,0.1801801801801802,0.07419226407977564
2016/2017,2016-10-16,Tigres UANL,Necaxa,0,2,-1,football-data,1.64,3.86,6.36,1.67,3.94,6.36,1.61,3.66,5.54,0.6097560975609756,0.2590673575129534,0.15723270440251572,0.026056159476444796,0.5988023952095809,0.25380710659898476,0.15723270440251572,0.00984220621108145,0.6211180124223602,0.27322404371584696,0.18050541516245489,0.07484747130066216
2016/2017,2016-10-16,Toluca,Pumas UNAM,2,1,1,football-data,2.26,3.43,3.44,2.26,3.5,3.65,2.16,3.28,3.28,0.4424778761061947,0.29154518950437314,0.29069767441860467,0.02472074002917246,0.4424778761061947,0.2857142857142857,0.273972602739726,0.0021647645602063115,0.4629629629629629,0.3048780487804878,0.3048780487804878,0.0727190605239385
2016/2017,2016-10-17,Puebla,Guadalajara,0,2,-1,football-data,3.22,3.42,2.37,3.3,3.52,2.39,3.04,3.25,2.29,0.3105590062111801,0.29239766081871343,0.42194092827004215,0.024897595299935738,0.30303030303030304,0.2840909090909091,0.41841004184100417,0.00553125396221632,0.32894736842105265,0.3076923076923077,0.4366812227074236,0.07332089882078385
2016/2017,2016-10-22,Cruz Azul,Puebla,1,2,-1,football-data,1.6,4.21,6.15,1.66,4.21,6.15,1.59,3.88,5.38,0.625,0.23752969121140144,0.16260162601626016,0.025131317227661487,0.6024096385542169,0.23752969121140144,0.16260162601626016,0.0025409557818785178,0.6289308176100629,0.2577319587628866,0.1858736059479554,0.07253638232090487
2016/2017,2016-10-22,Tijuana,Chiapas,2,0,1,football-data,1.36,5.35,9.94,1.45,5.5,10.0,1.35,4.76,8.02,0.7352941176470588,0.1869158878504673,0.1006036217303823,0.022813627227908473,0.6896551724137931,0.18181818181818182,0.1,-0.028526645768024994,0.7407407407407407,0.21008403361344538,0.12468827930174564,0.07551305365593164
2016/2017,2016-10-23,Leon,Morelia,3,1,1,football-data,1.64,4.33,5.41,1.73,4.35,5.41,1.64,3.96,4.74,0.6097560975609756,0.23094688221709006,0.18484288354898337,0.025545863327049112,0.5780346820809249,0.2298850574712644,0.18484288354898337,-0.007237376898827308,0.6097560975609756,0.25252525252525254,0.21097046413502107,0.07325181422124905
2016/2017,2016-10-23,Monterrey,Toluca,1,1,0,football-data,1.68,4.22,5.17,1.75,4.22,5.2,1.66,3.86,4.68,0.5952380952380952,0.23696682464454977,0.19342359767891684,0.025628517561561814,0.5714285714285714,0.23696682464454977,0.1923076923076923,0.0007030883808134547,0.6024096385542169,0.2590673575129534,0.2136752136752137,0.07515220974238401
2016/2017,2016-10-23,Necaxa,Veracruz,3,2,1,football-data,1.61,4.07,6.39,1.68,4.07,6.39,1.59,3.78,5.55,0.6211180124223602,0.24570024570024568,0.1564945226917058,0.02331278081431165,0.5952380952380952,0.24570024570024568,0.1564945226917058,-0.0025671363699533156,0.6289308176100629,0.2645502645502646,0.1801801801801802,0.07366126234050752
2016/2017,2016-10-23,Pumas UNAM,Tigres UANL,1,3,-1,football-data,2.45,3.29,3.2,2.59,3.3,3.2,2.4,3.11,2.97,0.4081632653061224,0.303951367781155,0.3125,0.024614633087277404,0.3861003861003861,0.30303030303030304,0.3125,0.0016306891306892002,0.4166666666666667,0.3215434083601286,0.33670033670033667,0.07491041172713198
2016/2017,2016-10-23,Queretaro,America,1,1,0,football-data,3.52,3.48,2.2,3.6,3.55,2.23,3.29,3.32,2.13,0.2840909090909091,0.28735632183908044,0.45454545454545453,0.0259926854754442,0.2777777777777778,0.28169014084507044,0.4484304932735426,0.007898411896390733,0.303951367781155,0.30120481927710846,0.4694835680751174,0.07463975513338084
2016/2017,2016-10-24,Guadalajara,Pachuca,1,2,-1,football-data,2.37,3.49,3.16,2.42,3.49,3.23,2.31,3.23,3.01,0.42194092827004215,0.28653295128939826,0.3164556962025316,0.024929575761972078,0.4132231404958678,0.28653295128939826,0.30959752321981426,0.009353615005080362,0.4329004329004329,0.30959752321981426,0.33222591362126247,0.07472386974150957
2016/2017,2016-10-24,Santos Laguna,Atlas,2,2,0,football-data,2.23,3.42,3.53,2.23,3.5,3.7,2.1,3.31,3.37,0.4484304932735426,0.29239766081871343,0.28328611898017,0.024114273072425974,0.4484304932735426,0.2857142857142857,0.27027027027027023,0.004415049258098547,0.47619047619047616,0.3021148036253776,0.29673590504451036,0.07504118486036426
2016/2017,2016-10-29,Chiapas,Queretaro,1,2,-1,football-data,2.5,3.29,3.11,2.75,3.3,3.34,2.43,3.12,2.88,0.4,0.303951367781155,0.3215434083601286,0.025494776141283815,0.36363636363636365,0.30303030303030304,0.29940119760479045,-0.03393213572854281,0.4115226337448559,0.3205128205128205,0.3472222222222222,0.07925767647989845
2016/2017,2016-10-29,Veracruz,Pumas UNAM,1,4,-1,football-data,3.27,3.51,2.3,3.27,3.65,2.4,3.03,3.37,2.23,0.3058103975535168,0.2849002849002849,0.4347826086956522,0.025493291149453867,0.3058103975535168,0.273972602739726,0.4166666666666667,-0.0035503330400905586,0.33003300330033003,0.29673590504451036,0.4484304932735426,0.07519940161838301
2016/2017,2016-10-30,America,Santos Laguna,3,1,1,football-data,1.55,4.52,6.35,1.6,4.52,6.64,1.52,4.07,5.78,0.6451612903225806,0.22123893805309736,0.15748031496062992,0.023880543336307847,0.625,0.22123893805309736,0.15060240963855423,-0.003158652308348442,0.6578947368421053,0.24570024570024568,0.17301038062283736,0.0766053631651884
2016/2017,2016-10-30,Guadalajara,Cruz Azul,3,2,1,football-data,2.09,3.26,4.16,2.15,3.35,4.16,2.05,3.19,3.63,0.47846889952153115,0.3067484662576687,0.24038461538461536,0.02560198116381529,0.46511627906976744,0.29850746268656714,0.24038461538461536,0.004008357140949936,0.48780487804878053,0.31347962382445144,0.27548209366391185,0.07676659553714371
2016/2017,2016-10-30,Morelia,Necaxa,2,1,1,football-data,2.65,3.28,2.92,3.07,3.4,3.12,2.59,3.07,2.74,0.37735849056603776,0.3048780487804878,0.3424657534246575,0.024702292771183076,0.32573289902280134,0.29411764705882354,0.3205128205128205,-0.059636633405554695,0.3861003861003861,0.32573289902280134,0.36496350364963503,0.07679678877282248
2016/2017,2016-10-30,Pachuca,Atlas,3,2,1,football-data,1.53,4.49,6.63,1.64,4.49,7.0,1.51,4.07,6.09,0.6535947712418301,0.22271714922048996,0.15082956259426847,0.027141483056588367,0.6097560975609756,0.22271714922048996,0.14285714285714285,-0.024669610361391703,0.6622516556291391,0.24570024570024568,0.16420361247947454,0.07215551380885943
2016/2017,2016-10-30,Tigres UANL,Monterrey,1,1,0,football-data,2.01,3.56,4.04,2.48,4.16,4.04,2.02,3.33,3.54,0.49751243781094534,0.2808988764044944,0.24752475247524752,0.025936066690687376,0.40322580645161293,0.24038461538461536,0.24752475247524752,-0.10886482568852418,0.49504950495049505,0.3003003003003003,0.2824858757062147,0.07783568095700999
2016/2017,2016-10-30,Toluca,Tijuana,0,1,-1,football-data,2.17,3.49,3.6,2.45,3.49,3.72,2.16,3.27,3.28,0.4608294930875576,0.28653295128939826,0.2777777777777778,0.02514022215473366,0.4081632653061224,0.28653295128939826,0.26881720430107525,-0.03648657910340414,0.4629629629629629,0.3058103975535168,0.3048780487804878,0.07365140929696756
2016/2017,2016-10-31,Puebla,Leon,2,2,0,football-data,3.08,3.6,2.37,3.15,3.6,2.46,2.91,3.33,2.31,0.3246753246753247,0.2777777777777778,0.42194092827004215,0.0243940307231445,0.31746031746031744,0.2777777777777778,0.4065040650406504,0.0017421602787455193,0.3436426116838488,0.3003003003003003,0.4329004329004329,0.076843344884582
2016/2017,2016-11-05,Cruz Azul,Pachuca,2,1,1,football-data,3.01,3.58,2.42,3.02,3.58,2.61,2.82,3.32,2.39,0.33222591362126247,0.27932960893854747,0.4132231404958678,0.024778663055677663,0.33112582781456956,0.27932960893854747,0.3831417624521073,-0.0064028007947757315,0.3546099290780142,0.30120481927710846,0.41841004184100417,0.07422479019612682
2016/2017,2016-11-05,Queretaro,Toluca,2,3,-1,football-data,3.02,3.29,2.56,3.02,3.3,2.66,2.78,3.18,2.49,0.33112582781456956,0.303951367781155,0.390625,0.02570219559572462,0.33112582781456956,0.30303030303030304,0.37593984962406013,0.010095980468932897,0.3597122302158274,0.31446540880503143,0.4016064257028112,0.07578406472367005
2016/2017,2016-11-05,Tijuana,Tigres UANL,0,1,-1,football-data,2.91,3.16,2.74,3.0,3.2,2.81,2.79,3.02,2.59,0.3436426116838488,0.3164556962025316,0.36496350364963503,0.0250618115360155,0.3333333333333333,0.3125,0.35587188612099646,0.001705219454329665,0.35842293906810035,0.33112582781456956,0.3861003861003861,0.07564915298305586
2016/2017,2016-11-06,Atlas,America,1,1,0,football-data,3.29,3.53,2.28,3.29,3.62,2.38,3.09,3.26,2.24,0.303951367781155,0.28328611898017,0.4385964912280702,0.02583397798939524,0.303951367781155,0.27624309392265195,0.42016806722689076,0.0003625289306976587,0.3236245954692557,0.3067484662576687,0.4464285714285714,0.07680163315549571
2016/2017,2016-11-06,Leon,Guadalajara,1,1,0,football-data,2.19,3.42,3.61,2.19,3.5,3.86,2.09,3.32,3.36,0.4566210045662101,0.29239766081871343,0.2770083102493075,0.026026975634231064,0.4566210045662101,0.2857142857142857,0.2590673575129534,0.0014026477934492299,0.47846889952153115,0.30120481927710846,0.2976190476190476,0.07729276641768723
2016/2017,2016-11-06,Monterrey,Veracruz,4,0,1,football-data,1.26,6.69,12.3,1.3,6.69,12.3,1.24,5.88,10.15,0.7936507936507936,0.14947683109118085,0.08130081300813008,0.024428437750104504,0.7692307692307692,0.14947683109118085,0.08130081300813008,8.413330080170311e-06,0.8064516129032259,0.17006802721088435,0.09852216748768472,0.07504180760179491
2016/2017,2016-11-06,Necaxa,Puebla,3,1,1,football-data,1.93,3.56,4.42,1.93,3.75,4.54,1.84,3.48,4.12,0.5181347150259068,0.2808988764044944,0.22624434389140272,0.025277935321804,0.5181347150259068,0.26666666666666666,0.22026431718061673,0.005065698873190083,0.5434782608695652,0.28735632183908044,0.24271844660194175,0.07355302931058727
2016/2017,2016-11-06,Pumas UNAM,Morelia,1,1,0,football-data,1.63,4.24,5.69,1.69,4.25,5.69,1.61,3.96,5.0,0.6134969325153374,0.23584905660377356,0.17574692442882248,0.025092913547933415,0.591715976331361,0.23529411764705882,0.17574692442882248,0.0027570184072422954,0.6211180124223602,0.25252525252525254,0.2,0.07364326494761264
2016/2017,2016-11-07,Santos Laguna,Chiapas,2,0,1,football-data,1.48,4.69,7.31,1.73,4.69,7.5,1.48,4.18,6.33,0.6756756756756757,0.21321961620469082,0.13679890560875513,0.025694197489121606,0.5780346820809249,0.21321961620469082,0.13333333333333333,-0.07541236838105103,0.6756756756756757,0.23923444976076558,0.1579778830963665,0.07288800853280764
2016/2017,2016-11-19,Chiapas,Atlas,1,0,1,football-data,2.8,3.52,2.61,2.8,3.52,2.66,2.65,3.3,2.54,0.35714285714285715,0.2840909090909091,0.3831417624521073,0.02437552868587356,0.35714285714285715,0.2840909090909091,0.37593984962406013,0.017173615857826396,0.37735849056603776,0.30303030303030304,0.39370078740157477,0.07408958099791563
2016/2017,2016-11-19,Cruz Azul,Leon,2,3,-1,football-data,2.77,3.52,2.63,2.94,3.6,2.63,2.63,3.34,2.53,0.36101083032490977,0.2840909090909091,0.3802281368821293,0.02532987629794814,0.3401360544217687,0.2777777777777778,0.3802281368821293,-0.0018580309183241495,0.3802281368821293,0.29940119760479045,0.3952569169960475,0.07488625148296713
2016/2017,2016-11-19,Veracruz,Tijuana,2,1,1,football-data,3.89,3.55,2.06,4.05,3.72,2.1,3.56,3.4,2.01,0.2570694087403599,0.28169014084507044,0.4854368932038835,0.024196442789313766,0.2469135802469136,0.26881720430107525,0.47619047619047616,-0.008078739261535017,0.2808988764044944,0.29411764705882354,0.49751243781094534,0.07252896127426345
2016/2017,2016-11-20,Guadalajara,Necaxa,1,1,0,football-data,2.11,3.25,4.1,2.19,3.4,4.5,2.02,3.16,3.83,0.47393364928909953,0.3076923076923077,0.24390243902439027,0.025528396005797482,0.4566210045662101,0.29411764705882354,0.2222222222222222,-0.027039126152744175,0.49504950495049505,0.3164556962025316,0.2610966057441253,0.0726018068971519
2016/2017,2016-11-20,Morelia,Monterrey,1,2,-1,football-data,4.01,4.22,1.85,4.2,4.3,1.91,3.76,3.83,1.83,0.24937655860349128,0.23696682464454977,0.5405405405405405,0.0268839237885814,0.23809523809523808,0.23255813953488372,0.5235602094240838,-0.005786412945794406,0.26595744680851063,0.2610966057441253,0.5464480874316939,0.07350213998432986
2016/2017,2016-11-20,Pachuca,America,3,3,0,football-data,2.02,3.69,3.88,2.02,3.71,4.05,1.94,3.49,3.69,0.49504950495049505,0.2710027100271003,0.2577319587628866,0.02378417374048203,0.49504950495049505,0.2695417789757412,0.2469135802469136,0.011504864173149887,0.5154639175257733,0.28653295128939826,0.2710027100271003,0.0729995788422717
2016/2017,2016-11-20,Tigres UANL,Queretaro,1,2,-1,football-data,1.46,4.63,8.16,1.48,4.7,8.8,1.44,4.26,7.03,0.684931506849315,0.2159827213822894,0.12254901960784313,0.023463247839447643,0.6756756756756757,0.2127659574468085,0.11363636363636363,0.0020779967588477888,0.6944444444444444,0.2347417840375587,0.14224751066856328,0.07143373915056639
2016/2017,2016-11-20,Toluca,Santos Laguna,1,2,-1,football-data,1.5,4.49,7.44,1.55,4.49,7.44,1.49,4.09,6.35,0.6666666666666666,0.22271714922048996,0.13440860215053763,0.023792418037694052,0.6451612903225806,0.22271714922048996,0.13440860215053763,0.0022870416936080495,0.6711409395973155,0.24449877750611249,0.15748031496062992,0.07312003206405793
2016/2017,2016-11-21,Puebla,Pumas UNAM,0,3,-1,football-data,3.48,3.82,2.1,3.6,3.82,2.15,3.34,3.5,2.05,0.28735632183908044,0.2617801047120419,0.47619047619047616,0.025326902741598545,0.2777777777777778,0.2617801047120419,0.46511627906976744,0.004674161559587109,0.29940119760479045,0.2857142857142857,0.48780487804878053,0.07292036136785662
2016/2017,2016-11-24,Leon,Tijuana,3,0,1,football-data,1.97,3.55,4.25,2.02,3.67,4.25,1.92,3.4,3.82,0.5076142131979695,0.28169014084507044,0.23529411764705882,0.024598471690098878,0.49504950495049505,0.2724795640326976,0.23529411764705882,0.002823186630251495,0.5208333333333334,0.29411764705882354,0.2617801047120419,0.07673108510419868
2016/2017,2016-11-24,Pumas UNAM,Tigres UANL,2,2,0,football-data,2.54,3.3,3.05,2.55,3.3,3.22,2.43,3.13,2.91,0.39370078740157477,0.30303030303030304,0.3278688524590164,0.024599942890894066,0.3921568627450981,0.30303030303030304,0.3105590062111801,0.005746171986581228,0.4115226337448559,0.3194888178913738,0.3436426116838488,0.07465406332007851
2016/2017,2016-11-25,America,Guadalajara,1,1,0,football-data,2.65,3.11,3.06,2.8,3.35,3.5,2.48,3.01,3.0,0.37735849056603776,0.3215434083601286,0.32679738562091504,0.02569928454708137,0.35714285714285715,0.29850746268656714,0.2857142857142857,-0.05863539445628996,0.40322580645161293,0.33222591362126247,0.3333333333333333,0.06878505340620866
2016/2017,2016-11-25,Necaxa,Pachuca,2,1,1,football-data,2.71,3.26,2.87,2.86,3.28,2.87,2.68,3.11,2.63,0.36900369003690037,0.3067484662576687,0.3484320557491289,0.024184212043697917,0.3496503496503497,0.3048780487804878,0.3484320557491289,0.0029604541799663764,0.3731343283582089,0.3215434083601286,0.3802281368821293,0.07490587360046685
2016/2017,2016-11-27,Tigres UANL,Pumas UNAM,5,0,1,football-data,1.75,3.82,5.23,1.85,3.82,5.3,1.75,3.58,4.49,0.5714285714285714,0.2617801047120419,0.19120458891013384,0.024413265050747146,0.5405405405405405,0.2617801047120419,0.18867924528301888,-0.009000109464398776,0.5714285714285714,0.27932960893854747,0.22271714922048996,0.07347532958760894
2016/2017,2016-11-27,Tijuana,Leon,3,2,1,football-data,1.98,3.92,3.78,1.98,4.06,4.0,1.93,3.65,3.56,0.5050505050505051,0.25510204081632654,0.2645502645502646,0.02470281041709632,0.5050505050505051,0.24630541871921185,0.25,0.001355923769716938,0.5181347150259068,0.273972602739726,0.2808988764044944,0.07300619417012721
2016/2017,2016-11-28,Guadalajara,America,0,1,-1,football-data,2.35,3.3,3.38,2.4,3.35,3.6,2.23,3.16,3.23,0.425531914893617,0.30303030303030304,0.2958579881656805,0.024420206089600605,0.4166666666666667,0.29850746268656714,0.2777777777777778,-0.0070480928689883315,0.4484304932735426,0.3164556962025316,0.30959752321981426,0.07448371269588838
2016/2017,2016-11-28,Pachuca,Necaxa,0,0,0,football-data,1.62,3.93,6.5,1.75,3.93,6.5,1.66,3.65,5.09,0.6172839506172839,0.2544529262086514,0.15384615384615385,0.025583030672089002,0.5714285714285714,0.2544529262086514,0.15384615384615385,-0.020272348516623295,0.6024096385542169,0.273972602739726,0.19646365422396858,0.07284589551791143
2016/2017,2016-12-01,Leon,Tigres UANL,0,1,-1,football-data,2.78,3.27,2.78,2.78,3.27,3.13,2.62,3.08,2.7,0.3597122302158274,0.3058103975535168,0.3597122302158274,0.025234857985171555,0.3597122302158274,0.3058103975535168,0.3194888178913738,-0.014988554339282034,0.38167938931297707,0.3246753246753247,0.37037037037037035,0.0767250843586722
2016/2017,2016-12-02,Necaxa,America,1,1,0,football-data,2.58,3.05,3.23,2.58,3.2,3.25,2.43,2.99,3.03,0.38759689922480617,0.3278688524590164,0.30959752321981426,0.0250632749036368,0.38759689922480617,0.3125,0.3076923076923077,0.007789206917113933,0.4115226337448559,0.33444816053511706,0.33003300330033003,0.07600379758030296
2016/2017,2016-12-04,Tigres UANL,Leon,2,1,1,football-data,1.81,3.93,4.6,1.86,4.0,4.6,1.78,3.7,4.13,0.5524861878453039,0.2544529262086514,0.2173913043478261,0.024330418401781406,0.5376344086021505,0.25,0.2173913043478261,0.005025712949976668,0.5617977528089888,0.27027027027027023,0.24213075060532688,0.07419877368458594
2016/2017,2016-12-05,America,Necaxa,2,0,1,football-data,2.21,3.35,3.64,2.23,3.47,3.68,2.14,3.26,3.35,0.45248868778280543,0.29850746268656714,0.2747252747252747,0.02572142519464715,0.4484304932735426,0.2881844380403458,0.2717391304347826,0.008354061748671038,0.4672897196261682,0.3067484662576687,0.29850746268656714,0.07254564857040413
2016/2017,2016-12-23,America,Tigres UANL,1,1,0,football-data,2.71,3.07,3.01,2.76,3.2,3.05,2.59,2.99,2.82,0.36900369003690037,0.32573289902280134,0.33222591362126247,0.026962502680964118,0.3623188405797102,0.3125,0.3278688524590164,0.002687693038726735,0.3861003861003861,0.33444816053511706,0.3546099290780142,0.0751584757135173
2016/2017,2016-12-26,Tigres UANL,America,0,0,0,football-data,1.89,3.4,4.91,2.0,3.5,5.3,1.88,3.28,4.23,0.5291005291005292,0.29411764705882354,0.20366598778004072,0.026884163939393302,0.5,0.2857142857142857,0.18867924528301888,-0.025606469002695365,0.5319148936170213,0.3048780487804878,0.23640661938534277,0.07319956178285181
2016/2017,2017-01-07,Cruz Azul,Necaxa,1,0,1,football-data,2.0,3.4,4.34,2.01,3.5,4.34,1.94,3.29,3.92,0.5,0.29411764705882354,0.2304147465437788,0.024532393602602287,0.49751243781094534,0.2857142857142857,0.2304147465437788,0.013641470069009731,0.5154639175257733,0.303951367781155,0.25510204081632654,0.07451732612325479
2016/2017,2017-01-07,Veracruz,Queretaro,1,0,1,football-data,3.51,3.36,2.26,3.51,3.47,2.5,3.08,3.24,2.28,0.2849002849002849,0.2976190476190476,0.4424778761061947,0.024997208625527234,0.2849002849002849,0.2881844380403458,0.4,-0.026915277059369247,0.3246753246753247,0.30864197530864196,0.4385964912280702,0.07191379121203689
2016/2017,2017-01-08,Guadalajara,Pumas UNAM,2,1,1,football-data,,,,1.82,3.76,5.2,1.76,3.49,4.57,,,,,0.5494505494505494,0.26595744680851063,0.1923076923076923,0.007715688566752199,0.5681818181818182,0.28653295128939826,0.2188183807439825,0.07353315021519902
2016/2017,2017-01-08,Leon,Pachuca,2,4,-1,football-data,2.56,3.65,2.77,2.56,3.65,2.86,2.45,3.38,2.7,0.390625,0.273972602739726,0.36101083032490977,0.025608433064635783,0.390625,0.273972602739726,0.3496503496503497,0.014247952390075813,0.4081632653061224,0.2958579881656805,0.37037037037037035,0.07439162384217335
2016/2017,2017-01-08,Morelia,Tijuana,2,0,1,football-data,2.46,3.47,3.02,2.54,3.48,3.02,2.41,3.26,2.86,0.4065040650406504,0.2881844380403458,0.33112582781456956,0.025814330895565618,0.39370078740157477,0.28735632183908044,0.33112582781456956,0.012182937055224663,0.41493775933609955,0.3067484662576687,0.3496503496503497,0.07133657524411796
2016/2017,2017-01-08,Tigres UANL,Santos Laguna,0,0,0,football-data,2.24,3.48,3.44,2.46,3.5,3.52,2.26,3.26,3.11,0.4464285714285714,0.28735632183908044,0.29069767441860467,0.024482567686256562,0.4065040650406504,0.2857142857142857,0.2840909090909091,-0.023690740154154843,0.4424778761061947,0.3067484662576687,0.3215434083601286,0.07076975072399216
2016/2017,2017-01-08,Toluca,Atlas,4,1,1,football-data,2.15,3.47,3.69,2.15,3.52,4.36,2.02,3.31,3.6,0.46511627906976744,0.2881844380403458,0.2710027100271003,0.024303427137213562,0.46511627906976744,0.2840909090909091,0.2293577981651376,-0.021435013674185877,0.49504950495049505,0.3021148036253776,0.2777777777777778,0.07494208635365052
2016/2017,2017-01-09,Puebla,Monterrey,2,3,-1,football-data,4.61,4.01,1.79,4.7,4.06,1.81,4.21,3.72,1.77,0.21691973969631234,0.24937655860349128,0.5586592178770949,0.024955516176898618,0.2127659574468085,0.24630541871921185,0.5524861878453039,0.011557564011324128,0.23752969121140144,0.26881720430107525,0.5649717514124294,0.07131864692490608
2016/2017,2017-01-14,Queretaro,Morelia,0,0,0,football-data,1.96,3.67,4.12,2.02,3.87,4.2,1.91,3.51,3.78,0.5102040816326531,0.2724795640326976,0.24271844660194175,0.025402092267292398,0.49504950495049505,0.25839793281653745,0.23809523809523808,-0.008457324137729483,0.5235602094240838,0.2849002849002849,0.2645502645502646,0.07301075887463337
2016/2017,2017-01-14,Tijuana,Puebla,6,2,1,football-data,1.68,3.97,5.58,1.69,4.1,5.58,1.65,3.74,4.97,0.5952380952380952,0.2518891687657431,0.17921146953405018,0.026338733537888404,0.591715976331361,0.24390243902439027,0.17921146953405018,0.014829884889801415,0.6060606060606061,0.267379679144385,0.2012072434607646,0.07464752866575575
2016/2017,2017-01-15,Atlas,Tigres UANL,2,0,1,football-data,3.66,3.36,2.2,3.87,3.36,2.25,3.46,3.17,2.13,0.27322404371584696,0.2976190476190476,0.45454545454545453,0.02538854588034911,0.25839793281653745,0.2976190476190476,0.4444444444444444,0.0004614248800294263,0.28901734104046245,0.31545741324921134,0.4694835680751174,0.07395832236479105
2016/2017,2017-01-15,Monterrey,Guadalajara,2,2,0,football-data,2.08,3.64,3.72,2.08,3.77,4.0,1.97,3.48,3.56,0.4807692307692307,0.2747252747252747,0.26881720430107525,0.024311709795580727,0.4807692307692307,0.26525198938992045,0.25,-0.003978779840848823,0.5076142131979695,0.28735632183908044,0.2808988764044944,0.07586941144154435
2016/2017,2017-01-15,Necaxa,Leon,0,1,-1,football-data,2.34,3.58,3.14,2.38,3.58,3.3,2.26,3.32,3.03,0.4273504273504274,0.27932960893854747,0.3184713375796178,0.025151373868592675,0.42016806722689076,0.27932960893854747,0.30303030303030304,0.0025279791957413256,0.4424778761061947,0.30120481927710846,0.33003300330033003,0.07371569868363315
2016/2017,2017-01-15,Pachuca,Chiapas,1,0,1,football-data,1.38,5.29,8.79,1.38,5.5,9.51,1.35,4.86,7.78,0.7246376811594204,0.1890359168241966,0.11376564277588169,0.027439240759498773,0.7246376811594204,0.18181818181818182,0.10515247108307045,0.011608334060672743,0.7407407407407407,0.20576131687242796,0.12853470437017994,0.07503676198334852
2016/2017,2017-01-15,Pumas UNAM,Cruz Azul,1,0,1,football-data,2.73,3.5,2.68,2.76,3.5,2.88,2.54,3.28,2.66,0.3663003663003663,0.2857142857142857,0.3731343283582089,0.02514898037286084,0.3623188405797102,0.2857142857142857,0.3472222222222222,-0.004744651483781892,0.39370078740157477,0.3048780487804878,0.37593984962406013,0.07451868580612286
2016/2017,2017-01-15,Toluca,America,2,1,1,football-data,2.62,3.5,2.8,2.66,3.5,2.95,2.45,3.26,2.79,0.38167938931297707,0.2857142857142857,0.35714285714285715,0.024536532170119862,0.37593984962406013,0.2857142857142857,0.3389830508474576,0.00063718618580344,0.4081632653061224,0.3067484662576687,0.35842293906810035,0.07333467063189159
2016/2017,2017-01-16,Santos Laguna,Veracruz,2,1,1,football-data,1.61,4.2,6.05,1.62,4.2,6.5,1.57,3.86,5.55,0.6211180124223602,0.23809523809523808,0.1652892561983471,0.024502506715945227,0.6172839506172839,0.23809523809523808,0.15384615384615385,0.009225342558675909,0.6369426751592356,0.2590673575129534,0.1801801801801802,0.07619021285236927
2016/2017,2017-01-21,Cruz Azul,Monterrey,2,2,0,football-data,2.27,3.58,3.27,2.45,3.66,3.27,2.28,3.36,2.96,0.44052863436123346,0.27932960893854747,0.3058103975535168,0.025668640853297564,0.4081632653061224,0.27322404371584696,0.3058103975535168,-0.012802293424513889,0.4385964912280702,0.2976190476190476,0.33783783783783783,0.07405337668495582
2016/2017,2017-01-21,Veracruz,Atlas,1,0,1,football-data,2.7,3.35,2.81,2.75,3.35,3.01,2.58,3.14,2.72,0.37037037037037035,0.29850746268656714,0.35587188612099646,0.024749719177934004,0.36363636363636365,0.29850746268656714,0.33222591362126247,-0.005630260055806691,0.38759689922480617,0.3184713375796178,0.3676470588235294,0.07371529562795343
2016/2017,2017-01-22,Guadalajara,Tijuana,0,1,-1,football-data,1.79,3.6,5.28,1.85,3.68,5.3,1.78,3.41,4.56,0.5586592178770949,0.2777777777777778,0.1893939393939394,0.025830935048812176,0.5405405405405405,0.2717391304347826,0.18867924528301888,0.0009589162583418798,0.5617977528089888,0.29325513196480935,0.2192982456140351,0.07435113038783325
2016/2017,2017-01-22,Leon,Pumas UNAM,0,1,-1,football-data,1.93,3.64,4.27,2.05,3.75,4.3,1.92,3.5,3.73,0.5181347150259068,0.2747252747252747,0.234192037470726,0.02705202722190747,0.48780487804878053,0.26666666666666666,0.23255813953488372,-0.012970315749669115,0.5208333333333334,0.2857142857142857,0.2680965147453083,0.07464413379292734
2016/2017,2017-01-22,Morelia,Santos Laguna,1,1,0,football-data,2.49,3.47,2.99,2.56,3.52,3.1,2.4,3.27,2.85,0.4016064257028112,0.2881844380403458,0.33444816053511706,0.02423902427827418,0.390625,0.2840909090909091,0.3225806451612903,-0.0027034457478005702,0.4166666666666667,0.3058103975535168,0.3508771929824561,0.07335425720263955
2016/2017,2017-01-22,Necaxa,Pachuca,1,0,1,football-data,3.2,3.44,2.38,3.3,3.44,2.46,3.0,3.21,2.33,0.3125,0.29069767441860467,0.42016806722689076,0.02336574164549554,0.30303030303030304,0.29069767441860467,0.4065040650406504,0.00023204248955810414,0.3333333333333333,0.3115264797507788,0.4291845493562232,0.0740443624403353
2016/2017,2017-01-22,Tigres UANL,America,4,2,1,football-data,2.03,3.43,4.15,2.1,3.44,4.35,1.97,3.27,3.82,0.4926108374384237,0.29154518950437314,0.24096385542168672,0.025119882364483592,0.47619047619047616,0.29069767441860467,0.2298850574712644,-0.0032267919196548034,0.5076142131979695,0.3058103975535168,0.2617801047120419,0.07520471546352825
2016/2017,2017-01-22,Toluca,Chiapas,0,1,-1,football-data,1.43,5.07,7.84,1.44,5.2,8.4,1.39,4.57,7.11,0.6993006993006994,0.1972386587771203,0.12755102040816327,0.024090378485982944,0.6944444444444444,0.1923076923076923,0.11904761904761904,0.005799755799755779,0.7194244604316548,0.2188183807439825,0.14064697609001406,0.07888981726565136
2016/2017,2017-01-23,Puebla,Queretaro,0,0,0,football-data,2.65,3.3,2.9,2.75,3.42,2.94,2.51,3.21,2.74,0.37735849056603776,0.30303030303030304,0.3448275862068966,0.025216379803237432,0.36363636363636365,0.29239766081871343,0.3401360544217687,-0.0038299211231542785,0.39840637450199207,0.3115264797507788,0.36496350364963503,0.07489635790240579
2016/2017,2017-01-28,Queretaro,Guadalajara,0,1,-1,football-data,3.14,3.17,2.55,3.14,3.2,2.62,2.93,3.03,2.47,0.3184713375796178,0.31545741324921134,0.3921568627450981,0.026085613573927358,0.3184713375796178,0.3125,0.38167938931297707,0.012650726892594832,0.341296928327645,0.33003300330033003,0.4048582995951417,0.0761882312231168
2016/2017,2017-01-28,Tijuana,Cruz Azul,1,0,1,football-data,2.38,3.38,3.19,2.5,3.44,3.3,2.32,3.18,3.03,0.42016806722689076,0.2958579881656805,0.31347962382445144,0.02950567921702274,0.4,0.29069767441860467,0.30303030303030304,-0.006272022551092382,0.4310344827586207,0.31446540880503143,0.33003300330033003,0.07553289486398218
2016/2017,2017-01-29,America,Veracruz,1,0,1,football-data,1.43,4.89,8.39,1.47,4.89,8.39,1.41,4.46,7.12,0.6993006993006994,0.20449897750511248,0.11918951132300357,0.02298918812881534,0.6802721088435374,0.20449897750511248,0.11918951132300357,0.003960597671653465,0.7092198581560284,0.2242152466367713,0.1404494382022472,0.07388454299504676
2016/2017,2017-01-29,Atlas,Morelia,3,1,1,football-data,2.23,3.5,3.45,2.26,3.5,3.54,2.17,3.27,3.27,0.4484304932735426,0.2857142857142857,0.2898550724637681,0.023999851451596443,0.4424778761061947,0.2857142857142857,0.2824858757062147,0.01067803752669505,0.4608294930875576,0.3058103975535168,0.3058103975535168,0.0724502881945912
2016/2017,2017-01-29,Chiapas,Tigres UANL,1,0,1,football-data,4.59,3.65,1.88,4.59,3.65,1.97,4.09,3.41,1.87,0.2178649237472767,0.273972602739726,0.5319148936170213,0.023752420104024008,0.2178649237472767,0.273972602739726,0.5076142131979695,-0.0005482603150277487,0.24449877750611249,0.29325513196480935,0.53475935828877,0.0725132677596918
2016/2017,2017-01-29,Monterrey,Leon,0,0,0,football-data,1.64,4.39,5.35,1.8,4.39,6.0,1.63,4.02,4.75,0.6097560975609756,0.22779043280182235,0.1869158878504673,0.024462418213265114,0.5555555555555556,0.22779043280182235,0.16666666666666666,-0.04998734497595547,0.6134969325153374,0.24875621890547267,0.21052631578947367,0.07277946721028372
2016/2017,2017-01-29,Pachuca,Toluca,0,0,0,football-data,1.89,3.82,4.26,1.96,3.82,4.4,1.84,3.57,3.96,0.5291005291005292,0.2617801047120419,0.2347417840375587,0.025622417850129864,0.5102040816326531,0.2617801047120419,0.22727272727272727,-0.0007430863825776957,0.5434782608695652,0.2801120448179272,0.25252525252525254,0.07611555821274485
2016/2017,2017-01-29,Pumas UNAM,Necaxa,3,1,1,football-data,2.06,3.45,4.01,2.06,3.52,4.46,1.94,3.3,3.92,0.4854368932038835,0.2898550724637681,0.24937655860349128,0.024668524271142855,0.4854368932038835,0.2840909090909091,0.2242152466367713,-0.006256951068436045,0.5154639175257733,0.30303030303030304,0.25510204081632654,0.07359626137240283
2016/2017,2017-01-30,Santos Laguna,Puebla,2,0,1,football-data,1.85,3.83,4.49,1.85,3.85,5.11,1.76,3.63,4.36,0.5405405405405405,0.2610966057441253,0.22271714922048996,0.024354295505155665,0.5405405405405405,0.2597402597402597,0.19569471624266144,-0.0040244834765383874,0.5681818181818182,0.27548209366391185,0.2293577981651376,0.07302171001086766
2016/2017,2017-02-04,Cruz Azul,Queretaro,1,1,0,football-data,1.69,4.0,5.4,1.73,4.2,6.0,1.65,3.71,5.05,0.591715976331361,0.25,0.18518518518518517,0.0269011615165462,0.5780346820809249,0.23809523809523808,0.16666666666666666,-0.017203413157170444,0.6060606060606061,0.2695417789757412,0.19801980198019803,0.07362218701654522
2016/2017,2017-02-04,Puebla,Atlas,1,1,0,football-data,2.78,3.35,2.72,2.78,3.36,2.85,2.61,3.16,2.67,0.3597122302158274,0.29850746268656714,0.3676470588235294,0.025866751725923898,0.3597122302158274,0.2976190476190476,0.3508771929824561,0.008208470817331115,0.3831417624521073,0.3164556962025316,0.37453183520599254,0.0741292938606315
2016/2017,2017-02-04,Veracruz,Chiapas,2,0,1,football-data,2.29,3.43,3.36,2.29,3.47,3.47,2.2,3.23,3.2,0.4366812227074236,0.29154518950437314,0.2976190476190476,0.02584545983084441,0.4366812227074236,0.2881844380403458,0.2881844380403458,0.01305009878811525,0.45454545454545453,0.30959752321981426,0.3125,0.07664297776526885
2016/2017,2017-02-05,Guadalajara,Santos Laguna,1,1,0,football-data,1.79,3.68,5.16,1.83,3.68,5.75,1.75,3.45,4.76,0.5586592178770949,0.2717391304347826,0.19379844961240308,0.024196797924280533,0.5464480874316939,0.2717391304347826,0.17391304347826086,-0.007899738655262611,0.5714285714285714,0.2898550724637681,0.21008403361344538,0.07136767750578477
2016/2017,2017-02-05,Leon,Tijuana,2,4,-1,football-data,1.71,4.08,5.12,1.85,4.08,5.12,1.75,3.67,4.4,0.5847953216374269,0.24509803921568626,0.1953125,0.02520586085311316,0.5405405405405405,0.24509803921568626,0.1953125,-0.01904892024377325,0.5714285714285714,0.2724795640326976,0.22727272727272727,0.07118086273399626
2016/2017,2017-02-05,Morelia,America,0,2,-1,football-data,2.99,3.6,2.42,3.1,3.6,2.45,2.86,3.3,2.36,0.33444816053511706,0.2777777777777778,0.4132231404958678,0.025449078808762682,0.3225806451612903,0.2777777777777778,0.4081632653061224,0.008521688245190617,0.3496503496503497,0.30303030303030304,0.42372881355932207,0.0764094662399748
2016/2017,2017-02-05,Necaxa,Monterrey,1,1,0,football-data,3.2,3.49,2.35,3.2,3.49,2.44,3.01,3.25,2.3,0.3125,0.28653295128939826,0.425531914893617,0.024564866183015344,0.3125,0.28653295128939826,0.4098360655737705,0.008869016863168877,0.33222591362126247,0.3076923076923077,0.4347826086956522,0.07470083000922223
2016/2017,2017-02-05,Pumas UNAM,Pachuca,1,1,0,football-data,3.16,3.54,2.35,3.16,3.54,2.7,2.82,3.29,2.41,0.3164556962025316,0.2824858757062147,0.425531914893617,0.024473486802363276,0.3164556962025316,0.2824858757062147,0.37037037037037035,-0.030688057720883344,0.3546099290780142,0.303951367781155,0.41493775933609955,0.07349905619526886
2016/2017,2017-02-05,Tigres UANL,Toluca,0,1,-1,football-data,1.78,3.84,4.9,1.81,3.84,5.05,1.75,3.53,4.62,0.5617977528089888,0.2604166666666667,0.2040816326530612,0.026296052128716774,0.5524861878453039,0.2604166666666667,0.19801980198019803,0.010922656492168503,0.5714285714285714,0.28328611898017,0.21645021645021645,0.07116490685895771
2016/2017,2017-02-08,Chiapas,America,2,0,1,football-data,3.49,3.47,2.22,3.5,3.52,2.23,3.28,3.3,2.14,0.28653295128939826,0.2881844380403458,0.4504504504504504,0.025167839780194434,0.2857142857142857,0.2840909090909091,0.4484304932735426,0.018235688078737322,0.3048780487804878,0.30303030303030304,0.4672897196261682,0.07519807143695911
2016/2017,2017-02-11,Queretaro,Leon,2,1,1,football-data,2.81,3.39,2.68,2.81,3.42,2.75,2.65,3.21,2.59,0.35587188612099646,0.2949852507374631,0.3731343283582089,0.023991465216668395,0.35587188612099646,0.29239766081871343,0.36363636363636365,0.011905910576073708,0.37735849056603776,0.3115264797507788,0.3861003861003861,0.07498535641720272
2016/2017,2017-02-11,Tijuana,Necaxa,1,2,-1,football-data,1.73,3.73,5.57,1.8,3.84,5.57,1.7,3.43,5.07,0.5780346820809249,0.2680965147453083,0.17953321364452424,0.025664410470757515,0.5555555555555556,0.2604166666666667,0.17953321364452424,-0.0044945641332534425,0.5882352941176471,0.29154518950437314,0.1972386587771203,0.07701914239914043
2016/2017,2017-02-12,America,Puebla,0,0,0,football-data,1.56,4.15,6.92,1.6,4.33,7.15,1.54,3.96,5.82,0.641025641025641,0.24096385542168672,0.14450867052023122,0.026498166967559023,0.625,0.23094688221709006,0.13986013986013984,-0.004192977922770069,0.6493506493506493,0.25252525252525254,0.1718213058419244,0.0736972077178264
2016/2017,2017-02-12,Atlas,Guadalajara,1,2,-1,football-data,3.12,3.0,2.69,3.18,3.04,2.69,2.96,2.92,2.52,0.3205128205128205,0.3333333333333333,0.3717472118959108,0.02559336574206461,0.31446540880503143,0.32894736842105265,0.3717472118959108,0.015159989121994899,0.33783783783783783,0.3424657534246575,0.3968253968253968,0.07712898808789204
2016/2017,2017-02-12,Chiapas,Morelia,1,2,-1,football-data,2.29,3.51,3.3,2.4,3.51,3.36,2.26,3.27,3.06,0.4366812227074236,0.2849002849002849,0.30303030303030304,0.024611810638011544,0.4166666666666667,0.2849002849002849,0.2976190476190476,-0.0008140008140007371,0.4424778761061947,0.3058103975535168,0.32679738562091504,0.0750856592806266
2016/2017,2017-02-12,Monterrey,Pumas UNAM,2,0,1,football-data,1.61,4.41,5.63,1.66,4.45,6.0,1.59,4.08,5.05,0.6211180124223602,0.22675736961451246,0.17761989342806395,0.025495275464936462,0.6024096385542169,0.2247191011235955,0.16666666666666666,-0.006204593655520951,0.6289308176100629,0.24509803921568626,0.19801980198019803,0.07204865880594724
2016/2017,2017-02-12,Pachuca,Tigres UANL,1,0,1,football-data,2.31,3.36,3.39,2.33,3.36,3.5,2.22,3.21,3.19,0.4329004329004329,0.2976190476190476,0.2949852507374631,0.025504731256943636,0.4291845493562232,0.2976190476190476,0.2857142857142857,0.012517882689556448,0.4504504504504504,0.3115264797507788,0.31347962382445144,0.07545655402568063
2016/2017,2017-02-12,Toluca,Veracruz,1,0,1,football-data,1.53,4.44,6.9,1.71,4.44,7.0,1.51,4.07,6.0,0.6535947712418301,0.2252252252252252,0.14492753623188406,0.023747532698939366,0.5847953216374269,0.2252252252252252,0.14285714285714285,-0.04712231028020519,0.6622516556291391,0.24570024570024568,0.16666666666666666,0.0746185679960516
2016/2017,2017-02-13,Santos Laguna,Cruz Azul,2,2,0,football-data,2.66,3.36,2.85,2.75,3.37,2.96,2.51,3.16,2.77,0.37593984962406013,0.2976190476190476,0.3508771929824561,0.02443609022556381,0.36363636363636365,0.29673590504451036,0.33783783783783783,-0.0017898934812882183,0.39840637450199207,0.3164556962025316,0.36101083032490977,0.07587290102943345
2016/2017,2017-02-18,Cruz Azul,Atlas,0,1,-1,football-data,1.58,4.05,6.92,1.65,4.05,7.0,1.56,3.77,6.01,0.6329113924050632,0.2469135802469136,0.14450867052023122,0.024333643172208097,0.6060606060606061,0.2469135802469136,0.14285714285714285,-0.004168670835337451,0.641025641025641,0.26525198938992045,0.1663893510815308,0.07266698149709216
2016/2017,2017-02-18,Veracruz,Tigres UANL,0,3,-1,football-data,3.87,3.32,2.15,4.0,3.52,2.16,3.62,3.22,2.05,0.25839793281653745,0.30120481927710846,0.46511627906976744,0.02471903116341334,0.25,0.2840909090909091,0.4629629629629629,-0.002946127946127919,0.27624309392265195,0.3105590062111801,0.48780487804878053,0.07460697818261264
2016/2017,2017-02-19,Guadalajara,America,1,0,1,football-data,2.27,3.19,3.71,2.28,3.3,3.75,2.18,3.12,3.39,0.44052863436123346,0.31347962382445144,0.2695417789757412,0.02355003716142612,0.4385964912280702,0.30303030303030304,0.26666666666666666,0.008293460925039797,0.4587155963302752,0.3205128205128205,0.2949852507374631,0.0742136675805587
2016/2017,2017-02-19,Leon,Santos Laguna,2,2,0,football-data,2.0,3.77,3.86,2.0,3.86,4.0,1.92,3.54,3.67,0.5,0.26525198938992045,0.2590673575129534,0.02431934690287374,0.5,0.2590673575129534,0.25,0.0090673575129534,0.5208333333333334,0.2824858757062147,0.2724795640326976,0.07579877307224558
2016/2017,2017-02-19,Monterrey,Pachuca,1,0,1,football-data,1.75,3.77,5.31,1.94,3.77,5.31,1.8,3.49,4.34,0.5714285714285714,0.26525198938992045,0.18832391713747648,0.025004477955968385,0.5154639175257733,0.26525198938992045,0.18832391713747648,-0.03096017594682987,0.5555555555555556,0.28653295128939826,0.2304147465437788,0.07250325338873265
2016/2017,2017-02-19,Morelia,Toluca,1,2,-1,football-data,3.14,3.44,2.4,3.22,3.44,2.45,2.97,3.24,2.32,0.3184713375796178,0.29069767441860467,0.4166666666666667,0.025835678664889228,0.3105590062111801,0.29069767441860467,0.4081632653061224,0.009419945935907226,0.33670033670033667,0.30864197530864196,0.4310344827586207,0.07637679476759929
2016/2017,2017-02-19,Necaxa,Queretaro,1,4,-1,football-data,2.2,3.3,3.75,2.22,3.38,3.98,2.09,3.17,3.56,0.45454545454545453,0.30303030303030304,0.26666666666666666,0.024242424242424176,0.4504504504504504,0.2958579881656805,0.25125628140703515,-0.002435279976833904,0.47846889952153115,0.31545741324921134,0.2808988764044944,0.07482518917523695
2016/2017,2017-02-19,Puebla,Chiapas,3,0,1,football-data,2.13,3.49,3.72,2.18,3.58,3.8,2.05,3.32,3.52,0.4694835680751174,0.28653295128939826,0.26881720430107525,0.02483372366559089,0.4587155963302752,0.27932960893854747,0.2631578947368421,0.0012031000056647034,0.48780487804878053,0.30120481927710846,0.2840909090909091,0.07310060641679805
2016/2017,2017-02-19,Pumas UNAM,Tijuana,3,3,0,football-data,1.96,3.63,4.19,2.05,3.7,4.19,1.94,3.41,3.79,0.5102040816326531,0.27548209366391185,0.2386634844868735,0.024349659783438504,0.48780487804878053,0.27027027027027023,0.2386634844868735,-0.0032613671940757705,0.5154639175257733,0.29325513196480935,0.2638522427440633,0.07257129223464598
2016/2017,2017-02-25,Queretaro,Pumas UNAM,4,3,1,football-data,2.53,3.25,3.11,2.56,3.35,3.15,2.41,3.14,2.93,0.3952569169960475,0.3076923076923077,0.3215434083601286,0.024492633048483814,0.390625,0.29850746268656714,0.31746031746031744,0.00659278014688458,0.41493775933609955,0.3184713375796178,0.341296928327645,0.07470602524336245
2016/2017,2017-02-25,Tijuana,Monterrey,2,0,1,football-data,3.2,3.22,2.49,3.2,3.35,2.62,2.93,3.16,2.38,0.3125,0.3105590062111801,0.4016064257028112,0.024665431913991176,0.3125,0.29850746268656714,0.38167938931297707,-0.007313148000455794,0.341296928327645,0.3164556962025316,0.42016806722689076,0.0779206917570674
2016/2017,2017-02-26,America,Cruz Azul,2,0,1,football-data,2.81,3.26,2.76,2.92,3.34,2.85,2.65,3.12,2.66,0.35587188612099646,0.3067484662576687,0.3623188405797102,0.024939192958375322,0.3424657534246575,0.29940119760479045,0.3508771929824561,-0.007255855988095972,0.37735849056603776,0.3205128205128205,0.37593984962406013,0.07381116070291838
2016/2017,2017-02-26,Atlas,Leon,2,0,1,football-data,2.76,3.39,2.72,2.76,3.57,2.74,2.63,3.26,2.58,0.3623188405797102,0.2949852507374631,0.3676470588235294,0.024951150140702705,0.3623188405797102,0.2801120448179272,0.36496350364963503,0.007394389047272298,0.3802281368821293,0.3067484662576687,0.38759689922480617,0.07457350236460414
2016/2017,2017-02-26,Chiapas,Guadalajara,4,3,1,football-data,4.09,3.49,2.03,4.09,3.5,2.06,3.71,3.34,1.98,0.24449877750611249,0.28653295128939826,0.4926108374384237,0.02364256623393457,0.24449877750611249,0.2857142857142857,0.4854368932038835,0.015649956424281797,0.2695417789757412,0.29940119760479045,0.5050505050505051,0.07399348163103658
2016/2017,2017-02-26,Pachuca,Veracruz,1,0,1,football-data,1.4,4.93,9.35,1.44,4.95,9.91,1.39,4.42,7.68,0.7142857142857143,0.20283975659229211,0.10695187165775401,0.02407734253576055,0.6944444444444444,0.20202020202020202,0.10090817356205853,-0.0026271799732950907,0.7194244604316548,0.22624434389140272,0.13020833333333334,0.0758771376563907
2016/2017,2017-02-26,Tigres UANL,Morelia,1,1,0,football-data,1.57,4.31,6.43,1.6,4.33,6.5,1.54,3.99,5.7,0.6369426751592356,0.2320185614849188,0.15552099533437014,0.024482231978524727,0.625,0.23094688221709006,0.15384615384615385,0.009793036063243887,0.6493506493506493,0.2506265664160401,0.17543859649122806,0.07541581225791738
2016/2017,2017-02-26,Toluca,Puebla,1,3,-1,football-data,1.79,3.73,5.04,1.83,3.82,5.3,1.74,3.5,4.69,0.5586592178770949,0.2680965147453083,0.1984126984126984,0.02516843103510169,0.5464480874316939,0.2617801047120419,0.18867924528301888,-0.0030925625732454165,0.5747126436781609,0.2857142857142857,0.21321961620469082,0.07364654559713735
2016/2017,2017-02-27,Santos Laguna,Necaxa,2,2,0,football-data,1.91,3.6,4.47,1.95,3.7,4.47,1.88,3.43,4.0,0.5235602094240838,0.2777777777777778,0.2237136465324385,0.025051633734300083,0.5128205128205129,0.27027027027027023,0.2237136465324385,0.006804429623221697,0.5319148936170213,0.29154518950437314,0.25,0.07346008312139451
2016/2017,2017-03-04,Cruz Azul,Chiapas,2,0,1,football-data,1.49,4.46,7.64,1.56,4.46,8.5,1.48,4.08,6.62,0.6711409395973155,0.2242152466367713,0.13089005235602094,0.026246238590107662,0.641025641025641,0.2242152466367713,0.11764705882352941,-0.017112053514058312,0.6756756756756757,0.24509803921568626,0.1510574018126888,0.07183111670405085
2016/2017,2017-03-04,Tijuana,Pachuca,2,3,-1,football-data,2.38,3.36,3.27,2.45,3.4,3.3,2.31,3.17,3.05,0.42016806722689076,0.2976190476190476,0.3058103975535168,0.02359751239945518,0.4081632653061224,0.29411764705882354,0.30303030303030304,0.005311215395249036,0.4329004329004329,0.31545741324921134,0.3278688524590164,0.07622669860866083
2016/2017,2017-03-05,Guadalajara,Toluca,2,0,1,football-data,2.01,3.44,4.22,2.1,3.44,4.22,1.96,3.28,3.83,0.49751243781094534,0.29069767441860467,0.23696682464454977,0.02517693687409972,0.47619047619047616,0.29069767441860467,0.23696682464454977,0.0038549752536305437,0.5102040816326531,0.3048780487804878,0.2610966057441253,0.07617873615726611
2016/2017,2017-03-05,Leon,America,1,1,0,football-data,2.45,3.51,3.03,2.58,3.51,3.2,2.37,3.3,2.86,0.4081632653061224,0.2849002849002849,0.33003300330033003,0.02309655350673734,0.38759689922480617,0.2849002849002849,0.3125,-0.015002815874908926,0.42194092827004215,0.30303030303030304,0.3496503496503497,0.07462158095069471
2016/2017,2017-03-05,Monterrey,Queretaro,4,1,1,football-data,1.47,4.61,7.83,1.59,4.61,8.2,1.45,4.17,6.85,0.6802721088435374,0.21691973969631234,0.1277139208173691,0.024905769357218777,0.6289308176100629,0.21691973969631234,0.12195121951219513,-0.03219822318142962,0.6896551724137931,0.23980815347721823,0.14598540145985403,0.0754487273508655
2016/2017,2017-03-05,Morelia,Veracruz,1,0,1,football-data,1.88,3.83,4.34,1.93,3.83,4.5,1.83,3.5,4.1,0.5319148936170213,0.2610966057441253,0.2304147465437788,0.02342624590492548,0.5181347150259068,0.2610966057441253,0.2222222222222222,0.0014535429922544196,0.5464480874316939,0.2857142857142857,0.24390243902439027,0.07606481217036998
2016/2017,2017-03-05,Necaxa,Atlas,1,1,0,football-data,2.43,3.39,3.14,2.43,3.42,3.27,2.32,3.19,3.04,0.4115226337448559,0.2949852507374631,0.3184713375796178,0.024979222061936923,0.4115226337448559,0.29239766081871343,0.3058103975535168,0.009730692117086104,0.4310344827586207,0.31347962382445144,0.32894736842105265,0.07346147500412492
2016/2017,2017-03-05,Puebla,Tigres UANL,0,2,-1,football-data,3.22,3.35,2.41,3.42,3.4,2.44,3.09,3.19,2.29,0.3105590062111801,0.29850746268656714,0.41493775933609955,0.024004228233846625,0.29239766081871343,0.29411764705882354,0.4098360655737705,-0.0036486265486925795,0.3236245954692557,0.31347962382445144,0.4366812227074236,0.0737854420011308
2016/2017,2017-03-05,Pumas UNAM,Santos Laguna,2,1,1,football-data,2.15,3.69,3.46,2.25,3.69,3.5,2.12,3.42,3.24,0.46511627906976744,0.2710027100271003,0.28901734104046245,0.025136330137330187,0.4444444444444444,0.2710027100271003,0.2857142857142857,0.0011614401858304202,0.4716981132075471,0.29239766081871343,0.30864197530864196,0.07273774933490262
2016/2017,2017-03-18,Cruz Azul,Tigres UANL,0,0,0,football-data,2.37,3.25,3.39,2.52,3.3,3.39,2.27,3.13,3.18,0.42194092827004215,0.3076923076923077,0.2949852507374631,0.024618486699812925,0.3968253968253968,0.30303030303030304,0.2949852507374631,-0.00515904940683698,0.44052863436123346,0.3194888178913738,0.31446540880503143,0.07448286105763868
2016/2017,2017-03-18,Queretaro,Pachuca,3,0,1,football-data,3.04,3.44,2.47,3.04,3.44,2.6,2.85,3.25,2.41,0.32894736842105265,0.29069767441860467,0.4048582995951417,0.024503342434799125,0.32894736842105265,0.29069767441860467,0.3846153846153846,0.00426042745504196,0.3508771929824561,0.3076923076923077,0.41493775933609955,0.07350726001086327
2016/2017,2017-03-18,Tijuana,Santos Laguna,1,1,0,football-data,2.03,3.64,3.87,2.08,3.7,4.0,1.98,3.39,3.64,0.4926108374384237,0.2747252747252747,0.25839793281653745,0.025734044980235904,0.4807692307692307,0.27027027027027023,0.25,0.0010395010395010118,0.5050505050505051,0.2949852507374631,0.2747252747252747,0.0747610305132429
2016/2017,2017-03-19,Guadalajara,Veracruz,2,0,1,football-data,1.4,4.86,9.51,1.4,4.95,10.5,1.36,4.5,8.64,0.7142857142857143,0.20576131687242796,0.10515247108307045,0.02519950224121259,0.7142857142857143,0.20202020202020202,0.09523809523809523,0.011544011544011523,0.7352941176470588,0.2222222222222222,0.11574074074074073,0.07325708061002167
2016/2017,2017-03-19,Leon,Toluca,2,3,-1,football-data,2.05,3.74,3.7,2.08,3.75,3.75,1.99,3.51,3.5,0.48780487804878053,0.267379679144385,0.27027027027027023,0.025454827463435636,0.4807692307692307,0.26666666666666666,0.26666666666666666,0.014102564102564052,0.5025125628140703,0.2849002849002849,0.2857142857142857,0.07312713342864097
2016/2017,2017-03-19,Monterrey,Atlas,2,0,1,football-data,1.45,4.71,7.98,1.5,4.8,8.0,1.44,4.35,6.77,0.6896551724137931,0.21231422505307856,0.12531328320802004,0.02728268067489159,0.6666666666666666,0.20833333333333334,0.125,0.0,0.6944444444444444,0.2298850574712644,0.14771048744460857,0.07203998936031741
2016/2017,2017-03-19,Necaxa,Chiapas,2,2,0,football-data,1.93,3.7,4.26,1.98,3.7,4.33,1.89,3.45,3.94,0.5181347150259068,0.27027027027027023,0.2347417840375587,0.023146769333735717,0.5050505050505051,0.27027027027027023,0.23094688221709006,0.006267657537865512,0.5291005291005292,0.2898550724637681,0.25380710659898476,0.07276270816328223
2016/2017,2017-03-19,Pumas UNAM,America,2,3,-1,football-data,2.38,3.62,3.05,2.46,3.62,3.06,2.31,3.36,2.91,0.42016806722689076,0.27624309392265195,0.3278688524590164,0.024280013608559248,0.4065040650406504,0.27624309392265195,0.32679738562091504,0.009544544584217274,0.4329004329004329,0.2976190476190476,0.3436426116838488,0.07416209220332926
2016/2017,2017-03-20,Puebla,Morelia,0,1,-1,football-data,2.16,3.6,3.51,2.33,3.6,3.54,2.13,3.37,3.26,0.4629629629629629,0.2777777777777778,0.2849002849002849,0.02564102564102555,0.4291845493562232,0.2777777777777778,0.2824858757062147,-0.010551797159784382,0.4694835680751174,0.29673590504451036,0.3067484662576687,0.0729679393772964
2016/2017,2017-04-01,Veracruz,Cruz Azul,3,1,1,football-data,4.36,3.53,1.95,4.64,3.68,2.0,4.08,3.38,1.88,0.2293577981651376,0.28328611898017,0.5128205128205129,0.025464429965820434,0.21551724137931036,0.2717391304347826,0.5,-0.012743628185907019,0.24509803921568626,0.2958579881656805,0.5319148936170213,0.07287092099838799
2016/2017,2017-04-02,America,Monterrey,1,0,1,football-data,2.76,3.48,2.67,2.8,3.53,2.7,2.63,3.28,2.57,0.3623188405797102,0.28735632183908044,0.37453183520599254,0.024206997624783178,0.35714285714285715,0.28328611898017,0.37037037037037035,0.010799346493397532,0.3802281368821293,0.3048780487804878,0.38910505836575876,0.07421124402837576
2016/2017,2017-04-02,Atlas,Tijuana,3,3,0,football-data,2.51,3.3,3.1,2.59,3.32,3.1,2.44,3.18,2.86,0.39840637450199207,0.30303030303030304,0.3225806451612903,0.024017322693585363,0.3861003861003861,0.30120481927710846,0.3225806451612903,0.00988585053878488,0.4098360655737705,0.31446540880503143,0.3496503496503497,0.07395182402915168
2016/2017,2017-04-02,Chiapas,Pumas UNAM,0,3,-1,football-data,2.89,3.56,2.51,2.96,3.67,2.51,2.78,3.35,2.4,0.3460207612456747,0.2808988764044944,0.39840637450199207,0.025326012152161237,0.33783783783783783,0.2724795640326976,0.39840637450199207,0.008723776372527414,0.3597122302158274,0.29850746268656714,0.4166666666666667,0.0748863595690612
2016/2017,2017-04-02,Morelia,Guadalajara,0,0,0,football-data,3.28,3.42,2.35,3.42,3.52,2.42,3.13,3.23,2.25,0.3048780487804878,0.29239766081871343,0.425531914893617,0.022807624492818146,0.29239766081871343,0.2840909090909091,0.4132231404958678,-0.01028828959450978,0.3194888178913738,0.30959752321981426,0.4444444444444444,0.07353078555563242
2016/2017,2017-04-02,Pachuca,Puebla,0,0,0,football-data,1.63,4.12,5.98,1.65,4.15,6.5,1.58,3.84,5.52,0.6134969325153374,0.24271844660194175,0.16722408026755853,0.023439459384837713,0.6060606060606061,0.24096385542168672,0.15384615384615385,0.0008706153284467888,0.6329113924050632,0.2604166666666667,0.1811594202898551,0.07448747936158506
2016/2017,2017-04-02,Tigres UANL,Leon,0,1,-1,football-data,1.69,4.01,5.45,1.73,4.06,6.0,1.64,3.8,5.04,0.591715976331361,0.24937655860349128,0.18348623853211007,0.024578773466962245,0.5780346820809249,0.24630541871921185,0.16666666666666666,-0.008993232533196616,0.6097560975609756,0.2631578947368421,0.1984126984126984,0.07132669071051612
2016/2017,2017-04-02,Toluca,Necaxa,2,0,1,football-data,1.75,3.92,5.04,1.78,3.92,5.2,1.73,3.62,4.6,0.5714285714285714,0.25510204081632654,0.1984126984126984,0.02494331065759625,0.5617977528089888,0.25510204081632654,0.1923076923076923,0.009207485933007575,0.5780346820809249,0.27624309392265195,0.2173913043478261,0.07166908035140307
2016/2017,2017-04-03,Santos Laguna,Queretaro,1,0,1,football-data,1.93,3.76,4.16,1.95,3.87,4.5,1.84,3.58,4.0,0.5181347150259068,0.26595744680851063,0.24038461538461536,0.024476777219032853,0.5128205128205129,0.25839793281653745,0.2222222222222222,-0.0065593321407274585,0.5434782608695652,0.27932960893854747,0.25,0.07280786980811271
2016/2017,2017-04-08,Cruz Azul,Morelia,1,1,0,football-data,1.75,3.77,5.33,1.78,3.85,5.95,1.67,3.65,4.97,0.5714285714285714,0.26525198938992045,0.18761726078799248,0.024297821606484415,0.5617977528089888,0.2597402597402597,0.1680672268907563,-0.01039476055999522,0.5988023952095809,0.273972602739726,0.2012072434607646,0.07398224141007148
2016/2017,2017-04-08,Queretaro,Atlas,1,4,-1,football-data,2.34,3.33,3.36,2.39,3.45,3.45,2.27,3.2,3.15,0.4273504273504274,0.3003003003003003,0.2976190476190476,0.025269775269775252,0.41841004184100417,0.2898550724637681,0.2898550724637681,-0.0018798132314596927,0.44052863436123346,0.3125,0.31746031746031744,0.07048895182155102
2016/2017,2017-04-08,Tijuana,America,0,0,0,football-data,2.08,3.36,4.06,2.15,3.5,4.06,2.04,3.26,3.59,0.4807692307692307,0.2976190476190476,0.24630541871921185,0.02469369710749003,0.46511627906976744,0.2857142857142857,0.24630541871921185,-0.0028640164967349557,0.49019607843137253,0.3067484662576687,0.2785515320334262,0.0754960767224675
2016/2017,2017-04-09,Guadalajara,Puebla,3,2,1,football-data,1.75,3.75,5.39,1.75,3.92,6.1,1.66,3.6,5.27,0.5714285714285714,0.26666666666666666,0.1855287569573284,0.023623995052566293,0.5714285714285714,0.25510204081632654,0.1639344262295082,-0.009534961525593966,0.6024096385542169,0.2777777777777778,0.18975332068311196,0.06994073701510661
2016/2017,2017-04-09,Leon,Veracruz,4,0,1,football-data,1.48,4.77,7.2,1.59,4.77,7.2,1.5,4.13,6.12,0.6756756756756757,0.20964360587002098,0.1388888888888889,0.024208170434585563,0.6289308176100629,0.20964360587002098,0.1388888888888889,-0.02253668763102734,0.6666666666666666,0.24213075060532688,0.16339869281045752,0.07219611008245108
2016/2017,2017-04-09,Monterrey,Chiapas,4,1,1,football-data,1.34,5.6,10.16,1.35,5.6,10.16,1.31,5.08,8.94,0.7462686567164178,0.17857142857142858,0.09842519685039369,0.023265282138240195,0.7407407407407407,0.17857142857142858,0.09842519685039369,0.01773736616256305,0.7633587786259541,0.19685039370078738,0.11185682326621925,0.07206599559296079
2016/2017,2017-04-09,Necaxa,Tigres UANL,1,1,0,football-data,3.82,3.33,2.16,3.82,3.42,2.17,3.51,3.2,2.1,0.2617801047120419,0.3003003003003003,0.4629629629629629,0.025043367975305042,0.2617801047120419,0.29239766081871343,0.4608294930875576,0.01500725861831298,0.2849002849002849,0.3125,0.47619047619047616,0.0735907610907609
2016/2017,2017-04-09,Pumas UNAM,Toluca,0,1,-1,football-data,2.57,3.5,2.85,2.59,3.67,3.3,2.41,3.31,2.8,0.38910505836575876,0.2857142857142857,0.3508771929824561,0.025696537062500635,0.3861003861003861,0.2724795640326976,0.30303030303030304,-0.038389746836613226,0.41493775933609955,0.3021148036253776,0.35714285714285715,0.07419542010433444
2016/2017,2017-04-10,Santos Laguna,Pachuca,1,0,1,football-data,2.52,3.4,3.0,2.57,3.4,3.01,2.42,3.25,2.83,0.3968253968253968,0.29411764705882354,0.3333333333333333,0.024276377217553602,0.38910505836575876,0.29411764705882354,0.33222591362126247,0.015448619045844714,0.4132231404958678,0.3076923076923077,0.35335689045936397,0.07427233864753946
2016/2017,2017-04-12,Chiapas,Leon,0,0,0,football-data,3.26,3.53,2.3,3.3,3.6,2.37,3.05,3.35,2.23,0.3067484662576687,0.28328611898017,0.4347826086956522,0.02481719393349091,0.30303030303030304,0.2777777777777778,0.42194092827004215,0.0027490090781230325,0.3278688524590164,0.29850746268656714,0.4484304932735426,0.07480680841912624
2016/2017,2017-04-12,Tigres UANL,Guadalajara,3,0,1,football-data,1.97,3.3,4.63,2.0,3.35,4.63,1.93,3.2,4.11,0.5076142131979695,0.30303030303030304,0.2159827213822894,0.02662723761056185,0.5,0.29850746268656714,0.2159827213822894,0.014490184068856493,0.5181347150259068,0.3125,0.24330900243309,0.07394371745899675
2016/2017,2017-04-12,Veracruz,Puebla,3,2,1,football-data,2.65,3.24,2.95,2.7,3.24,3.01,2.54,3.08,2.79,0.37735849056603776,0.30864197530864196,0.3389830508474576,0.024983516722137278,0.37037037037037035,0.30864197530864196,0.33222591362126247,0.011238259300274667,0.39370078740157477,0.3246753246753247,0.35842293906810035,0.07679905114499985
2016/2017,2017-04-13,America,Necaxa,1,0,1,football-data,1.66,3.99,5.86,1.73,4.45,6.3,1.64,3.75,5.08,0.6024096385542169,0.2506265664160401,0.1706484641638225,0.023684669134079517,0.5780346820809249,0.2247191011235955,0.15873015873015872,-0.03851605806532088,0.6097560975609756,0.26666666666666666,0.19685039370078738,0.07327315792842981
2016/2017,2017-04-13,Atlas,Pumas UNAM,1,1,0,football-data,2.43,3.39,3.14,2.43,3.49,3.15,2.36,3.26,2.91,0.4115226337448559,0.2949852507374631,0.3184713375796178,0.024979222061936923,0.4115226337448559,0.28653295128939826,0.31746031746031744,0.015515902494571687,0.42372881355932207,0.3067484662576687,0.3436426116838488,0.07411989150083942
2016/2017,2017-04-13,Pachuca,Morelia,0,0,0,football-data,1.7,4.18,5.09,1.73,4.18,5.4,1.66,3.76,4.89,0.5882352941176471,0.23923444976076558,0.19646365422396858,0.023933398102381265,0.5780346820809249,0.23923444976076558,0.18518518518518517,0.0024543170268755965,0.6024096385542169,0.26595744680851063,0.20449897750511248,0.07286606286784014
2016/2017,2017-04-13,Queretaro,Tijuana,0,1,-1,football-data,2.49,3.28,3.14,2.58,3.28,3.42,2.36,3.1,3.04,0.4016064257028112,0.3048780487804878,0.3184713375796178,0.02495581206291675,0.38759689922480617,0.3048780487804878,0.29239766081871343,-0.0151273911759926,0.42372881355932207,0.3225806451612903,0.32894736842105265,0.07525682714166493
2016/2017,2017-04-13,Santos Laguna,Monterrey,2,2,0,football-data,3.3,3.38,2.35,3.3,3.46,2.41,3.07,3.25,2.27,0.30303030303030304,0.2958579881656805,0.425531914893617,0.024420206089600605,0.30303030303030304,0.28901734104046245,0.41493775933609955,0.006985403406865043,0.32573289902280134,0.3076923076923077,0.44052863436123346,0.07395384107634251
2016/2017,2017-04-14,Toluca,Cruz Azul,0,2,-1,football-data,2.42,3.27,3.21,2.5,3.32,3.42,2.34,3.12,3.05,0.4132231404958678,0.3058103975535168,0.3115264797507788,0.030560017800163486,0.4,0.30120481927710846,0.29239766081871343,-0.006397519904178028,0.4273504273504274,0.3205128205128205,0.3278688524590164,0.07573210032226418
2016/2017,2017-04-15,Chiapas,Tijuana,1,2,-1,football-data,2.75,3.39,2.73,2.94,3.4,2.73,2.67,3.25,2.55,0.36363636363636365,0.2949852507374631,0.3663003663003663,0.024921980674193156,0.3401360544217687,0.29411764705882354,0.3663003663003663,0.000554067780958567,0.37453183520599254,0.3076923076923077,0.3921568627450981,0.07438100564339845
2016/2017,2017-04-16,America,Queretaro,1,0,1,football-data,1.78,3.68,5.23,1.85,3.68,5.23,1.79,3.46,4.48,0.5617977528089888,0.2717391304347826,0.19120458891013384,0.02474147215390521,0.5405405405405405,0.2717391304347826,0.19120458891013384,0.003484259885456975,0.5586592178770949,0.28901734104046245,0.2232142857142857,0.07089084463184303
2016/2017,2017-04-16,Atlas,Santos Laguna,1,1,0,football-data,2.67,3.38,2.82,2.7,3.45,2.82,2.53,3.2,2.73,0.37453183520599254,0.2958579881656805,0.3546099290780142,0.024999752449687218,0.37037037037037035,0.2898550724637681,0.3546099290780142,0.014835371912152784,0.3952569169960475,0.3125,0.3663003663003663,0.0740572832964137
2016/2017,2017-04-16,Morelia,Leon,1,2,-1,football-data,2.81,3.57,2.57,2.83,3.57,2.6,2.71,3.3,2.49,0.35587188612099646,0.2801120448179272,0.38910505836575876,0.025088989304682396,0.35335689045936397,0.2801120448179272,0.3846153846153846,0.01808431989267567,0.36900369003690037,0.30303030303030304,0.4016064257028112,0.07364041877001459
2016/2017,2017-04-16,Pachuca,Guadalajara,0,0,0,football-data,2.28,3.35,3.47,2.33,3.35,3.47,2.23,3.16,3.22,0.4385964912280702,0.29850746268656714,0.2881844380403458,0.025288391954983114,0.4291845493562232,0.29850746268656714,0.2881844380403458,0.015876450083136096,0.4484304932735426,0.3164556962025316,0.3105590062111801,0.07544519568725438
2016/2017,2017-04-16,Tigres UANL,Pumas UNAM,4,0,1,football-data,1.54,4.16,7.4,1.62,4.2,7.4,1.54,3.9,6.01,0.6493506493506493,0.24038461538461536,0.13513513513513511,0.02487039987039985,0.6172839506172839,0.23809523809523808,0.13513513513513511,-0.00948567615234297,0.6493506493506493,0.25641025641025644,0.1663893510815308,0.07215025684243659
2016/2017,2017-04-16,Toluca,Monterrey,1,1,0,football-data,2.93,3.37,2.59,2.93,3.47,2.6,2.75,3.26,2.47,0.341296928327645,0.29673590504451036,0.3861003861003861,0.024133219472541434,0.341296928327645,0.2881844380403458,0.3846153846153846,0.014096750983375372,0.36363636363636365,0.3067484662576687,0.4048582995951417,0.075243129489174
2016/2017,2017-04-16,Veracruz,Necaxa,0,1,-1,football-data,2.35,3.4,3.29,2.41,3.4,3.32,2.29,3.17,3.09,0.425531914893617,0.29411764705882354,0.303951367781155,0.02360092973359551,0.41493775933609955,0.29411764705882354,0.30120481927710846,0.010260225672031442,0.4366812227074236,0.31545741324921134,0.3236245954692557,0.0757632314258907
2016/2017,2017-04-17,Puebla,Cruz Azul,2,1,1,football-data,3.62,3.23,2.28,3.62,3.3,2.35,3.3,3.14,2.21,0.27624309392265195,0.30959752321981426,0.4385964912280702,0.024437108370536365,0.27624309392265195,0.30303030303030304,0.425531914893617,0.004805311846572069,0.30303030303030304,0.3184713375796178,0.45248868778280543,0.07399032839272635
2016/2017,2017-04-22,Cruz Azul,Guadalajara,2,1,1,football-data,2.06,3.32,4.19,2.15,3.32,4.22,2.02,3.16,3.82,0.4854368932038835,0.30120481927710846,0.2386634844868735,0.025305196967865484,0.46511627906976744,0.30120481927710846,0.23696682464454977,0.0032879229914257735,0.49504950495049505,0.3164556962025316,0.2617801047120419,0.07328530586506843
2016/2017,2017-04-22,Queretaro,Chiapas,2,2,0,football-data,2.01,3.56,4.05,2.04,3.6,4.15,1.95,3.41,3.73,0.49751243781094534,0.2808988764044944,0.2469135802469136,0.02532489446235342,0.49019607843137253,0.2777777777777778,0.24096385542168672,0.008937711630836898,0.5128205128205129,0.29325513196480935,0.2680965147453083,0.07417215953063061
2016/2017,2017-04-22,Tijuana,Toluca,2,0,1,football-data,2.18,3.17,3.97,2.23,3.25,3.98,2.13,3.11,3.51,0.4587155963302752,0.31545741324921134,0.2518891687657431,0.026062178345229725,0.4484304932735426,0.3076923076923077,0.25125628140703515,0.007379082372885426,0.4694835680751174,0.3215434083601286,0.2849002849002849,0.07592726133553085
2016/2017,2017-04-23,Atlas,Pachuca,1,0,1,football-data,2.24,3.5,3.42,2.65,3.5,3.42,2.24,3.23,3.17,0.4464285714285714,0.2857142857142857,0.29239766081871343,0.02454051796157053,0.37735849056603776,0.2857142857142857,0.29239766081871343,-0.044529562900963104,0.4464285714285714,0.30959752321981426,0.31545741324921134,0.07148350789759705
2016/2017,2017-04-23,Leon,Puebla,1,0,1,football-data,1.61,4.29,5.88,1.67,4.29,5.9,1.59,3.9,5.29,0.6211180124223602,0.2331002331002331,0.17006802721088435,0.02428627273347761,0.5988023952095809,0.2331002331002331,0.1694915254237288,0.0013941537335426801,0.6289308176100629,0.25641025641025644,0.1890359168241966,0.07437699084451599
2016/2017,2017-04-23,Monterrey,Tigres UANL,1,0,1,football-data,2.36,3.32,3.34,2.36,3.55,4.05,2.19,3.25,3.26,0.42372881355932207,0.30120481927710846,0.29940119760479045,0.024334830441220978,0.42372881355932207,0.28169014084507044,0.2469135802469136,-0.04766746534869393,0.4566210045662101,0.3076923076923077,0.3067484662576687,0.07106177851618645
2016/2017,2017-04-23,Necaxa,Morelia,2,1,1,football-data,2.66,3.05,3.11,2.69,3.25,3.12,2.49,3.0,2.93,0.37593984962406013,0.3278688524590164,0.3215434083601286,0.025352110443205067,0.3717472118959108,0.3076923076923077,0.3205128205128205,-4.765989896093892e-05,0.4016064257028112,0.3333333333333333,0.341296928327645,0.07623668736378963
2016/2017,2017-04-23,Pumas UNAM,Veracruz,0,2,-1,football-data,1.54,4.46,6.57,1.62,4.46,6.57,1.53,4.09,5.65,0.6493506493506493,0.2242152466367713,0.15220700152207,0.025772897509490633,0.6172839506172839,0.2242152466367713,0.15220700152207,-0.006293801223874795,0.6535947712418301,0.24449877750611249,0.17699115044247787,0.07508469919042038
2016/2017,2017-04-24,Santos Laguna,America,2,1,1,football-data,2.18,3.26,3.84,2.23,3.45,3.88,2.11,3.21,3.45,0.4587155963302752,0.3067484662576687,0.2604166666666667,0.0258807292546106,0.4484304932735426,0.2898550724637681,0.2577319587628866,-0.0039824754998025735,0.47393364928909953,0.3115264797507788,0.2898550724637681,0.07531520150364646
2016/2017,2017-04-29,Chiapas,Santos Laguna,2,2,0,football-data,3.21,3.65,2.27,3.24,3.65,2.29,3.05,3.37,2.21,0.3115264797507788,0.273972602739726,0.44052863436123346,0.026027716851738436,0.30864197530864196,0.273972602739726,0.4366812227074236,0.019295800755791515,0.3278688524590164,0.29673590504451036,0.45248868778280543,0.07709344528633211
2016/2017,2017-04-29,Veracruz,Monterrey,1,0,1,football-data,4.11,3.58,1.99,4.11,3.7,2.05,3.76,3.44,1.94,0.24330900243309,0.27932960893854747,0.5025125628140703,0.02515117418570778,0.24330900243309,0.27027027027027023,0.48780487804878053,0.0013841507521408225,0.26595744680851063,0.29069767441860467,0.5154639175257733,0.07211903875288872
2016/2017,2017-04-30,America,Atlas,1,2,-1,football-data,1.83,3.37,5.49,1.9,3.55,5.49,1.8,3.33,4.63,0.5464480874316939,0.29673590504451036,0.18214936247723132,0.025333354953435583,0.5263157894736842,0.28169014084507044,0.18214936247723132,-0.009844707204014091,0.5555555555555556,0.3003003003003003,0.2159827213822894,0.07183857723814535
2016/2017,2017-04-30,Guadalajara,Leon,1,1,0,football-data,2.17,3.66,3.43,2.19,3.7,3.6,2.08,3.43,3.28,0.4608294930875576,0.27322404371584696,0.29154518950437314,0.02559872630777771,0.4566210045662101,0.27027027027027023,0.2777777777777778,0.004669052614258096,0.4807692307692307,0.29154518950437314,0.3048780487804878,0.07719246905409172
2016/2017,2017-04-30,Morelia,Pumas UNAM,4,0,1,football-data,2.16,3.45,3.68,2.19,3.5,3.8,2.05,3.33,3.47,0.4629629629629629,0.2898550724637681,0.2717391304347826,0.024557165861513575,0.4566210045662101,0.2857142857142857,0.2631578947368421,0.005493185017337865,0.48780487804878053,0.3003003003003003,0.2881844380403458,0.07628961638942666
2016/2017,2017-04-30,Pachuca,Cruz Azul,2,2,0,football-data,2.49,3.3,3.12,2.52,3.4,3.2,2.38,3.19,2.93,0.4016064257028112,0.30303030303030304,0.3205128205128205,0.02514954924593482,0.3968253968253968,0.29411764705882354,0.3125,0.0034430438842203426,0.42016806722689076,0.31347962382445144,0.341296928327645,0.07494461937898711
2016/2017,2017-04-30,Tigres UANL,Tijuana,3,0,1,football-data,1.67,4.07,5.58,1.7,4.2,6.0,1.62,3.81,5.15,0.5988023952095809,0.24570024570024568,0.17921146953405018,0.023714110443876724,0.5882352941176471,0.23809523809523808,0.16666666666666666,-0.007002801120448265,0.6172839506172839,0.26246719160104987,0.1941747572815534,0.07392589949988704
2016/2017,2017-04-30,Toluca,Queretaro,1,2,-1,football-data,1.67,3.97,5.77,1.73,3.97,6.0,1.65,3.69,5.13,0.5988023952095809,0.2518891687657431,0.1733102253032929,0.024001789278616847,0.5780346820809249,0.2518891687657431,0.16666666666666666,-0.003409482486665394,0.6060606060606061,0.2710027100271003,0.19493177387914232,0.07199508996684867
2016/2017,2017-05-01,Puebla,Necaxa,0,1,-1,football-data,2.23,3.14,3.88,2.27,3.3,3.9,2.14,3.11,3.47,0.4484304932735426,0.3184713375796178,0.2577319587628866,0.02463378961604712,0.44052863436123346,0.30303030303030304,0.25641025641025644,-3.080619820705621e-05,0.4672897196261682,0.3215434083601286,0.2881844380403458,0.07701756602664256
2016/2017,2017-05-06,Queretaro,Tigres UANL,1,5,-1,football-data,5.68,3.87,1.69,6.0,3.87,1.75,5.13,3.56,1.67,0.17605633802816903,0.25839793281653745,0.591715976331361,0.026170247176067418,0.16666666666666666,0.25839793281653745,0.5714285714285714,-0.003506829088224528,0.19493177387914232,0.2808988764044944,0.5988023952095809,0.07463304549321759
2016/2017,2017-05-07,America,Pachuca,2,3,-1,football-data,2.67,3.5,2.74,2.68,3.5,2.82,2.57,3.25,2.63,0.37453183520599254,0.2857142857142857,0.36496350364963503,0.02520962456991338,0.3731343283582089,0.2857142857142857,0.3546099290780142,0.013458543150508762,0.38910505836575876,0.3076923076923077,0.3802281368821293,0.07702550294019561
2016/2017,2017-05-07,Atlas,Chiapas,0,1,-1,football-data,1.74,4.05,4.93,1.77,4.05,5.0,1.72,3.73,4.46,0.5747126436781609,0.2469135802469136,0.20283975659229211,0.024465980517366592,0.5649717514124294,0.2469135802469136,0.2,0.011885331659343024,0.5813953488372093,0.2680965147453083,0.2242152466367713,0.073707110219289
2016/2017,2017-05-07,Leon,Cruz Azul,1,2,-1,football-data,2.36,3.41,3.25,2.38,3.6,3.3,2.24,3.3,3.06,0.42372881355932207,0.29325513196480935,0.3076923076923077,0.02467625321643907,0.42016806722689076,0.2777777777777778,0.30303030303030304,0.0009761480349714802,0.4464285714285714,0.30303030303030304,0.32679738562091504,0.07625626007978936
2016/2017,2017-05-07,Monterrey,Morelia,1,2,-1,football-data,1.79,4.04,4.56,1.83,4.05,4.61,1.75,3.76,4.22,0.5586592178770949,0.24752475247524752,0.2192982456140351,0.025482215966377453,0.5464480874316939,0.2469135802469136,0.21691973969631234,0.010281407374919782,0.5714285714285714,0.26595744680851063,0.23696682464454977,0.0743528428816318
2016/2017,2017-05-07,Necaxa,Guadalajara,0,0,0,football-data,2.99,3.3,2.57,3.05,3.35,2.65,2.87,3.09,2.48,0.33444816053511706,0.30303030303030304,0.38910505836575876,0.026583521931178744,0.3278688524590164,0.29850746268656714,0.37735849056603776,0.003734805711621325,0.3484320557491289,0.3236245954692557,0.40322580645161293,0.07528245766999753
2016/2017,2017-05-07,Pumas UNAM,Puebla,0,1,-1,football-data,1.88,3.64,4.61,1.9,3.7,4.65,1.84,3.48,4.12,0.5319148936170213,0.2747252747252747,0.21691973969631234,0.02355990803860819,0.5263157894736842,0.27027027027027023,0.2150537634408602,0.011639823184814713,0.5434782608695652,0.28735632183908044,0.24271844660194175,0.07355302931058727
2016/2017,2017-05-07,Tijuana,Veracruz,1,0,1,football-data,,,,1.67,4.04,6.5,1.57,3.76,5.69,,,,,0.5988023952095809,0.24752475247524752,0.15384615384615385,0.00017330153098216172,0.6369426751592356,0.26595744680851063,0.17574692442882248,0.07864704639656872
2016/2017,2017-05-08,Santos Laguna,Toluca,2,2,0,football-data,2.19,3.54,3.59,2.2,3.54,3.8,2.06,3.37,3.4,0.4566210045662101,0.2824858757062147,0.2785515320334262,0.017658412305850968,0.45454545454545453,0.2824858757062147,0.2631578947368421,0.0001892249885113717,0.4854368932038835,0.29673590504451036,0.29411764705882354,0.07629044530721751
2016/2017,2017-05-11,Santos Laguna,Toluca,1,4,-1,football-data,2.07,3.49,3.91,2.1,3.49,4.0,2.01,3.27,3.64,0.48309178743961356,0.28653295128939826,0.2557544757033248,0.025379214432336594,0.47619047619047616,0.28653295128939826,0.25,0.012723427479874427,0.49751243781094534,0.3058103975535168,0.2747252747252747,0.07804811008973678
2016/2017,2017-05-11,Tigres UANL,Monterrey,4,1,1,football-data,2.05,3.38,4.13,2.07,3.5,4.17,1.99,3.24,3.82,0.48780487804878053,0.2958579881656805,0.24213075060532688,0.025793616819787868,0.48309178743961356,0.2857142857142857,0.23980815347721823,0.00861422663111755,0.5025125628140703,0.30864197530864196,0.2617801047120419,0.07293464283475415
2016/2017,2017-05-12,Atlas,Guadalajara,1,0,1,football-data,2.85,3.16,2.8,2.97,3.2,2.8,2.76,3.04,2.59,0.3508771929824561,0.3164556962025316,0.35714285714285715,0.024475746327844883,0.33670033670033667,0.3125,0.35714285714285715,0.006343193843193928,0.3623188405797102,0.32894736842105265,0.3861003861003861,0.07736659510114885
2016/2017,2017-05-12,Morelia,Tijuana,1,0,1,football-data,2.51,3.35,3.05,2.57,3.35,3.19,2.38,3.15,2.94,0.39840637450199207,0.29850746268656714,0.3278688524590164,0.024782689647575573,0.38910505836575876,0.29850746268656714,0.31347962382445144,0.0010921448767773345,0.42016806722689076,0.31746031746031744,0.3401360544217687,0.0777644391089769
2016/2017,2017-05-14,Monterrey,Tigres UANL,0,2,-1,football-data,1.93,3.91,3.98,2.05,3.91,4.1,1.86,3.66,3.8,0.5181347150259068,0.2557544757033248,0.25125628140703515,0.025145472136266722,0.48780487804878053,0.2557544757033248,0.24390243902439027,-0.012538207223504405,0.5376344086021505,0.27322404371584696,0.2631578947368421,0.07401634705483962
2016/2017,2017-05-14,Toluca,Santos Laguna,1,3,-1,football-data,2.37,3.45,3.2,2.42,3.52,3.2,2.28,3.35,2.98,0.42194092827004215,0.2898550724637681,0.3125,0.02429600073381022,0.4132231404958678,0.2840909090909091,0.3125,0.009814049586776896,0.4385964912280702,0.29850746268656714,0.33557046979865773,0.07267442371329502
2016/2017,2017-05-15,Guadalajara,Atlas,1,0,1,football-data,1.66,3.67,6.63,1.77,3.67,6.63,1.65,3.51,5.5,0.6024096385542169,0.2724795640326976,0.15082956259426847,0.02571876518118299,0.5649717514124294,0.2724795640326976,0.15082956259426847,-0.01171912196060454,0.6060606060606061,0.2849002849002849,0.18181818181818182,0.07277907277907292
2016/2017,2017-05-15,Tijuana,Morelia,2,0,1,football-data,1.59,3.97,6.89,1.75,3.98,6.89,1.58,3.71,5.81,0.6289308176100629,0.2518891687657431,0.14513788098693758,0.025957867362743414,0.5714285714285714,0.25125628140703515,0.14513788098693758,-0.032177266177455865,0.6329113924050632,0.2695417789757412,0.17211703958691912,0.07457021096772354
2016/2017,2017-05-19,Tigres UANL,Tijuana,2,0,1,football-data,1.6,3.93,6.92,1.65,3.93,7.0,1.57,3.7,6.03,0.625,0.2544529262086514,0.14450867052023122,0.02396159672888265,0.6060606060606061,0.2544529262086514,0.14285714285714285,0.0033706751264002133,0.6369426751592356,0.27027027027027023,0.16583747927031509,0.07305042469982093
2016/2017,2017-05-19,Toluca,Guadalajara,1,1,0,football-data,2.1,3.55,3.73,2.15,3.55,3.73,2.09,3.26,3.44,0.47619047619047616,0.28169014084507044,0.2680965147453083,0.025977131780854812,0.46511627906976744,0.28169014084507044,0.2680965147453083,0.014902934660146139,0.47846889952153115,0.3067484662576687,0.29069767441860467,0.0759150401978046
2016/2017,2017-05-22,Guadalajara,Toluca,1,1,0,football-data,2.11,3.48,3.87,2.15,3.54,3.92,2.05,3.21,3.58,0.47393364928909953,0.28735632183908044,0.25839793281653745,0.019687903944717533,0.46511627906976744,0.2824858757062147,0.25510204081632654,0.0027041955923086114,0.48780487804878053,0.3115264797507788,0.27932960893854747,0.07866096673810685
2016/2017,2017-05-22,Tijuana,Tigres UANL,0,2,-1,football-data,3.05,3.5,2.43,3.05,3.5,2.54,2.84,3.22,2.4,0.3278688524590164,0.2857142857142857,0.4115226337448559,0.025105771918157993,0.3278688524590164,0.2857142857142857,0.39370078740157477,0.007283925574876893,0.35211267605633806,0.3105590062111801,0.4166666666666667,0.07933834893418479
2016/2017,2017-05-26,Tigres UANL,Guadalajara,2,2,0,football-data,1.79,3.42,5.71,1.81,3.6,5.94,1.74,3.26,5.16,0.5586592178770949,0.29239766081871343,0.17513134851138354,0.026188227207191828,0.5524861878453039,0.2777777777777778,0.16835016835016833,-0.001385866026749949,0.5747126436781609,0.3067484662576687,0.19379844961240308,0.0752595595482326
2016/2017,2017-05-29,Guadalajara,Tigres UANL,2,1,1,football-data,3.28,3.17,2.47,3.28,3.24,2.69,2.94,2.98,2.48,0.3048780487804878,0.31545741324921134,0.4048582995951417,0.02519376162484077,0.3048780487804878,0.30864197530864196,0.3717472118959108,-0.014732764014959487,0.3401360544217687,0.33557046979865773,0.40322580645161293,0.07893233067203931
2017/2018,2017-07-22,America,Queretaro,0,1,-1,football-data,2.01,3.51,4.14,2.03,3.51,4.18,1.95,3.31,3.86,0.49751243781094534,0.2849002849002849,0.24154589371980678,0.023958616431037028,0.4926108374384237,0.2849002849002849,0.23923444976076558,0.01674557209947425,0.5128205128205129,0.3021148036253776,0.2590673575129534,0.07400267395884397
2017/2018,2017-07-22,Lobos BUAP,Santos Laguna,2,2,0,football-data,3.33,3.68,2.21,3.33,3.68,2.25,3.15,3.41,2.16,0.3003003003003003,0.2717391304347826,0.45248868778280543,0.024528118517888275,0.3003003003003003,0.2717391304347826,0.4444444444444444,0.01648387517952732,0.31746031746031744,0.29325513196480935,0.4629629629629629,0.07367841238808959
2017/2018,2017-07-22,Morelia,Monterrey,0,0,0,football-data,3.77,3.64,2.06,3.77,3.64,2.15,3.44,3.38,2.05,0.26525198938992045,0.2747252747252747,0.4854368932038835,0.0254141573190787,0.26525198938992045,0.2747252747252747,0.46511627906976744,0.005093543184962579,0.29069767441860467,0.2958579881656805,0.48780487804878053,0.07436054063306563
2017/2018,2017-07-22,Tijuana,Cruz Azul,0,2,-1,football-data,2.24,3.32,3.6,2.29,3.38,3.6,2.18,3.15,3.34,0.4464285714285714,0.30120481927710846,0.2777777777777778,0.02541116848345748,0.4366812227074236,0.2958579881656805,0.2777777777777778,0.010316988650882042,0.4587155963302752,0.31746031746031744,0.29940119760479045,0.07557711139538315
2017/2018,2017-07-23,Guadalajara,Toluca,0,0,0,football-data,2.87,3.23,2.72,3.06,3.25,2.75,2.75,3.07,2.58,0.3484320557491289,0.30959752321981426,0.3676470588235294,0.025676637792472645,0.32679738562091504,0.3076923076923077,0.36363636363636365,-0.0018739430504136623,0.36363636363636365,0.32573289902280134,0.38759689922480617,0.07696616188397121
2017/2018,2017-07-23,Leon,Atlas,0,3,-1,football-data,1.79,3.97,4.66,1.83,4.03,4.75,1.75,3.63,4.37,0.5586592178770949,0.2518891687657431,0.2145922746781116,0.025140661320949498,0.5464480874316939,0.24813895781637715,0.21052631578947367,0.005113361037544895,0.5714285714285714,0.27548209366391185,0.22883295194508008,0.07574361703756338
2017/2018,2017-07-23,Pumas UNAM,Pachuca,1,0,1,football-data,3.03,3.49,2.45,3.1,3.49,2.6,2.88,3.21,2.4,0.33003300330033003,0.28653295128939826,0.4081632653061224,0.02472921989585064,0.3225806451612903,0.28653295128939826,0.3846153846153846,-0.006271018933926786,0.3472222222222222,0.3115264797507788,0.4166666666666667,0.07541536863966769
2017/2018,2017-07-23,Tigres UANL,Puebla,5,0,1,football-data,1.57,4.17,6.69,1.59,4.2,7.25,1.52,3.93,6.2,0.6369426751592356,0.23980815347721823,0.14947683109118085,0.026227659727634745,0.6289308176100629,0.23809523809523808,0.13793103448275862,0.004957090188059565,0.6578947368421053,0.2544529262086514,0.16129032258064516,0.073637985631402
2017/2018,2017-07-24,Veracruz,Necaxa,0,2,-1,football-data,2.48,3.24,3.19,2.52,3.24,3.24,2.39,3.07,3.02,0.40322580645161293,0.30864197530864196,0.31347962382445144,0.025347405584706273,0.3968253968253968,0.30864197530864196,0.30864197530864196,0.014109347442680775,0.41841004184100417,0.32573289902280134,0.33112582781456956,0.07526876867837506
2017/2018,2017-07-29,Atlas,Pumas UNAM,2,1,1,football-data,2.18,3.57,3.49,2.21,3.68,3.56,2.12,3.38,3.26,0.4587155963302752,0.2801120448179272,0.28653295128939826,0.025360592437600804,0.45248868778280543,0.2717391304347826,0.2808988764044944,0.005126694622082484,0.4716981132075471,0.2958579881656805,0.3067484662576687,0.07430456763089621
2017/2018,2017-07-29,Cruz Azul,Guadalajara,1,1,0,football-data,1.74,3.67,5.61,1.79,3.68,5.75,1.71,3.43,5.07,0.5747126436781609,0.2724795640326976,0.17825311942959002,0.025445327140448448,0.5586592178770949,0.2717391304347826,0.17391304347826086,0.004311391790138508,0.5847953216374269,0.29154518950437314,0.1972386587771203,0.07357916991892033
2017/2018,2017-07-29,Puebla,Morelia,1,1,0,football-data,2.38,3.35,3.27,2.38,3.35,3.34,2.25,3.18,3.16,0.42016806722689076,0.29850746268656714,0.3058103975535168,0.024485927466974644,0.42016806722689076,0.29850746268656714,0.29940119760479045,0.018076727518248514,0.4444444444444444,0.31446540880503143,0.3164556962025316,0.07536554945200735
2017/2018,2017-07-29,Queretaro,Lobos BUAP,0,4,-1,football-data,1.96,3.5,4.38,2.02,3.58,4.39,1.9,3.41,3.94,0.5102040816326531,0.2857142857142857,0.22831050228310504,0.024228869630043892,0.49504950495049505,0.27932960893854747,0.22779043280182235,0.0021695466908648875,0.5263157894736842,0.29325513196480935,0.25380710659898476,0.07337802803747828
2017/2018,2017-07-30,Monterrey,Veracruz,1,0,1,football-data,1.28,6.06,12.54,1.33,6.2,12.54,1.27,5.41,9.87,0.78125,0.16501650165016502,0.07974481658692185,0.02601131823708691,0.7518796992481203,0.16129032258064516,0.07974481658692185,-0.007085161584312716,0.7874015748031495,0.18484288354898337,0.10131712259371835,0.07356158094585119
2017/2018,2017-07-30,Necaxa,Tijuana,1,0,1,football-data,2.4,3.23,3.35,2.5,3.3,3.38,2.36,3.07,3.06,0.4166666666666667,0.30959752321981426,0.29850746268656714,0.024771652573048142,0.4,0.30303030303030304,0.2958579881656805,-0.0011117088040164536,0.42372881355932207,0.32573289902280134,0.32679738562091504,0.07625909820303844
2017/2018,2017-07-30,Pachuca,America,0,2,-1,football-data,2.06,3.55,3.86,2.1,3.55,4.15,1.99,3.32,3.7,0.4854368932038835,0.28169014084507044,0.2590673575129534,0.026194391561907393,0.47619047619047616,0.28169014084507044,0.24096385542168672,-0.00115552754276671,0.5025125628140703,0.30120481927710846,0.27027027027027023,0.07398765236144889
2017/2018,2017-07-30,Toluca,Leon,3,1,1,football-data,2.13,3.64,3.56,2.13,3.64,3.86,2.05,3.38,3.45,0.4694835680751174,0.2747252747252747,0.2808988764044944,0.025107719204886525,0.4694835680751174,0.2747252747252747,0.2590673575129534,0.003276200313345523,0.48780487804878053,0.2958579881656805,0.2898550724637681,0.0735179386782292
2017/2018,2017-07-31,Santos Laguna,Tigres UANL,1,1,0,football-data,3.47,3.42,2.25,3.48,3.43,2.45,3.2,3.21,2.22,0.2881844380403458,0.29239766081871343,0.4444444444444444,0.025026543303503734,0.28735632183908044,0.29154518950437314,0.4081632653061224,-0.012935223350424074,0.3125,0.3115264797507788,0.4504504504504504,0.07447693020122914
2017/2018,2017-08-05,Lobos BUAP,Pachuca,3,2,1,football-data,3.97,3.73,1.98,3.97,3.73,2.22,3.28,3.39,2.11,0.2518891687657431,0.2680965147453083,0.5050505050505051,0.02503618856155665,0.2518891687657431,0.2680965147453083,0.4504504504504504,-0.029563866038498143,0.3048780487804878,0.2949852507374631,0.47393364928909953,0.07379694880705046
2017/2018,2017-08-05,Morelia,Santos Laguna,1,1,0,football-data,2.64,3.43,2.82,2.9,3.43,2.85,2.58,3.2,2.64,0.3787878787878788,0.29154518950437314,0.3546099290780142,0.024942997370266173,0.3448275862068966,0.29154518950437314,0.3508771929824561,-0.012750031306274168,0.38759689922480617,0.3125,0.3787878787878788,0.0788847780126849
2017/2018,2017-08-05,Tijuana,Monterrey,0,3,-1,football-data,3.53,3.49,2.2,3.57,3.49,2.31,3.3,3.27,2.14,0.28328611898017,0.28653295128939826,0.45454545454545453,0.024364524815022826,0.2801120448179272,0.28653295128939826,0.4329004329004329,-0.0004545709922416652,0.30303030303030304,0.3058103975535168,0.4672897196261682,0.07613042020998817
2017/2018,2017-08-06,America,Pumas UNAM,2,1,1,football-data,2.05,3.48,4.0,2.06,3.5,4.2,1.96,3.33,3.83,0.48780487804878053,0.28735632183908044,0.25,0.02516119988786092,0.4854368932038835,0.2857142857142857,0.23809523809523808,0.009246417013407227,0.5102040816326531,0.3003003003003003,0.2610966057441253,0.07160098767707868
2017/2018,2017-08-06,Guadalajara,Necaxa,2,2,0,football-data,1.96,3.28,4.75,2.01,3.35,4.75,1.92,3.23,4.13,0.5102040816326531,0.3048780487804878,0.21052631578947367,0.025608446202614488,0.49751243781094534,0.29850746268656714,0.21052631578947367,0.006546216286986262,0.5208333333333334,0.30959752321981426,0.24213075060532688,0.07256160715847448
2017/2018,2017-08-06,Leon,Cruz Azul,2,2,0,football-data,2.65,3.49,2.77,2.7,3.49,2.9,2.54,3.22,2.71,0.37735849056603776,0.28653295128939826,0.36101083032490977,0.024902272180345797,0.37037037037037035,0.28653295128939826,0.3448275862068966,0.0017309078666651878,0.39370078740157477,0.3105590062111801,0.36900369003690037,0.07326348364965529
2017/2018,2017-08-06,Tigres UANL,Queretaro,1,1,0,football-data,1.4,4.84,9.66,1.44,4.9,9.66,1.38,4.48,8.09,0.7142857142857143,0.2066115702479339,0.10351966873706003,0.02441695327070814,0.6944444444444444,0.2040816326530612,0.10351966873706003,0.0020457458345657376,0.7246376811594204,0.2232142857142857,0.12360939431396786,0.07146136118767399
2017/2018,2017-08-06,Toluca,Atlas,3,2,1,football-data,1.99,3.59,4.08,2.02,3.6,4.25,1.92,3.38,3.87,0.5025125628140703,0.2785515320334262,0.24509803921568626,0.026162134063182796,0.49504950495049505,0.2777777777777778,0.23529411764705882,0.0081214003753316,0.5208333333333334,0.2958579881656805,0.25839793281653745,0.07508925431555147
2017/2018,2017-08-07,Veracruz,Puebla,2,0,1,football-data,2.86,3.26,2.71,2.86,3.28,2.85,2.67,3.11,2.64,0.3496503496503497,0.3067484662576687,0.36900369003690037,0.025402505944918774,0.3496503496503497,0.3048780487804878,0.3508771929824561,0.005405591413293553,0.37453183520599254,0.3215434083601286,0.3787878787878788,0.07486312235399994
2017/2018,2017-08-12,Atlas,America,0,1,-1,football-data,2.82,3.31,2.71,2.82,3.35,3.04,2.64,3.13,2.66,0.3546099290780142,0.3021148036253776,0.36900369003690037,0.02572842274029208,0.3546099290780142,0.29850746268656714,0.32894736842105265,-0.017935239814365955,0.3787878787878788,0.3194888178913738,0.37593984962406013,0.07421654630331265
2017/2018,2017-08-12,Cruz Azul,Toluca,0,0,0,football-data,1.99,3.55,4.14,2.15,3.55,4.14,1.99,3.29,3.7,0.5025125628140703,0.28169014084507044,0.24154589371980678,0.025748597378947524,0.46511627906976744,0.28169014084507044,0.24154589371980678,-0.011647686365355403,0.5025125628140703,0.303951367781155,0.27027027027027023,0.07673420086549543
2017/2018,2017-08-12,Puebla,Tijuana,1,1,0,football-data,2.19,3.37,3.66,2.3,3.4,3.86,2.16,3.21,3.33,0.4566210045662101,0.29673590504451036,0.27322404371584696,0.026580953326567514,0.4347826086956522,0.29411764705882354,0.2590673575129534,-0.012032386732570899,0.4629629629629629,0.3115264797507788,0.3003003003003003,0.07478974301404184
2017/2018,2017-08-12,Queretaro,Morelia,2,1,1,football-data,2.31,3.4,3.35,2.35,3.4,3.4,2.23,3.21,3.18,0.4329004329004329,0.29411764705882354,0.29850746268656714,0.02552554264582363,0.425531914893617,0.29411764705882354,0.29411764705882354,0.013767209011264159,0.4484304932735426,0.3115264797507788,0.31446540880503143,0.07442238182935279
2017/2018,2017-08-13,Monterrey,Guadalajara,4,1,1,football-data,1.68,4.01,5.46,1.7,4.01,5.57,1.65,3.72,5.08,0.5952380952380952,0.24937655860349128,0.18315018315018314,0.02776483699176957,0.5882352941176471,0.24937655860349128,0.17953321364452424,0.017145066365662487,0.6060606060606061,0.26881720430107525,0.19685039370078738,0.07172820406246871
2017/2018,2017-08-13,Necaxa,Leon,0,3,-1,football-data,3.38,3.56,2.23,3.44,3.56,3.0,3.1,3.28,2.24,0.2958579881656805,0.2808988764044944,0.4484304932735426,0.025187357843717395,0.29069767441860467,0.2808988764044944,0.3333333333333333,-0.09507011584356762,0.3225806451612903,0.3048780487804878,0.4464285714285714,0.07388726537034951
2017/2018,2017-08-13,Pachuca,Tigres UANL,2,1,1,football-data,2.94,3.3,2.62,2.96,3.3,2.7,2.74,3.11,2.56,0.3401360544217687,0.30303030303030304,0.38167938931297707,0.024845746765048915,0.33783783783783783,0.30303030303030304,0.37037037037037035,0.011238511238511162,0.36496350364963503,0.3215434083601286,0.390625,0.07713191200976377
2017/2018,2017-08-13,Pumas UNAM,Lobos BUAP,2,0,1,football-data,2.19,3.71,3.34,2.29,3.71,3.45,2.14,3.46,3.14,0.4566210045662101,0.2695417789757412,0.29940119760479045,0.025563981146741632,0.4366812227074236,0.2695417789757412,0.2898550724637681,-0.003921925853067165,0.4672897196261682,0.28901734104046245,0.3184713375796178,0.07477839824624843
2017/2018,2017-08-14,Santos Laguna,Veracruz,2,3,-1,football-data,1.47,4.56,7.91,1.53,4.56,7.91,1.47,4.16,6.52,0.6802721088435374,0.2192982456140351,0.1264222503160556,0.02599260477362808,0.6535947712418301,0.2192982456140351,0.1264222503160556,-0.0006847328280792375,0.6802721088435374,0.24038461538461536,0.15337423312883436,0.07403095735698706
2017/2018,2017-08-19,Cruz Azul,Atlas,2,1,1,football-data,1.68,3.93,5.76,1.7,3.98,6.0,1.62,3.67,5.45,0.5952380952380952,0.2544529262086514,0.1736111111111111,0.023302132557857735,0.5882352941176471,0.25125628140703515,0.16666666666666666,0.006158242191348862,0.6172839506172839,0.2724795640326976,0.18348623853211007,0.07324975318209148
2017/2018,2017-08-19,Lobos BUAP,America,2,3,-1,football-data,3.31,3.43,2.32,3.46,3.52,2.32,3.14,3.24,2.23,0.3021148036253776,0.29154518950437314,0.4310344827586207,0.024694475888371592,0.28901734104046245,0.2840909090909091,0.4310344827586207,0.00414273288999234,0.3184713375796178,0.30864197530864196,0.4484304932735426,0.07554380616180234
2017/2018,2017-08-19,Morelia,Pachuca,1,2,-1,football-data,2.76,3.4,2.71,2.99,3.4,2.74,2.69,3.17,2.56,0.3623188405797102,0.29411764705882354,0.36900369003690037,0.02544017767543405,0.33444816053511706,0.29411764705882354,0.36496350364963503,-0.006470688756424314,0.3717472118959108,0.31545741324921134,0.390625,0.07782962514512226
2017/2018,2017-08-19,Tijuana,Santos Laguna,2,0,1,football-data,2.31,3.44,3.33,2.45,3.52,3.33,2.29,3.23,3.06,0.4329004329004329,0.29069767441860467,0.3003003003003003,0.023898407619337814,0.4081632653061224,0.2840909090909091,0.3003003003003003,-0.007445525302668177,0.4366812227074236,0.30959752321981426,0.32679738562091504,0.07307613154815296
2017/2018,2017-08-20,Guadalajara,Puebla,0,1,-1,football-data,1.98,3.47,4.31,2.09,3.48,4.31,2.0,3.28,3.71,0.5050505050505051,0.2881844380403458,0.2320185614849188,0.025253504575769803,0.47846889952153115,0.28735632183908044,0.2320185614849188,-0.002156217154469564,0.5,0.3048780487804878,0.2695417789757412,0.07441982775622913
2017/2018,2017-08-20,Leon,Monterrey,1,2,-1,football-data,3.12,3.73,2.29,3.12,3.73,2.4,2.92,3.38,2.28,0.3205128205128205,0.2680965147453083,0.4366812227074236,0.025290557965552463,0.3205128205128205,0.2680965147453083,0.4166666666666667,0.005276001924795493,0.3424657534246575,0.2958579881656805,0.4385964912280702,0.07692023281840821
2017/2018,2017-08-20,Tigres UANL,Pumas UNAM,2,0,1,football-data,1.44,4.79,8.3,1.46,4.8,8.98,1.41,4.38,7.42,0.6944444444444444,0.20876826722338204,0.12048192771084336,0.02369463937866989,0.684931506849315,0.20833333333333334,0.11135857461024498,0.00462341479289341,0.7092198581560284,0.22831050228310504,0.1347708894878706,0.07230124992700393
2017/2018,2017-08-20,Toluca,Necaxa,0,0,0,football-data,1.71,3.86,5.51,1.79,3.86,5.51,1.73,3.54,4.7,0.5847953216374269,0.2590673575129534,0.18148820326678766,0.025350882417167986,0.5586592178770949,0.2590673575129534,0.18148820326678766,-0.0007852213431640553,0.5780346820809249,0.2824858757062147,0.2127659574468085,0.07328651523394814
2017/2018,2017-08-20,Veracruz,Queretaro,1,1,0,football-data,2.59,3.32,2.96,3.0,3.32,3.0,2.51,3.12,2.81,0.3861003861003861,0.30120481927710846,0.33783783783783783,0.02514304321533256,0.3333333333333333,0.30120481927710846,0.3333333333333333,-0.032128514056224855,0.39840637450199207,0.3205128205128205,0.35587188612099646,0.07479108113580901
2017/2018,2017-08-23,Atlas,Lobos BUAP,1,1,0,football-data,2.15,3.68,3.47,2.15,3.68,3.6,2.04,3.46,3.38,0.46511627906976744,0.2717391304347826,0.2881844380403458,0.025039847544895855,0.46511627906976744,0.2717391304347826,0.2777777777777778,0.014633187282327764,0.49019607843137253,0.28901734104046245,0.2958579881656805,0.07507140763751541
2017/2018,2017-08-23,Pachuca,Veracruz,4,1,1,football-data,1.56,4.15,6.9,1.57,4.2,7.5,1.51,3.98,6.17,0.641025641025641,0.24096385542168672,0.14492753623188406,0.02691703267921186,0.6369426751592356,0.23809523809523808,0.13333333333333333,0.008371246587806969,0.6622516556291391,0.25125628140703515,0.1620745542949757,0.07558249133115003
2017/2018,2017-08-23,Pumas UNAM,Morelia,1,2,-1,football-data,2.39,3.59,3.04,2.44,3.59,3.05,2.33,3.33,2.89,0.41841004184100417,0.2785515320334262,0.32894736842105265,0.025908942295483017,0.4098360655737705,0.2785515320334262,0.3278688524590164,0.016256450066213013,0.4291845493562232,0.3003003003003003,0.3460207612456747,0.07550561090219832
2017/2018,2017-08-23,Queretaro,Tijuana,1,3,-1,football-data,2.08,3.5,3.86,2.13,3.5,3.9,2.02,3.3,3.59,0.4807692307692307,0.2857142857142857,0.2590673575129534,0.025550873996469825,0.4694835680751174,0.2857142857142857,0.25641025641025644,0.01160811019965946,0.49504950495049505,0.30303030303030304,0.2785515320334262,0.07663134001422423
2017/2018,2017-08-24,America,Tigres UANL,2,2,0,football-data,2.58,3.27,3.01,2.75,3.27,3.07,2.53,3.03,2.86,0.38759689922480617,0.3058103975535168,0.33222591362126247,0.025633210399585327,0.36363636363636365,0.3058103975535168,0.32573289902280134,-0.0048203397873182174,0.3952569169960475,0.33003300330033003,0.3496503496503497,0.0749402699467272
2017/2018,2017-08-24,Monterrey,Toluca,4,1,1,football-data,1.57,4.24,6.58,1.61,4.25,6.58,1.55,3.93,5.65,0.6369426751592356,0.23584905660377356,0.1519756838905775,0.024767415653586644,0.6211180124223602,0.23529411764705882,0.1519756838905775,0.008387813959996437,0.6451612903225806,0.2544529262086514,0.17699115044247787,0.0766053669737099
2017/2018,2017-08-24,Necaxa,Cruz Azul,1,1,0,football-data,3.71,3.25,2.24,3.75,3.26,2.26,3.35,3.12,2.19,0.2695417789757412,0.3076923076923077,0.4464285714285714,0.02366265809662038,0.26666666666666666,0.3067484662576687,0.4424778761061947,0.015893009030530036,0.29850746268656714,0.3205128205128205,0.4566210045662101,0.07564128776559764
2017/2018,2017-08-24,Puebla,Leon,0,1,-1,football-data,2.67,3.6,2.68,2.7,3.6,2.71,2.55,3.3,2.62,0.37453183520599254,0.2777777777777778,0.3731343283582089,0.025443941341979137,0.37037037037037035,0.2777777777777778,0.36900369003690037,0.017151838185048618,0.3921568627450981,0.30303030303030304,0.38167938931297707,0.07686655508837825
2017/2018,2017-08-24,Santos Laguna,Guadalajara,1,1,0,football-data,2.24,3.49,3.42,2.3,3.49,3.65,2.15,3.3,3.27,0.4464285714285714,0.28653295128939826,0.29239766081871343,0.025359183536683094,0.4347826086956522,0.28653295128939826,0.273972602739726,-0.004711837275223507,0.46511627906976744,0.30303030303030304,0.3058103975535168,0.07395697965358727
2017/2018,2017-08-26,Cruz Azul,Monterrey,1,1,0,football-data,2.73,3.25,2.85,2.8,3.3,2.88,2.6,3.14,2.69,0.3663003663003663,0.3076923076923077,0.3508771929824561,0.02486986697513016,0.35714285714285715,0.30303030303030304,0.3472222222222222,0.007395382395382288,0.3846153846153846,0.3184713375796178,0.3717472118959108,0.07483393409091321
2017/2018,2017-08-26,Tijuana,Pachuca,2,1,1,football-data,2.31,3.5,3.26,2.41,3.58,3.8,2.23,3.3,3.09,0.4329004329004329,0.2857142857142857,0.3067484662576687,0.0253631848723872,0.41493775933609955,0.27932960893854747,0.2631578947368421,-0.042574736988511,0.4484304932735426,0.30303030303030304,0.3236245954692557,0.07508539177310136
2017/2018,2017-08-27,Guadalajara,Queretaro,0,0,0,football-data,1.96,3.44,4.48,2.0,3.5,4.55,1.92,3.26,4.0,0.5102040816326531,0.29069767441860467,0.2232142857142857,0.024116041765543272,0.5,0.2857142857142857,0.21978021978021978,0.005494505494505475,0.5208333333333334,0.3067484662576687,0.25,0.0775817995910022
2017/2018,2017-08-27,Leon,Santos Laguna,1,2,-1,football-data,2.06,3.69,3.71,2.08,3.77,3.72,2.02,3.53,3.35,0.4854368932038835,0.2710027100271003,0.2695417789757412,0.025981382206724968,0.4807692307692307,0.26525198938992045,0.26881720430107525,0.01483842446022643,0.49504950495049505,0.28328611898017,0.29850746268656714,0.07684308661723227
2017/2018,2017-08-27,Morelia,America,2,0,1,football-data,2.99,3.52,2.46,3.08,3.52,2.5,2.86,3.24,2.4,0.33444816053511706,0.2840909090909091,0.4065040650406504,0.025043134666676625,0.3246753246753247,0.2840909090909091,0.4,0.008766233766233977,0.3496503496503497,0.30864197530864196,0.4166666666666667,0.07495899162565833
2017/2018,2017-08-27,Necaxa,Atlas,2,1,1,football-data,2.41,3.35,3.21,2.41,3.36,3.23,2.27,3.22,3.1,0.41493775933609955,0.29850746268656714,0.3115264797507788,0.02497170177344543,0.41493775933609955,0.2976190476190476,0.30959752321981426,0.02215433017496138,0.44052863436123346,0.3105590062111801,0.3225806451612903,0.07366828573370388
2017/2018,2017-08-27,Tigres UANL,Lobos BUAP,3,2,1,football-data,1.39,5.06,9.26,1.45,5.1,9.26,1.38,4.57,7.62,0.7194244604316548,0.19762845849802374,0.1079913606911447,0.02504427962082323,0.6896551724137931,0.19607843137254904,0.1079913606911447,-0.006275035522513184,0.7246376811594204,0.2188183807439825,0.13123359580052493,0.07468965770392777
2017/2018,2017-08-27,Toluca,Puebla,2,1,1,football-data,1.98,3.53,4.22,2.0,3.53,4.3,1.93,3.37,3.83,0.5050505050505051,0.28328611898017,0.23696682464454977,0.025303448675224827,0.5,0.28328611898017,0.23255813953488372,0.015844258515053777,0.5181347150259068,0.29673590504451036,0.2610966057441253,0.07596722581454252
2017/2018,2017-08-28,Veracruz,Pumas UNAM,1,0,1,football-data,2.43,3.32,3.21,2.47,3.35,3.22,2.35,3.18,2.99,0.4115226337448559,0.30120481927710846,0.3115264797507788,0.024253932772743125,0.4048582995951417,0.29850746268656714,0.3105590062111801,0.013924768492888928,0.425531914893617,0.31446540880503143,0.33444816053511706,0.0744454842337654
2017/2018,2017-09-09,Lobos BUAP,Morelia,1,3,-1,football-data,2.2,3.76,3.29,2.27,3.76,3.29,2.17,3.45,3.1,0.45454545454545453,0.26595744680851063,0.303951367781155,0.024454269135120166,0.44052863436123346,0.26595744680851063,0.303951367781155,0.010437448950899153,0.4608294930875576,0.2898550724637681,0.3225806451612903,0.07326521071261594
2017/2018,2017-09-09,Puebla,Cruz Azul,0,0,0,football-data,3.37,3.31,2.35,3.38,3.31,2.4,3.13,3.15,2.28,0.29673590504451036,0.3021148036253776,0.425531914893617,0.024382623563504957,0.2958579881656805,0.3021148036253776,0.4166666666666667,0.014639458457724741,0.3194888178913738,0.31746031746031744,0.4385964912280702,0.07554562657976138
2017/2018,2017-09-09,Queretaro,Leon,1,2,-1,football-data,2.65,3.35,2.87,2.65,3.43,2.88,2.52,3.22,2.72,0.37735849056603776,0.29850746268656714,0.3484320557491289,0.024298009001733734,0.37735849056603776,0.29154518950437314,0.3472222222222222,0.01612590229263322,0.3968253968253968,0.3105590062111801,0.3676470588235294,0.07503146186010623
2017/2018,2017-09-10,America,Veracruz,2,0,1,football-data,1.42,4.71,9.34,1.45,4.9,9.46,1.4,4.39,7.62,0.7042253521126761,0.21231422505307856,0.10706638115631692,0.023605958322071574,0.6896551724137931,0.2040816326530612,0.10570824524312895,-0.0005549496900166817,0.7142857142857143,0.22779043280182235,0.13123359580052493,0.07330974288806158
2017/2018,2017-09-10,Monterrey,Necaxa,1,0,1,football-data,1.36,5.33,10.05,1.42,5.33,11.0,1.34,4.77,8.36,0.7352941176470588,0.18761726078799248,0.09950248756218905,0.02241386599724038,0.7042253521126761,0.18761726078799248,0.09090909090909091,-0.017248296190240486,0.7462686567164178,0.20964360587002098,0.11961722488038279,0.07552948746682153
2017/2018,2017-09-10,Pachuca,Guadalajara,1,3,-1,football-data,2.4,3.32,3.26,2.45,3.37,3.48,2.25,3.16,3.19,0.4166666666666667,0.30120481927710846,0.3067484662576687,0.024619952201443862,0.4081632653061224,0.29673590504451036,0.28735632183908044,-0.007744507810286794,0.4444444444444444,0.3164556962025316,0.31347962382445144,0.07437976447142747
2017/2018,2017-09-10,Pumas UNAM,Tijuana,0,2,-1,football-data,2.43,3.37,3.15,2.46,3.4,3.25,2.32,3.22,2.99,0.4115226337448559,0.29673590504451036,0.31746031746031744,0.02571885624968373,0.4065040650406504,0.29411764705882354,0.3076923076923077,0.008314019791781702,0.4310344827586207,0.3105590062111801,0.33444816053511706,0.07604164950491787
2017/2018,2017-09-11,Santos Laguna,Toluca,0,0,0,football-data,1.96,3.95,3.82,2.04,4.05,3.92,1.92,3.62,3.59,0.5102040816326531,0.2531645569620253,0.2617801047120419,0.025148743306720123,0.49019607843137253,0.2469135802469136,0.25510204081632654,-0.007788300505387369,0.5208333333333334,0.27624309392265195,0.2785515320334262,0.07562795928941157
2017/2018,2017-09-16,Cruz Azul,Santos Laguna,2,1,1,football-data,1.93,3.67,4.28,1.95,3.8,4.35,1.88,3.46,3.96,0.5181347150259068,0.2724795640326976,0.2336448598130841,0.0242591388716884,0.5128205128205129,0.2631578947368421,0.2298850574712644,0.005863465028619341,0.5319148936170213,0.28901734104046245,0.25252525252525254,0.07345748718273626
2017/2018,2017-09-16,Morelia,Tigres UANL,3,3,0,football-data,3.53,3.52,2.19,7.5,4.0,2.2,3.43,3.33,2.1,0.28328611898017,0.2840909090909091,0.4566210045662101,0.023998032637289057,0.13333333333333333,0.25,0.45454545454545453,-0.1621212121212121,0.29154518950437314,0.3003003003003003,0.47619047619047616,0.06803596599514972
2017/2018,2017-09-16,Tijuana,America,1,1,0,football-data,2.34,3.29,3.41,2.45,3.4,3.43,2.27,3.12,3.18,0.4273504273504274,0.303951367781155,0.29325513196480935,0.02455692709639168,0.4081632653061224,0.29411764705882354,0.29154518950437314,-0.0061738981306809215,0.44052863436123346,0.3205128205128205,0.31446540880503143,0.07550686367908543
2017/2018,2017-09-17,Guadalajara,Pumas UNAM,1,1,0,football-data,1.68,3.85,5.86,1.71,3.85,6.0,1.65,3.63,5.18,0.5952380952380952,0.2597402597402597,0.1706484641638225,0.02562681914217757,0.5847953216374269,0.2597402597402597,0.16666666666666666,0.011202248044353214,0.6060606060606061,0.27548209366391185,0.19305019305019305,0.07459289277471104
2017/2018,2017-09-17,Leon,Pachuca,3,1,1,football-data,2.21,3.74,3.29,2.24,3.85,3.43,2.1,3.53,3.17,0.45248868778280543,0.267379679144385,0.303951367781155,0.023819734708345308,0.4464285714285714,0.2597402597402597,0.29154518950437314,-0.0022859793267957507,0.47619047619047616,0.28328611898017,0.31545741324921134,0.07493400841985753
2017/2018,2017-09-17,Monterrey,Atlas,2,1,1,football-data,1.27,6.26,12.4,1.38,6.4,13.0,1.28,5.46,9.55,0.7874015748031495,0.1597444089456869,0.08064516129032258,0.027791145039159026,0.7246376811594204,0.15625,0.07692307692307693,-0.04218924191750273,0.78125,0.18315018315018314,0.10471204188481674,0.06911222503499981
2017/2018,2017-09-17,Necaxa,Puebla,1,1,0,football-data,2.21,3.3,3.71,2.25,3.4,3.81,2.16,3.17,3.39,0.45248868778280543,0.30303030303030304,0.2695417789757412,0.025060769788849635,0.4444444444444444,0.29411764705882354,0.26246719160104987,0.0010292831043179351,0.4629629629629629,0.31545741324921134,0.2949852507374631,0.07340562694963726
2017/2018,2017-09-17,Toluca,Queretaro,3,2,1,football-data,1.89,3.64,4.5,1.96,3.64,4.5,1.86,3.42,4.07,0.5291005291005292,0.2747252747252747,0.2222222222222222,0.02604802604802625,0.5102040816326531,0.2747252747252747,0.2222222222222222,0.00715157858014992,0.5376344086021505,0.29239766081871343,0.24570024570024568,0.07573231512110956
2017/2018,2017-09-18,Veracruz,Lobos BUAP,0,1,-1,football-data,2.5,3.38,3.04,2.58,3.4,3.09,2.42,3.26,2.81,0.4,0.2958579881656805,0.32894736842105265,0.024805356586733218,0.38759689922480617,0.29411764705882354,0.3236245954692557,0.005339141752885412,0.4132231404958678,0.3067484662576687,0.35587188612099646,0.07584349287453285
2017/2018,2017-09-27,Guadalajara,Lobos BUAP,1,2,-1,football-data,1.68,3.75,6.05,1.8,3.9,6.4,1.66,3.6,5.21,0.5952380952380952,0.26666666666666666,0.1652892561983471,0.027194018103108952,0.5555555555555556,0.25641025641025644,0.15625,-0.03178418803418803,0.6024096385542169,0.2777777777777778,0.19193857965451055,0.07212599598650526
2017/2018,2017-09-27,Puebla,Atlas,1,2,-1,football-data,2.03,3.43,4.16,2.1,3.43,4.16,2.0,3.3,3.68,0.4926108374384237,0.29154518950437314,0.24038461538461536,0.024540642327412154,0.47619047619047616,0.29154518950437314,0.24038461538461536,0.00812028107946472,0.5,0.30303030303030304,0.2717391304347826,0.07476943346508547
2017/2018,2017-09-27,Tijuana,Tigres UANL,0,1,-1,football-data,,,,2.88,3.48,2.67,2.69,3.25,2.47,,,,,0.3472222222222222,0.28735632183908044,0.37453183520599254,0.009110379267295077,0.3717472118959108,0.3076923076923077,0.4048582995951417,0.08429781918336032
2017/2018,2017-09-27,Veracruz,Morelia,2,1,1,football-data,3.0,3.44,2.49,3.0,3.44,2.6,2.81,3.22,2.46,0.3333333333333333,0.29069767441860467,0.4016064257028112,0.025637433454749115,0.3333333333333333,0.29069767441860467,0.3846153846153846,0.008646392367322564,0.35587188612099646,0.3105590062111801,0.4065040650406504,0.07293495737282685
2017/2018,2017-09-28,Leon,America,2,1,1,football-data,2.44,3.54,3.01,2.47,3.6,3.14,2.35,3.37,2.85,0.4098360655737705,0.2824858757062147,0.33222591362126247,0.024547854901247668,0.4048582995951417,0.2777777777777778,0.3184713375796178,0.001107414952537189,0.425531914893617,0.29673590504451036,0.3508771929824561,0.07314501292058351
2017/2018,2017-09-28,Necaxa,Queretaro,1,0,1,football-data,2.38,3.27,3.36,2.38,3.28,3.45,2.25,3.14,3.19,0.42016806722689076,0.3058103975535168,0.2976190476190476,0.02359751239945518,0.42016806722689076,0.3048780487804878,0.2898550724637681,0.014901188471146742,0.4444444444444444,0.3184713375796178,0.31347962382445144,0.07639540584851368
2017/2018,2017-09-28,Pachuca,Cruz Azul,4,0,1,football-data,2.61,3.39,2.88,2.71,3.39,3.05,2.47,3.17,2.81,0.3831417624521073,0.2949852507374631,0.3472222222222222,0.02534923541179257,0.36900369003690037,0.2949852507374631,0.3278688524590164,-0.00814220676662003,0.4048582995951417,0.31545741324921134,0.35587188612099646,0.07618759896534955
2017/2018,2017-09-28,Toluca,Pumas UNAM,2,1,1,football-data,1.76,3.88,4.99,1.78,3.95,5.1,1.72,3.67,4.54,0.5681818181818182,0.2577319587628866,0.2004008016032064,0.026314578547911305,0.5617977528089888,0.2531645569620253,0.19607843137254904,0.011040741143563126,0.5813953488372093,0.2724795640326976,0.22026431718061673,0.0741392300505237
2017/2018,2017-09-30,Atlas,Veracruz,2,0,1,football-data,2.04,3.49,4.02,2.05,3.58,4.4,1.95,3.36,3.8,0.49019607843137253,0.28653295128939826,0.24875621890547267,0.02548524862624335,0.48780487804878053,0.27932960893854747,0.22727272727272727,-0.005592785739944706,0.5128205128205129,0.2976190476190476,0.2631578947368421,0.07359745517640248
2017/2018,2017-09-30,Lobos BUAP,Leon,0,3,-1,football-data,2.67,3.71,2.62,2.68,3.76,2.63,2.57,3.45,2.52,0.37453183520599254,0.2695417789757412,0.38167938931297707,0.02575300349471088,0.3731343283582089,0.26595744680851063,0.3802281368821293,0.019319912048848753,0.38910505836575876,0.2898550724637681,0.3968253968253968,0.07578552765492375
2017/2018,2017-09-30,Morelia,Tijuana,3,0,1,football-data,2.47,3.29,3.17,2.59,3.4,3.17,2.38,3.2,2.95,0.4048582995951417,0.303951367781155,0.31545741324921134,0.024267080625508086,0.3861003861003861,0.29411764705882354,0.31545741324921134,-0.004324553591579017,0.42016806722689076,0.3125,0.3389830508474576,0.07165111807434843
2017/2018,2017-09-30,Queretaro,Monterrey,2,2,0,football-data,4.78,3.62,1.85,4.8,3.74,1.88,4.35,3.47,1.8,0.20920502092050208,0.27624309392265195,0.5405405405405405,0.025988655383694548,0.20833333333333334,0.267379679144385,0.5319148936170213,0.007627906094739512,0.2298850574712644,0.2881844380403458,0.5555555555555556,0.07362505106716588
2017/2018,2017-10-01,Pachuca,Necaxa,0,0,0,football-data,1.93,3.63,4.34,2.0,3.8,4.75,1.8,3.55,4.23,0.5181347150259068,0.27548209366391185,0.2304147465437788,0.024031555233597457,0.5,0.2631578947368421,0.21052631578947367,-0.026315789473684292,0.5555555555555556,0.28169014084507044,0.23640661938534277,0.07365231578596876
2017/2018,2017-10-01,Pumas UNAM,Cruz Azul,1,4,-1,football-data,4.18,3.6,1.97,4.4,3.6,2.0,3.99,3.41,1.89,0.23923444976076558,0.2777777777777778,0.5076142131979695,0.024626440736512878,0.22727272727272727,0.2777777777777778,0.5,0.005050505050505194,0.2506265664160401,0.29325513196480935,0.5291005291005292,0.07298222748137873
2017/2018,2017-10-01,Tigres UANL,Guadalajara,1,0,1,football-data,1.79,3.57,5.42,1.81,3.65,5.42,1.74,3.45,4.75,0.5586592178770949,0.2801120448179272,0.18450184501845018,0.02327310771347224,0.5524861878453039,0.273972602739726,0.18450184501845018,0.010960635603480151,0.5747126436781609,0.2898550724637681,0.21052631578947367,0.07509403193140263
2017/2018,2017-10-01,Toluca,America,1,2,-1,football-data,3.04,3.23,2.59,3.04,3.3,2.84,2.78,3.13,2.49,0.32894736842105265,0.30959752321981426,0.3861003861003861,0.024645277741253135,0.32894736842105265,0.30303030303030304,0.35211267605633806,-0.01590965249230636,0.3597122302158274,0.3194888178913738,0.4016064257028112,0.08080747381001241
2017/2018,2017-10-02,Santos Laguna,Puebla,0,0,0,football-data,2.01,3.6,4.0,2.02,3.75,4.6,1.89,3.49,3.86,0.49751243781094534,0.2777777777777778,0.25,0.02529021558872313,0.49504950495049505,0.26666666666666666,0.2173913043478261,-0.020892524035012183,0.5291005291005292,0.28653295128939826,0.2590673575129534,0.07470083790288085
2017/2018,2017-10-12,Toluca,Lobos BUAP,3,1,1,football-data,1.68,4.14,5.3,1.75,4.25,5.3,1.67,3.83,4.66,0.5952380952380952,0.24154589371980678,0.18867924528301888,0.025463234240920896,0.5714285714285714,0.23529411764705882,0.18867924528301888,-0.004598065641350901,0.5988023952095809,0.2610966057441253,0.2145922746781116,0.0744912756318179
2017/2018,2017-10-14,Cruz Azul,America,1,3,-1,football-data,2.31,3.46,3.29,2.37,3.46,3.29,2.26,3.26,3.07,0.4329004329004329,0.28901734104046245,0.303951367781155,0.025869141722050237,0.42194092827004215,0.28901734104046245,0.303951367781155,0.014909637091659489,0.4424778761061947,0.3067484662576687,0.32573289902280134,0.07495924138666465
2017/2018,2017-10-14,Puebla,Queretaro,2,2,0,football-data,2.24,3.27,3.68,2.27,3.3,3.72,2.15,3.15,3.4,0.4464285714285714,0.3058103975535168,0.2717391304347826,0.02397809941687079,0.44052863436123346,0.30303030303030304,0.26881720430107525,0.012376141692611808,0.46511627906976744,0.31746031746031744,0.29411764705882354,0.07669424358890842
2017/2018,2017-10-14,Tijuana,Veracruz,0,0,0,football-data,1.57,4.17,6.8,1.58,4.2,7.5,1.53,3.89,6.1,0.6369426751592356,0.23980815347721823,0.14705882352941177,0.023809652165865502,0.6329113924050632,0.23809523809523808,0.13333333333333333,0.0043399638336345525,0.6535947712418301,0.2570694087403599,0.1639344262295082,0.07459860621169812
2017/2018,2017-10-15,Guadalajara,Morelia,1,2,-1,football-data,2.27,3.35,3.5,3.6,3.6,4.2,2.11,3.3,3.47,0.44052863436123346,0.29850746268656714,0.2857142857142857,0.024750382762086298,0.2777777777777778,0.2777777777777778,0.23809523809523808,-0.20634920634920628,0.47393364928909953,0.30303030303030304,0.2881844380403458,0.06514839035974829
2017/2018,2017-10-15,Leon,Tigres UANL,1,0,1,football-data,2.73,3.54,2.66,2.8,3.65,2.68,2.63,3.32,2.52,0.3663003663003663,0.2824858757062147,0.37593984962406013,0.0247260916306411,0.35714285714285715,0.273972602739726,0.3731343283582089,0.004249788240792141,0.3802281368821293,0.30120481927710846,0.3968253968253968,0.07825835298463457
2017/2018,2017-10-15,Monterrey,Pachuca,2,0,1,football-data,1.4,4.92,9.15,1.6,4.95,9.5,1.4,4.47,7.41,0.7142857142857143,0.2032520325203252,0.1092896174863388,0.026827364292378197,0.625,0.20202020202020202,0.10526315789473684,-0.06771664008506117,0.7142857142857143,0.2237136465324385,0.1349527665317139,0.07295212734986678
2017/2018,2017-10-15,Necaxa,Pumas UNAM,0,0,0,football-data,1.99,3.6,4.06,2.01,3.6,4.2,1.92,3.41,3.83,0.5025125628140703,0.2777777777777778,0.24630541871921185,0.026595759311059952,0.49751243781094534,0.2777777777777778,0.23809523809523808,0.013385453683961268,0.5208333333333334,0.29325513196480935,0.2610966057441253,0.0751850710422679
2017/2018,2017-10-16,Santos Laguna,Atlas,0,1,-1,football-data,1.79,3.73,5.02,1.8,3.96,5.25,1.74,3.61,4.47,0.5586592178770949,0.2680965147453083,0.19920318725099603,0.025958919873399378,0.5555555555555556,0.25252525252525254,0.19047619047619047,-0.0014430014430013571,0.5747126436781609,0.2770083102493075,0.2237136465324385,0.07543460045990691
2017/2018,2017-10-18,Atlas,Morelia,0,1,-1,football-data,2.51,3.56,2.89,2.56,3.56,2.94,2.42,3.28,2.79,0.39840637450199207,0.2808988764044944,0.3460207612456747,0.025326012152161237,0.390625,0.2808988764044944,0.3401360544217687,0.011659930826263043,0.4132231404958678,0.3048780487804878,0.35842293906810035,0.07652412834445599
2017/2018,2017-10-18,Lobos BUAP,Tijuana,1,2,-1,football-data,2.38,3.59,3.07,2.55,3.59,3.07,2.38,3.3,2.85,0.42016806722689076,0.2785515320334262,0.32573289902280134,0.024452498283118462,0.3921568627450981,0.2785515320334262,0.32573289902280134,-0.0035587061986743773,0.42016806722689076,0.30303030303030304,0.3508771929824561,0.07407556323964992
2017/2018,2017-10-18,Pumas UNAM,Leon,2,0,1,football-data,3.2,4.08,2.14,3.42,4.08,2.23,3.16,3.6,2.08,0.3125,0.24509803921568626,0.4672897196261682,0.024887758841854568,0.29239766081871343,0.24509803921568626,0.4484304932735426,-0.0140738066920576,0.3164556962025316,0.2777777777777778,0.4807692307692307,0.07500270474954007
2017/2018,2017-10-18,Queretaro,Cruz Azul,1,2,-1,football-data,3.0,3.41,2.51,3.08,3.41,2.62,2.84,3.17,2.45,0.3333333333333333,0.29325513196480935,0.39840637450199207,0.024994839800134727,0.3246753246753247,0.29325513196480935,0.38167938931297707,-0.0003901540468889131,0.35211267605633806,0.31545741324921134,0.4081632653061224,0.07573335461167185
2017/2018,2017-10-18,Tigres UANL,Veracruz,1,0,1,football-data,1.34,5.44,10.34,1.37,5.6,10.34,1.32,4.93,8.68,0.7462686567164178,0.1838235294117647,0.09671179883945842,0.026803984967640915,0.7299270072992701,0.17857142857142858,0.09671179883945842,0.0052102347101570246,0.7575757575757576,0.20283975659229211,0.1152073732718894,0.07562288743993917
2017/2018,2017-10-19,America,Guadalajara,2,1,1,football-data,2.01,3.49,4.13,2.08,3.6,4.25,1.96,3.32,3.79,0.49751243781094534,0.28653295128939826,0.24213075060532688,0.026176139705670565,0.4807692307692307,0.2777777777777778,0.23529411764705882,-0.006158873805932608,0.5102040816326531,0.30120481927710846,0.2638522427440633,0.07526114365382486
2017/2018,2017-10-19,Pachuca,Toluca,2,2,0,football-data,2.09,3.66,3.66,2.15,3.66,3.66,2.04,3.44,3.39,0.47846889952153115,0.27322404371584696,0.27322404371584696,0.024916986953225084,0.46511627906976744,0.27322404371584696,0.27322404371584696,0.011564366501461532,0.49019607843137253,0.29069767441860467,0.2949852507374631,0.07587900358744037
2017/2018,2017-10-19,Puebla,Monterrey,2,0,1,football-data,4.12,3.68,1.96,4.35,3.68,1.97,3.85,3.44,1.9,0.24271844660194175,0.2717391304347826,0.5102040816326531,0.024661658669377307,0.2298850574712644,0.2717391304347826,0.5076142131979695,0.009238401104016525,0.2597402597402597,0.29069767441860467,0.5263157894736842,0.07675372363254862
2017/2018,2017-10-19,Santos Laguna,Necaxa,3,2,1,football-data,1.95,3.55,4.33,1.97,3.65,4.33,1.88,3.46,3.95,0.5128205128205129,0.28169014084507044,0.23094688221709006,0.02545753588267341,0.5076142131979695,0.273972602739726,0.23094688221709006,0.012533698154785666,0.5319148936170213,0.28901734104046245,0.2531645569620253,0.074096791619509
2017/2018,2017-10-21,Atlas,Tijuana,1,0,1,football-data,3.1,3.2,2.57,3.1,3.21,3.0,2.84,3.07,2.52,0.3225806451612903,0.3125,0.38910505836575876,0.024185703527048963,0.3225806451612903,0.3115264797507788,0.3333333333333333,-0.03255954175459763,0.35211267605633806,0.32573289902280134,0.3968253968253968,0.0746709719045362
2017/2018,2017-10-21,Lobos BUAP,Cruz Azul,3,0,1,football-data,3.31,3.63,2.24,3.32,3.65,2.26,3.13,3.39,2.17,0.3021148036253776,0.27548209366391185,0.4464285714285714,0.02402546871786093,0.30120481927710846,0.273972602739726,0.4424778761061947,0.01765529812302913,0.3194888178913738,0.2949852507374631,0.4608294930875576,0.07530356171639463
2017/2018,2017-10-21,Morelia,Leon,0,0,0,football-data,2.88,3.54,2.53,2.93,3.62,2.7,2.68,3.35,2.48,0.3472222222222222,0.2824858757062147,0.3952569169960475,0.02496501492448422,0.341296928327645,0.27624309392265195,0.37037037037037035,-0.012089607379332734,0.3731343283582089,0.29850746268656714,0.40322580645161293,0.07486759749638905
2017/2018,2017-10-21,Queretaro,Santos Laguna,1,2,-1,football-data,2.61,3.41,2.87,2.66,3.45,3.0,2.45,3.24,2.77,0.3831417624521073,0.29325513196480935,0.3484320557491289,0.02482895016604547,0.37593984962406013,0.2898550724637681,0.3333333333333333,-0.0008717445788384293,0.4081632653061224,0.30864197530864196,0.36101083032490977,0.07781607093967402
2017/2018,2017-10-22,America,Necaxa,0,1,-1,football-data,2.06,3.49,3.94,2.09,3.64,4.3,1.95,3.39,3.77,0.4854368932038835,0.28653295128939826,0.25380710659898476,0.02577695109226652,0.47846889952153115,0.2747252747252747,0.23255813953488372,-0.014247686218310518,0.5128205128205129,0.2949852507374631,0.26525198938992045,0.0730577529478964
2017/2018,2017-10-22,Pachuca,Puebla,1,0,1,football-data,2.1,3.57,3.73,2.11,3.66,3.92,2.01,3.41,3.52,0.47619047619047616,0.2801120448179272,0.2680965147453083,0.024399035753711606,0.47393364928909953,0.27322404371584696,0.25510204081632654,0.002259733821273091,0.49751243781094534,0.29325513196480935,0.2840909090909091,0.07485847886666375
2017/2018,2017-10-22,Pumas UNAM,Monterrey,0,1,-1,football-data,3.49,3.57,2.18,4.5,3.8,2.19,3.57,3.4,2.01,0.28653295128939826,0.2801120448179272,0.4587155963302752,0.025360592437600582,0.2222222222222222,0.2631578947368421,0.4566210045662101,-0.057998878474725624,0.2801120448179272,0.29411764705882354,0.49751243781094534,0.07174212968769611
2017/2018,2017-10-22,Tigres UANL,Toluca,3,0,1,football-data,1.57,4.15,6.68,1.65,4.2,6.68,1.58,3.83,5.53,0.6369426751592356,0.24096385542168672,0.14970059880239522,0.027607129383317552,0.6060606060606061,0.23809523809523808,0.14970059880239522,-0.006143557041760728,0.6329113924050632,0.2610966057441253,0.18083182640144665,0.0748398245506352
2017/2018,2017-10-23,Veracruz,Guadalajara,2,3,-1,football-data,2.86,3.26,2.71,3.45,3.26,2.74,2.82,3.09,2.51,0.3496503496503497,0.3067484662576687,0.36900369003690037,0.025402505944918774,0.2898550724637681,0.3067484662576687,0.36496350364963503,-0.03843295762892818,0.3546099290780142,0.3236245954692557,0.39840637450199207,0.07664089904926197
2017/2018,2017-10-28,Cruz Azul,Tigres UANL,1,2,-1,football-data,2.53,3.23,3.13,2.57,3.32,3.13,2.42,3.15,2.91,0.3952569169960475,0.30959752321981426,0.3194888178913738,0.024343258107235588,0.38910505836575876,0.30120481927710846,0.3194888178913738,0.009798695534241064,0.4132231404958678,0.31746031746031744,0.3436426116838488,0.07432606964003385
2017/2018,2017-10-28,Puebla,Pumas UNAM,3,0,1,football-data,2.22,3.38,3.6,2.28,3.45,3.6,2.14,3.23,3.37,0.4504504504504504,0.2958579881656805,0.2777777777777778,0.02408621639390862,0.4385964912280702,0.2898550724637681,0.2777777777777778,0.006229341469615957,0.4672897196261682,0.30959752321981426,0.29673590504451036,0.07362314789049296
2017/2018,2017-10-28,Queretaro,Atlas,2,2,0,football-data,2.39,3.31,3.28,2.41,3.4,3.28,2.3,3.19,3.05,0.41841004184100417,0.3021148036253776,0.3048780487804878,0.02540289424686959,0.41493775933609955,0.29411764705882354,0.3048780487804878,0.013933455175410892,0.4347826086956522,0.31347962382445144,0.3278688524590164,0.07613108497911991
2017/2018,2017-10-29,Guadalajara,Tijuana,3,1,1,football-data,2.65,3.16,3.02,2.65,3.3,3.13,2.43,3.1,2.91,0.37735849056603776,0.3164556962025316,0.33112582781456956,0.024940014583139103,0.37735849056603776,0.30303030303030304,0.3194888178913738,-0.0001223885122854096,0.4115226337448559,0.3225806451612903,0.3436426116838488,0.07774589058999504
2017/2018,2017-10-29,Leon,Veracruz,6,2,1,football-data,1.48,4.75,7.17,1.53,4.75,8.41,1.45,4.31,6.41,0.6756756756756757,0.21052631578947367,0.1394700139470014,0.025672005412150645,0.6535947712418301,0.21052631578947367,0.11890606420927467,-0.01697284875942162,0.6896551724137931,0.2320185614849188,0.15600624024961,0.07767997414832206
2017/2018,2017-10-29,Monterrey,America,2,0,1,football-data,1.93,3.6,4.4,2.1,4.61,4.5,1.8,3.56,3.97,0.5181347150259068,0.2777777777777778,0.22727272727272727,0.023185220076411772,0.47619047619047616,0.21691973969631234,0.2222222222222222,-0.08466756189098923,0.5555555555555556,0.2808988764044944,0.2518891687657431,0.08834360072579317
2017/2018,2017-10-29,Necaxa,Lobos BUAP,5,0,1,football-data,2.2,3.23,3.83,2.2,3.4,3.96,2.09,3.27,3.46,0.45454545454545453,0.30959752321981426,0.2610966057441253,0.025239583509394148,0.45454545454545453,0.29411764705882354,0.25252525252525254,0.0011883541295305555,0.47846889952153115,0.3058103975535168,0.28901734104046245,0.07329663811551046
2017/2018,2017-10-29,Toluca,Morelia,0,1,-1,football-data,1.99,3.67,4.02,2.03,3.67,4.05,1.96,3.44,3.65,0.5025125628140703,0.2724795640326976,0.24875621890547267,0.023748345752240496,0.4926108374384237,0.2724795640326976,0.2469135802469136,0.01200398171803485,0.5102040816326531,0.29069767441860467,0.273972602739726,0.0748743587909837
2017/2018,2017-10-30,Santos Laguna,Pachuca,2,2,0,football-data,2.03,3.97,3.58,2.1,3.97,3.67,1.98,3.61,3.38,0.4926108374384237,0.2518891687657431,0.27932960893854747,0.0238296151427142,0.47619047619047616,0.2518891687657431,0.2724795640326976,0.000559208988916815,0.5050505050505051,0.2770083102493075,0.2958579881656805,0.07791680346549312
2017/2018,2017-11-02,Atlas,Tigres UANL,1,1,0,football-data,3.84,3.57,2.06,3.9,3.62,2.15,3.59,3.34,2.01,0.2604166666666667,0.2801120448179272,0.4854368932038835,0.025965604688477306,0.25641025641025644,0.27624309392265195,0.46511627906976744,-0.002230370597324116,0.2785515320334262,0.29940119760479045,0.49751243781094534,0.07546516744916199
